MarketDate,RecordedAtUTC,Ticker,Exchange,Price,Score,Stage,Distance52wHighPct,VolumeRatio4wVs12w,RecoveryPct,BottomWeeks,InScreener,DataDate,WeeklyHigh,WeeklyLow
2026-08-03,2026-08-26T20:13:01.959529+00:00,FBK,NYSE,60.84,91.7,ブレイク接近,-0.5,1.41,97.0,16.0,True,,,
2026-08-03,2026-08-26T20:13:01.959529+00:00,ONC,NASDAQ,348.27,91.6,ブレイク接近,-4.8,1.77,85.8,7.0,True,,,
2026-08-03,2026-08-26T20:13:01.959529+00:00,QTWO,NYSE,62.81,90.8,右肩上がり確認,-23.6,1.24,77.9,7.0,True,,,
2026-08-03,2026-08-26T20:13:01.959529+00:00,CSW,NYSE,350.68,90.6,ブレイク接近,0.0,1.5,127.6,11.0,True,,,
2026-08-03,2026-08-26T20:13:01.959529+00:00,CTAS,NASDAQ,203.05,90.3,ブレイク接近,-5.5,1.37,100.0,12.0,True,,,
2026-08-03,2026-08-26T20:13:01.959529+00:00,TBBK,NASDAQ,69.64,90.1,ブレイク接近,-11.6,1.08,99.8,9.0,True,,,
2026-08-03,2026-08-26T20:13:01.959529+00:00,SSB,NYSE,108.12,89.0,ブレイク接近,0.0,1.22,109.0,10.0,True,,,
2026-08-03,2026-08-26T20:13:01.959529+00:00,RPM,NYSE,117.36,88.9,ブレイク接近,-6.1,1.42,101.5,5.0,True,,,
2026-08-03,2026-08-26T20:13:01.959529+00:00,HBAN,NASDAQ,17.55,88.7,右肩上がり確認,-7.2,1.39,66.0,8.0,True,,,
2026-08-03,2026-08-26T20:13:01.959529+00:00,MHK,NYSE,136.06,88.3,ブレイク接近,-2.3,1.3,109.5,10.0,True,,,
2026-08-03,2026-08-26T20:13:01.959529+00:00,RDNT,NASDAQ,72.39,88.3,ブレイク接近,-13.2,0.97,96.2,8.0,True,,,
2026-08-03,2026-08-26T20:13:01.959529+00:00,SBCF,NASDAQ,34.55,88.1,ブレイク接近,-0.5,1.21,98.0,14.0,True,,,
2026-08-03,2026-08-26T20:13:01.959529+00:00,UTZ,NYSE,14.11,87.8,ブレイク接近,-0.1,3.97,187.0,12.0,True,,,
2026-08-03,2026-08-26T20:13:01.959529+00:00,RITM,NYSE,10.19,87.8,右肩上がり確認,-10.9,1.38,65.7,6.0,True,,,
2026-08-03,2026-08-26T20:13:01.959529+00:00,GMAB,NASDAQ,31.25,87.7,右肩上がり確認,-8.8,1.19,70.1,14.0,True,,,
2026-08-03,2026-08-26T20:13:01.959529+00:00,APAM,NYSE,42.55,87.6,ブレイク接近,-1.7,1.38,99.5,15.0,True,,,
2026-08-03,2026-08-26T20:13:01.959529+00:00,FNB,NYSE,18.97,87.5,ブレイク接近,-1.4,1.49,111.8,8.0,True,,,
2026-08-03,2026-08-26T20:13:01.959529+00:00,ACAD,NASDAQ,29.21,87.3,ブレイク接近,0.0,1.17,138.0,16.0,True,,,
2026-08-03,2026-08-26T20:13:01.959529+00:00,DCI,NYSE,98.61,86.9,右肩上がり確認,-9.6,1.03,62.0,12.0,True,,,
2026-08-03,2026-08-26T20:13:01.959529+00:00,ATHM,NYSE,22.72,86.7,ブレイク接近,-20.0,1.22,106.0,7.0,True,,,
2026-08-03,2026-08-26T20:13:01.959529+00:00,RCL,NYSE,320.0,86.7,右肩上がり確認,-10.4,0.92,72.8,10.0,True,,,
2026-08-03,2026-08-26T20:13:01.959529+00:00,BCO,NYSE,112.19,86.2,底固め中,-13.9,1.42,50.2,6.0,True,,,
2026-08-03,2026-08-26T20:13:01.959529+00:00,SLM,NASDAQ,27.37,86.2,ブレイク接近,-11.9,1.04,101.1,4.0,True,,,
2026-08-03,2026-08-26T20:13:01.959529+00:00,MAIN,NYSE,58.94,85.9,右肩上がり確認,-5.5,1.06,81.6,11.0,True,,,
2026-08-03,2026-08-26T20:13:01.959529+00:00,HIPO,NYSE,32.62,85.6,ブレイク接近,-12.6,1.37,128.3,12.0,True,,,
2026-08-03,2026-08-26T20:13:01.959529+00:00,OMF,NYSE,64.95,85.6,ブレイク接近,-4.9,1.01,114.5,8.0,True,,,
2026-08-03,2026-08-26T20:13:01.959529+00:00,HALO,NASDAQ,103.12,85.4,ブレイク接近,0.0,1.38,211.7,8.0,True,,,
2026-08-03,2026-08-26T20:13:01.959529+00:00,MTB,NYSE,250.45,85.1,ブレイク接近,0.0,1.24,139.5,7.0,True,,,
2026-08-03,2026-08-26T20:13:01.959529+00:00,LYFT,NASDAQ,17.46,85.1,右肩上がり確認,-24.5,1.0,84.1,11.0,True,,,
2026-08-03,2026-08-26T20:13:01.959529+00:00,COF,NYSE,217.76,85.1,右肩上がり確認,-11.9,0.98,68.6,11.0,True,,,
2026-08-03,2026-08-26T20:13:01.959529+00:00,IBN,NYSE,30.22,85.0,ブレイク接近,-7.5,0.9,88.0,10.0,True,,,
2026-08-03,2026-08-26T20:13:01.959529+00:00,AN,NYSE,209.23,84.8,右肩上がり確認,-7.8,1.3,78.9,14.0,True,,,
2026-08-03,2026-08-26T20:13:01.959529+00:00,AGNC,NASDAQ,10.84,84.7,ブレイク接近,-2.3,1.52,89.3,5.0,True,,,
2026-08-03,2026-08-26T20:13:01.959529+00:00,MSA,NYSE,194.19,84.7,右肩上がり確認,-3.5,1.06,82.8,18.0,True,,,
2026-08-03,2026-08-26T20:13:01.959529+00:00,PHM,NYSE,132.9,84.6,右肩上がり確認,-6.4,1.11,71.8,8.0,True,,,
2026-08-03,2026-08-26T20:13:01.959529+00:00,AMP,NYSE,551.98,84.6,ブレイク接近,0.0,0.89,113.3,15.0,True,,,
2026-08-03,2026-08-26T20:13:01.959529+00:00,UCB,NYSE,35.51,84.5,ブレイク接近,-2.6,1.14,93.0,7.0,True,,,
2026-08-03,2026-08-26T20:13:01.959529+00:00,SSNC,NASDAQ,79.23,84.5,右肩上がり確認,-10.9,0.95,72.5,13.0,True,,,
2026-08-03,2026-08-26T20:13:01.959529+00:00,DASH,NASDAQ,216.26,84.3,ブレイク接近,-20.3,0.91,114.9,6.0,True,,,
2026-08-03,2026-08-26T20:13:01.959529+00:00,AMBP,NYSE,5.04,84.2,ブレイク接近,0.0,2.04,150.7,13.0,True,,,
2026-08-03,2026-08-26T20:13:01.959529+00:00,UPBD,NASDAQ,19.83,84.2,右肩上がり確認,-19.0,1.38,62.6,6.0,True,,,
2026-08-03,2026-08-26T20:13:01.959529+00:00,INCY,NASDAQ,120.56,83.7,ブレイク接近,0.0,1.24,167.3,11.0,True,,,
2026-08-03,2026-08-26T20:13:01.959529+00:00,LNC,NYSE,46.03,83.6,ブレイク接近,0.0,1.3,161.8,9.0,True,,,
2026-08-03,2026-08-26T20:13:01.959529+00:00,VEEV,NYSE,230.47,83.5,ブレイク接近,-22.2,0.57,111.7,6.0,True,,,
2026-08-03,2026-08-26T20:13:01.959529+00:00,HOMB,NYSE,30.81,83.4,ブレイク接近,-0.8,1.15,115.2,15.0,True,,,
2026-08-03,2026-08-26T20:13:01.959529+00:00,IQV,NYSE,238.7,83.4,ブレイク接近,-1.5,0.99,101.3,11.0,True,,,
2026-08-03,2026-08-26T20:13:01.959529+00:00,CMCO,NASDAQ,20.22,83.3,右肩上がり確認,-10.2,1.73,76.4,6.0,True,,,
2026-08-03,2026-08-26T20:13:01.959529+00:00,HAYW,NYSE,15.82,83.3,右肩上がり確認,-6.8,1.29,71.5,8.0,True,,,
2026-08-03,2026-08-26T20:13:01.959529+00:00,TRI,NASDAQ,101.83,83.1,底固め中,-41.0,1.42,55.7,7.0,True,,,
2026-08-03,2026-08-26T20:13:01.959529+00:00,FCNCA,NASDAQ,2218.49,83.1,ブレイク接近,0.0,1.11,113.5,6.0,True,,,
2026-08-03,2026-08-26T20:13:01.959529+00:00,FHN,NYSE,25.46,82.6,ブレイク接近,-1.5,1.78,90.8,5.0,True,,,
2026-08-03,2026-08-26T20:13:01.959529+00:00,MMM,NYSE,182.9,82.5,ブレイク接近,0.0,1.06,139.0,10.0,True,,,
2026-08-03,2026-08-26T20:13:01.959529+00:00,CRCT,NASDAQ,5.84,82.4,ブレイク接近,-10.7,1.56,242.8,7.0,True,,,
2026-08-03,2026-08-26T20:13:01.959529+00:00,AX,NYSE,100.04,82.4,ブレイク接近,-1.4,0.91,94.6,13.0,True,,,
2026-08-03,2026-08-26T20:13:01.959529+00:00,LW,NYSE,52.27,82.2,ブレイク接近,-18.8,1.46,127.9,7.0,True,,,
2026-08-03,2026-08-26T20:13:01.959529+00:00,DJCO,NASDAQ,564.69,82.1,底固め中,-15.0,1.54,50.5,5.0,True,,,
2026-08-03,2026-08-26T20:13:01.959529+00:00,EMR,NYSE,158.26,82.1,ブレイク接近,0.0,1.17,106.8,5.0,True,,,
2026-08-03,2026-08-26T20:13:01.959529+00:00,CRNX,NASDAQ,84.08,82.1,ブレイク接近,0.0,1.08,221.8,4.0,True,,,
2026-08-03,2026-08-26T20:13:01.959529+00:00,LPLA,NASDAQ,362.63,81.8,右肩上がり確認,-5.7,0.8,81.2,5.0,True,,,
2026-08-03,2026-08-26T20:13:01.959529+00:00,ADUS,NASDAQ,119.68,81.6,ブレイク接近,-1.6,0.99,117.1,12.0,True,,,
2026-08-03,2026-08-26T20:13:01.959529+00:00,CLMB,NASDAQ,27.81,81.6,右肩上がり確認,-20.4,0.98,68.6,6.0,True,,,
2026-08-03,2026-08-26T20:13:01.959529+00:00,MAN,NYSE,56.6,81.4,ブレイク接近,0.0,1.61,296.7,4.0,True,,,
2026-08-03,2026-08-26T20:13:01.959529+00:00,MTW,NYSE,18.81,81.4,ブレイク接近,0.0,1.41,198.4,6.0,True,,,
2026-08-03,2026-08-26T20:13:01.959529+00:00,CSL,NYSE,387.49,81.4,右肩上がり確認,-4.9,1.18,75.7,15.0,True,,,
2026-08-03,2026-08-26T20:13:01.959529+00:00,WFC,NYSE,87.25,81.4,右肩上がり確認,-7.6,1.12,71.6,8.0,True,,,
2026-08-03,2026-08-26T20:13:01.959529+00:00,SF,NYSE,83.09,81.4,右肩上がり確認,-3.7,0.88,81.4,14.0,True,,,
2026-08-03,2026-08-26T20:13:01.959529+00:00,ICUI,NASDAQ,184.56,81.3,ブレイク接近,0.0,1.35,171.9,9.0,True,,,
2026-08-03,2026-08-26T20:13:01.959529+00:00,NLY,NYSE,23.04,81.3,ブレイク接近,0.0,1.17,106.1,8.0,True,,,
2026-08-03,2026-08-26T20:13:01.959529+00:00,FELE,NASDAQ,109.46,81.2,ブレイク接近,0.0,1.11,105.8,7.0,True,,,
2026-08-03,2026-08-26T20:13:01.959529+00:00,BCH,NYSE,41.42,81.2,ブレイク接近,-1.1,0.92,93.0,11.0,True,,,
2026-08-03,2026-08-26T20:13:01.959529+00:00,MA,NYSE,562.95,81.2,ブレイク接近,-5.4,0.89,125.0,19.0,True,,,
2026-08-03,2026-08-26T20:13:01.959529+00:00,TCBK,NASDAQ,57.27,81.1,ブレイク接近,-5.4,4.57,201.4,11.0,True,,,
2026-08-03,2026-08-26T20:13:01.959529+00:00,NTES,NASDAQ,132.22,81.0,ブレイク接近,-11.7,0.91,86.8,13.0,True,,,
2026-08-03,2026-08-26T20:13:01.959529+00:00,AMCR,NYSE,47.86,80.9,ブレイク接近,-2.4,1.04,91.0,8.0,True,,,
2026-08-03,2026-08-26T20:13:01.959529+00:00,NRIM,NASDAQ,26.37,80.8,右肩上がり確認,-7.7,1.23,66.1,8.0,True,,,
2026-08-03,2026-08-26T20:13:01.959529+00:00,NUVB,NYSE,6.6,80.8,ブレイク接近,-30.1,1.07,140.8,6.0,True,,,
2026-08-03,2026-08-26T20:13:01.959529+00:00,BKNG,NASDAQ,214.42,80.8,ブレイク接近,-5.5,0.91,121.6,8.0,True,,,
2026-08-03,2026-08-26T20:13:01.959529+00:00,BX,NYSE,137.13,80.7,右肩上がり確認,-23.9,1.06,60.2,7.0,True,,,
2026-08-03,2026-08-26T20:13:01.959529+00:00,AUB,NYSE,41.78,80.7,ブレイク接近,-1.2,1.05,116.4,6.0,True,,,
2026-08-03,2026-08-26T20:13:01.959529+00:00,VLTO,NYSE,98.34,80.7,右肩上がり確認,-9.4,0.81,80.1,12.0,True,,,
2026-08-03,2026-08-26T20:13:01.959529+00:00,WFG,NYSE,72.14,80.5,ブレイク接近,-4.1,1.51,94.7,6.0,True,,,
2026-08-03,2026-08-26T20:13:01.959529+00:00,TOWN,NASDAQ,37.46,80.5,ブレイク接近,-1.2,1.29,122.7,10.0,True,,,
2026-08-03,2026-08-26T20:13:01.959529+00:00,PKG,NYSE,256.04,80.4,ブレイク接近,0.0,1.09,130.5,11.0,True,,,
2026-08-03,2026-08-26T20:13:01.959529+00:00,SARO,NYSE,29.19,80.4,底固め中,-11.5,0.91,55.2,9.0,True,,,
2026-08-03,2026-08-26T20:13:01.959529+00:00,FERG,NYSE,256.69,80.2,ブレイク接近,-2.5,3.23,90.7,13.0,True,,,
2026-08-03,2026-08-26T20:13:01.959529+00:00,BWB,NASDAQ,21.64,80.2,ブレイク接近,-1.9,1.42,155.1,9.0,True,,,
2026-08-03,2026-08-26T20:13:01.959529+00:00,AXP,NYSE,340.91,80.2,右肩上がり確認,-10.2,1.0,69.8,11.0,True,,,
2026-08-03,2026-08-26T20:13:01.959529+00:00,ADT,NYSE,7.64,80.2,右肩上がり確認,-11.5,0.79,73.0,15.0,True,,,
2026-08-03,2026-08-26T20:13:01.959529+00:00,DYN,NASDAQ,26.25,80.1,ブレイク接近,0.0,1.58,362.7,4.0,True,,,
2026-08-03,2026-08-26T20:13:01.959529+00:00,HWC,NASDAQ,77.6,80.1,ブレイク接近,-1.1,1.09,134.4,7.0,True,,,
2026-08-03,2026-08-26T20:13:01.959529+00:00,TMO,NYSE,594.0,80.1,右肩上がり確認,-4.9,1.05,83.5,10.0,True,,,
2026-08-03,2026-08-26T20:13:01.959529+00:00,USB,NYSE,63.94,80.1,ブレイク接近,-0.0,1.02,145.4,8.0,True,,,
2026-08-03,2026-08-26T20:13:01.959529+00:00,RJF,NYSE,176.56,80.1,ブレイク接近,0.0,0.88,118.5,11.0,True,,,
2026-08-03,2026-08-26T20:13:01.959529+00:00,TRU,NYSE,80.02,79.9,右肩上がり確認,-12.3,0.98,72.3,6.0,True,,,
2026-08-03,2026-08-26T20:13:01.959529+00:00,IMNM,NASDAQ,25.03,79.9,ブレイク接近,-3.2,0.84,88.8,4.0,True,,,
2026-08-03,2026-08-26T20:13:01.959529+00:00,TPC,NYSE,99.11,79.8,ブレイク接近,0.0,2.24,164.8,6.0,True,,,
2026-08-03,2026-08-26T20:13:01.959529+00:00,CRL,NYSE,267.49,79.8,ブレイク接近,0.0,1.13,169.4,6.0,True,,,
2026-08-03,2026-08-26T20:13:01.959529+00:00,NOMD,NYSE,11.99,79.8,右肩上がり確認,-19.5,0.97,76.9,11.0,True,,,
2026-08-03,2026-08-26T20:13:01.959529+00:00,HVT,NYSE,29.09,79.7,ブレイク接近,0.0,1.48,142.7,9.0,True,,,
2026-08-03,2026-08-26T20:13:01.959529+00:00,UL,NYSE,62.96,79.7,底固め中,-13.4,1.34,46.6,13.0,True,,,
2026-08-03,2026-08-26T20:13:01.959529+00:00,RF,NYSE,31.43,79.7,ブレイク接近,-0.7,1.05,119.4,5.0,True,,,
2026-08-03,2026-08-26T20:13:01.959529+00:00,PNC,NYSE,252.56,79.7,ブレイク接近,0.0,0.96,134.0,7.0,True,,,
2026-08-03,2026-08-26T20:13:01.959529+00:00,RRR,NASDAQ,61.88,79.7,右肩上がり確認,-8.0,0.88,84.0,7.0,True,,,
2026-08-03,2026-08-26T20:13:01.959529+00:00,TFC,NYSE,52.35,79.3,右肩上がり確認,-4.3,0.96,79.4,5.0,True,,,
2026-08-03,2026-08-26T20:13:01.959529+00:00,GBCI,NYSE,48.75,79.1,右肩上がり確認,-9.0,1.31,61.6,7.0,True,,,
2026-08-03,2026-08-26T20:13:01.959529+00:00,OZK,NASDAQ,51.41,79.1,ブレイク接近,-1.2,1.15,112.7,7.0,True,,,
2026-08-03,2026-08-26T20:13:01.959529+00:00,STE,NYSE,237.47,79.1,底固め中,-11.1,1.02,54.0,16.0,True,,,
2026-08-03,2026-08-26T20:13:01.959529+00:00,ATRC,NASDAQ,41.39,79.0,ブレイク接近,-2.3,1.09,118.1,6.0,True,,,
2026-08-03,2026-08-26T20:13:01.959529+00:00,REYN,NASDAQ,26.52,79.0,ブレイク接近,-2.4,1.0,149.4,12.0,True,,,
2026-08-03,2026-08-26T20:13:01.959529+00:00,SYF,NYSE,78.59,78.9,ブレイク接近,-8.4,1.04,96.2,5.0,True,,,
2026-08-03,2026-08-26T20:13:01.959529+00:00,WWW,NYSE,18.93,78.9,ブレイク接近,-39.5,0.78,96.4,8.0,True,,,
2026-08-03,2026-08-26T20:13:01.959529+00:00,SAFT,NASDAQ,103.5,78.8,ブレイク接近,0.0,3.64,381.4,17.0,True,,,
2026-08-03,2026-08-26T20:13:01.959529+00:00,SCHW,NYSE,107.6,78.8,ブレイク接近,0.0,0.81,119.1,17.0,True,,,
2026-08-03,2026-08-26T20:13:01.959529+00:00,HCI,NYSE,188.69,78.7,ブレイク接近,-7.9,1.0,147.0,17.0,True,,,
2026-08-03,2026-08-26T20:13:01.959529+00:00,ENR,NYSE,22.57,78.6,ブレイク接近,-19.8,1.18,98.5,5.0,True,,,
2026-08-03,2026-08-26T20:13:01.959529+00:00,FBNC,NASDAQ,64.67,78.6,ブレイク接近,0.0,1.16,131.1,6.0,True,,,
2026-08-03,2026-08-26T20:13:01.959529+00:00,SFBS,NYSE,88.92,78.6,ブレイク接近,-0.6,0.99,120.8,7.0,True,,,
2026-08-03,2026-08-26T20:13:01.959529+00:00,SONY,NYSE,23.46,78.6,ブレイク接近,-22.1,0.9,86.4,14.0,True,,,
2026-08-03,2026-08-26T20:13:01.959529+00:00,MESO,NASDAQ,15.94,78.5,底固め中,-24.0,1.54,53.0,4.0,True,,,
2026-08-03,2026-08-26T20:13:01.959529+00:00,EXLS,NASDAQ,34.89,78.2,底固め中,-22.4,1.12,53.2,6.0,True,,,
2026-08-03,2026-08-26T20:13:01.959529+00:00,PB,NYSE,73.95,78.1,ブレイク接近,-1.2,0.95,107.7,14.0,True,,,
2026-08-03,2026-08-26T20:13:01.959529+00:00,AVNT,NYSE,45.69,78.0,ブレイク接近,0.0,1.07,134.5,5.0,True,,,
2026-08-03,2026-08-26T20:13:01.959529+00:00,NWG,NYSE,19.19,78.0,ブレイク接近,0.0,1.07,147.7,5.0,True,,,
2026-08-03,2026-08-26T20:13:01.959529+00:00,BSAC,NYSE,35.16,78.0,ブレイク接近,0.0,0.72,102.7,9.0,True,,,
2026-08-03,2026-08-26T20:13:01.959529+00:00,SOPH,NASDAQ,7.71,77.8,ブレイク接近,0.0,2.39,305.5,4.0,True,,,
2026-08-03,2026-08-26T20:13:01.959529+00:00,CFG,NYSE,72.67,77.8,ブレイク接近,0.0,1.03,144.5,4.0,True,,,
2026-08-03,2026-08-26T20:13:01.959529+00:00,TOL,NYSE,155.09,77.7,右肩上がり確認,-6.3,0.83,73.6,5.0,True,,,
2026-08-03,2026-08-26T20:13:01.959529+00:00,ABM,NYSE,48.54,77.6,ブレイク接近,0.0,0.84,116.4,7.0,True,,,
2026-08-03,2026-08-26T20:13:01.959529+00:00,BMRC,NASDAQ,28.37,77.5,ブレイク接近,-1.9,1.36,142.6,6.0,True,,,
2026-08-03,2026-08-26T20:13:01.959529+00:00,TCBX,NYSE,44.31,77.5,ブレイク接近,0.0,1.3,113.1,16.0,True,,,
2026-08-03,2026-08-26T20:13:01.959529+00:00,AMRX,NASDAQ,18.14,77.5,ブレイク接近,-1.0,1.06,211.0,8.0,True,,,
2026-08-03,2026-08-26T20:13:01.959529+00:00,EAT,NYSE,225.2,77.5,ブレイク接近,0.0,0.99,259.6,10.0,True,,,
2026-08-03,2026-08-26T20:13:01.959529+00:00,CFR,NYSE,164.5,77.4,ブレイク接近,-1.1,1.22,248.3,17.0,True,,,
2026-08-03,2026-08-26T20:13:01.959529+00:00,EBC,NASDAQ,22.84,77.4,ブレイク接近,-0.7,0.95,142.0,14.0,True,,,
2026-08-03,2026-08-26T20:13:01.959529+00:00,MCO,NYSE,477.75,77.4,底固め中,-10.9,0.91,47.9,19.0,True,,,
2026-08-03,2026-08-26T20:13:01.959529+00:00,OESX,NASDAQ,19.7,77.3,ブレイク接近,0.0,1.97,135.2,13.0,True,,,
2026-08-03,2026-08-26T20:13:01.959529+00:00,ERO,NYSE,34.31,77.2,ブレイク接近,0.0,0.89,101.2,4.0,True,,,
2026-08-03,2026-08-26T20:13:01.959529+00:00,IBCP,NASDAQ,38.03,77.1,ブレイク接近,0.0,1.54,133.3,11.0,True,,,
2026-08-03,2026-08-26T20:13:01.959529+00:00,INDB,NASDAQ,83.73,77.1,ブレイク接近,-1.6,1.18,92.6,14.0,True,,,
2026-08-03,2026-08-26T20:13:01.959529+00:00,CR,NYSE,219.88,77.0,ブレイク接近,-2.8,1.02,130.3,6.0,True,,,
2026-08-03,2026-08-26T20:13:01.959529+00:00,SLGN,NYSE,41.71,76.9,底固め中,-13.8,2.08,44.2,8.0,True,,,
2026-08-03,2026-08-26T20:13:01.959529+00:00,ESQ,NASDAQ,131.38,76.7,ブレイク接近,0.0,1.37,204.2,10.0,True,,,
2026-08-03,2026-08-26T20:13:01.959529+00:00,LIF,NASDAQ,63.19,76.7,右肩上がり確認,-41.4,0.82,83.7,6.0,True,,,
2026-08-03,2026-08-26T20:13:01.959529+00:00,CHCO,NASDAQ,144.94,76.6,ブレイク接近,-0.1,1.31,275.6,16.0,True,,,
2026-08-03,2026-08-26T20:13:01.959529+00:00,JXN,NYSE,129.96,76.6,ブレイク接近,0.0,1.09,171.9,13.0,True,,,
2026-08-03,2026-08-26T20:13:01.959529+00:00,BAC,NYSE,63.17,76.6,ブレイク接近,0.0,1.01,176.8,7.0,True,,,
2026-08-03,2026-08-26T20:13:01.959529+00:00,NMR,NYSE,9.95,76.6,ブレイク接近,0.0,0.71,119.2,7.0,True,,,
2026-08-03,2026-08-26T20:13:01.959529+00:00,RYN,NYSE,21.79,76.5,底固め中,-10.8,1.13,52.9,9.0,True,,,
2026-08-03,2026-08-26T20:13:01.959529+00:00,CFBK,NASDAQ,35.97,76.4,ブレイク接近,0.0,1.36,147.3,14.0,True,,,
2026-08-03,2026-08-26T20:13:01.959529+00:00,REAL,NASDAQ,12.3,76.3,底固め中,-25.9,1.19,46.5,6.0,True,,,
2026-08-03,2026-08-26T20:13:01.959529+00:00,YMM,NYSE,9.63,76.3,ブレイク接近,-27.9,0.82,95.5,6.0,True,,,
2026-08-03,2026-08-26T20:13:01.959529+00:00,AMTB,NYSE,28.91,76.2,ブレイク接近,-2.3,1.8,340.1,8.0,True,,,
2026-08-03,2026-08-26T20:13:01.959529+00:00,FRME,NASDAQ,42.59,76.2,右肩上がり確認,-4.5,1.39,118.3,8.0,True,,,
2026-08-03,2026-08-26T20:13:01.959529+00:00,IRTC,NASDAQ,127.84,76.2,底固め中,-32.0,1.3,37.1,5.0,True,,,
2026-08-03,2026-08-26T20:13:01.959529+00:00,WY,NYSE,25.58,76.2,右肩上がり確認,-3.8,1.08,76.4,10.0,True,,,
2026-08-03,2026-08-26T20:13:01.959529+00:00,BANR,NASDAQ,70.67,76.1,ブレイク接近,0.0,1.72,210.1,8.0,True,,,
2026-08-03,2026-08-26T20:13:01.959529+00:00,OBDC,NYSE,11.64,76.1,ブレイク接近,-8.4,1.36,87.9,22.0,True,,,
2026-08-03,2026-08-26T20:13:01.959529+00:00,CLW,NYSE,23.31,76.0,ブレイク接近,0.0,1.32,142.1,4.0,True,,,
2026-08-03,2026-08-26T20:13:01.959529+00:00,UBSI,NASDAQ,48.32,76.0,ブレイク接近,-0.3,1.21,161.9,10.0,True,,,
2026-08-03,2026-08-26T20:13:01.959529+00:00,DLTR,NASDAQ,130.9,76.0,右肩上がり確認,-6.5,0.67,82.0,4.0,True,,,
2026-08-03,2026-08-26T20:13:01.959529+00:00,GHC,NYSE,1185.71,75.8,ブレイク接近,-1.5,1.18,114.5,12.0,True,,,
2026-08-03,2026-08-26T20:13:01.959529+00:00,HSIC,NASDAQ,88.13,75.8,ブレイク接近,0.0,1.02,149.6,10.0,True,,,
2026-08-03,2026-08-26T20:13:01.959529+00:00,RIGL,NASDAQ,40.17,75.8,ブレイク接近,-20.4,0.9,123.1,5.0,True,,,
2026-08-03,2026-08-26T20:13:01.959529+00:00,ALGT,NASDAQ,95.61,75.8,底固め中,-19.4,0.81,51.9,8.0,True,,,
2026-08-03,2026-08-26T20:13:01.959529+00:00,IPAR,NASDAQ,122.97,75.7,ブレイク接近,-1.3,1.07,231.2,11.0,True,,,
2026-08-03,2026-08-26T20:13:01.959529+00:00,AON,NYSE,358.3,75.7,ブレイク接近,-4.0,1.0,127.9,19.0,True,,,
2026-08-03,2026-08-26T20:13:01.959529+00:00,LECO,NASDAQ,281.96,75.6,右肩上がり確認,-5.1,1.17,72.1,19.0,True,,,
2026-08-03,2026-08-26T20:13:01.959529+00:00,DGICA,NASDAQ,19.24,75.6,ブレイク接近,-3.3,0.99,114.8,18.0,True,,,
2026-08-03,2026-08-26T20:13:01.959529+00:00,FSS,NYSE,128.21,75.6,ブレイク接近,-2.2,0.97,154.1,12.0,True,,,
2026-08-03,2026-08-26T20:13:01.959529+00:00,RYAN,NYSE,42.84,75.6,底固め中,-26.8,0.93,59.5,7.0,True,,,
2026-08-03,2026-08-26T20:13:01.959529+00:00,HRL,NYSE,25.02,75.6,ブレイク接近,-10.0,0.7,101.4,5.0,True,,,
2026-08-03,2026-08-26T20:13:01.959529+00:00,ULTA,NASDAQ,565.15,75.5,底固め中,-18.1,0.8,46.5,8.0,True,,,
2026-08-03,2026-08-26T20:13:01.959529+00:00,CZFS,NASDAQ,80.4,75.4,ブレイク接近,0.0,4.2,356.3,12.0,True,,,
2026-08-03,2026-08-26T20:13:01.959529+00:00,BZ,NASDAQ,16.47,75.4,底固め中,-32.4,0.8,55.3,15.0,True,,,
2026-08-03,2026-08-26T20:13:01.959529+00:00,PAYO,NASDAQ,7.1,75.3,ブレイク接近,-1.0,0.66,134.3,5.0,True,,,
2026-08-03,2026-08-26T20:13:01.959529+00:00,RACE,NYSE,412.26,75.1,ブレイク接近,-16.8,0.9,156.8,7.0,True,,,
2026-08-03,2026-08-26T20:13:01.959529+00:00,AER,NYSE,151.72,75.1,ブレイク接近,0.0,0.85,106.1,13.0,True,,,
2026-08-03,2026-08-26T20:13:01.959529+00:00,MCHB,NASDAQ,16.64,75.0,ブレイク接近,-0.9,1.75,261.1,14.0,True,,,
2026-08-03,2026-08-26T20:13:01.959529+00:00,BSET,NASDAQ,20.35,75.0,ブレイク接近,-5.8,1.0,237.0,15.0,True,,,
2026-08-03,2026-08-26T20:13:01.959529+00:00,SMBK,NYSE,51.93,74.9,ブレイク接近,-0.9,1.69,261.9,10.0,True,,,
2026-08-03,2026-08-26T20:13:01.959529+00:00,INMD,NASDAQ,15.31,74.9,右肩上がり確認,-2.5,0.73,83.9,16.0,True,,,
2026-08-03,2026-08-26T20:13:01.959529+00:00,ECL,NYSE,285.17,74.8,右肩上がり確認,-7.0,0.82,64.0,10.0,True,,,
2026-08-03,2026-08-26T20:13:01.959529+00:00,LTM,NYSE,56.72,74.7,底固め中,-13.6,0.96,52.4,11.0,True,,,
2026-08-03,2026-08-26T20:13:01.959529+00:00,KEY,NYSE,22.73,74.6,右肩上がり確認,-3.5,0.99,99.3,4.0,True,,,
2026-08-03,2026-08-26T20:13:01.959529+00:00,JPM,NYSE,357.52,74.5,ブレイク接近,0.0,0.95,197.5,11.0,True,,,
2026-08-03,2026-08-26T20:13:01.959529+00:00,EQBK,NYSE,50.94,74.2,ブレイク接近,0.0,1.24,184.0,16.0,True,,,
2026-08-03,2026-08-26T20:13:01.959529+00:00,ADPT,NASDAQ,24.93,74.1,ブレイク接近,0.0,1.18,203.9,4.0,True,,,
2026-08-03,2026-08-26T20:13:01.959529+00:00,MRSH,NYSE,191.65,74.1,ブレイク接近,-7.1,1.05,120.2,13.0,True,,,
2026-08-03,2026-08-26T20:13:01.959529+00:00,NBTB,NASDAQ,52.66,74.0,ブレイク接近,0.0,1.39,223.5,9.0,True,,,
2026-08-03,2026-08-26T20:13:01.959529+00:00,BFST,NASDAQ,31.66,74.0,ブレイク接近,-0.5,1.17,155.5,11.0,True,,,
2026-08-03,2026-08-26T20:13:01.959529+00:00,NWL,NASDAQ,6.01,74.0,ブレイク接近,-0.6,1.07,191.6,4.0,True,,,
2026-08-03,2026-08-26T20:13:01.959529+00:00,GLBE,NASDAQ,42.32,74.0,ブレイク接近,0.0,0.88,149.4,4.0,True,,,
2026-08-03,2026-08-26T20:13:01.959529+00:00,EEFT,NASDAQ,72.08,73.9,右肩上がり確認,-26.7,1.08,73.2,11.0,True,,,
2026-08-03,2026-08-26T20:13:01.959529+00:00,DSGX,NASDAQ,79.57,73.9,右肩上がり確認,-26.2,0.96,66.5,7.0,True,,,
2026-08-03,2026-08-26T20:13:01.959529+00:00,BIO,NYSE,352.47,73.8,ブレイク接近,0.0,0.89,159.0,7.0,True,,,
2026-08-03,2026-08-26T20:13:01.959529+00:00,FBIZ,NASDAQ,71.12,73.6,ブレイク接近,0.0,1.95,254.2,7.0,True,,,
2026-08-03,2026-08-26T20:13:01.959529+00:00,HD,NYSE,355.62,73.6,右肩上がり確認,-14.1,0.86,66.8,6.0,True,,,
2026-08-03,2026-08-26T20:13:01.959529+00:00,CBSH,NASDAQ,59.08,73.4,ブレイク接近,-0.3,1.0,162.5,10.0,True,,,
2026-08-03,2026-08-26T20:13:01.959529+00:00,BLCO,NYSE,16.78,73.3,底固め中,-8.3,1.04,55.7,8.0,True,,,
2026-08-03,2026-08-26T20:13:01.959529+00:00,HGTY,NYSE,13.61,73.3,ブレイク接近,-1.5,0.96,136.0,13.0,True,,,
2026-08-03,2026-08-26T20:13:01.959529+00:00,CVBF,NASDAQ,22.66,73.3,ブレイク接近,-0.7,0.93,159.2,10.0,True,,,
2026-08-03,2026-08-26T20:13:01.959529+00:00,FCF,NYSE,21.51,73.2,ブレイク接近,0.0,1.42,249.3,9.0,True,,,
2026-08-03,2026-08-26T20:13:01.959529+00:00,PRK,NYSE American,203.4,73.1,ブレイク接近,-2.3,1.27,251.7,10.0,True,,,
2026-08-03,2026-08-26T20:13:01.959529+00:00,APH,NYSE,169.18,73.1,ブレイク接近,0.0,0.76,150.4,7.0,True,,,
2026-08-03,2026-08-26T20:13:01.959529+00:00,GRVY,NASDAQ,68.12,73.0,右肩上がり確認,-4.3,0.97,78.9,6.0,True,,,
2026-08-03,2026-08-26T20:13:01.959529+00:00,MLKN,NASDAQ,24.49,73.0,ブレイク接近,0.0,0.89,130.9,6.0,True,,,
2026-08-03,2026-08-26T20:13:01.959529+00:00,LH,NYSE,319.17,72.8,ブレイク接近,0.0,1.32,179.9,16.0,True,,,
2026-08-03,2026-08-26T20:13:01.959529+00:00,NTRA,NASDAQ,322.1,72.8,ブレイク接近,0.0,0.91,236.6,6.0,True,,,
2026-08-03,2026-08-26T20:13:01.959529+00:00,PTC,NASDAQ,147.71,72.6,右肩上がり確認,-31.3,1.01,64.1,4.0,True,,,
2026-08-03,2026-08-26T20:13:01.959529+00:00,LAUR,NASDAQ,38.34,72.6,ブレイク接近,-5.2,0.91,182.8,11.0,True,,,
2026-08-03,2026-08-26T20:13:01.959529+00:00,XNCR,NASDAQ,20.81,72.5,ブレイク接近,0.0,1.45,610.8,11.0,True,,,
2026-08-03,2026-08-26T20:13:01.959529+00:00,WSM,NYSE,251.78,72.5,ブレイク接近,0.0,0.85,164.2,7.0,True,,,
2026-08-03,2026-08-26T20:13:01.959529+00:00,FSUN,NASDAQ,39.68,72.3,ブレイク接近,-1.9,1.2,88.9,17.0,True,,,
2026-08-03,2026-08-26T20:13:01.959529+00:00,LYG,NYSE,6.28,72.3,ブレイク接近,0.0,0.84,140.7,6.0,True,,,
2026-08-03,2026-08-26T20:13:01.959529+00:00,MGRC,NASDAQ,119.75,72.3,ブレイク接近,-3.1,0.81,108.4,12.0,True,,,
2026-08-03,2026-08-26T20:13:01.959529+00:00,TSLX,NYSE,19.1,72.3,底固め中,-15.1,0.73,56.1,20.0,True,,,
2026-08-03,2026-08-26T20:13:01.959529+00:00,BBY,NYSE,82.0,72.1,ブレイク接近,-4.9,0.93,205.1,4.0,True,,,
2026-08-03,2026-08-26T20:13:01.959529+00:00,MTN,NYSE,148.83,72.1,ブレイク接近,-3.4,0.84,150.1,7.0,True,,,
2026-08-03,2026-08-26T20:13:01.959529+00:00,HFWA,NASDAQ,29.5,72.0,ブレイク接近,-2.5,1.88,148.5,11.0,True,,,
2026-08-03,2026-08-26T20:13:01.959529+00:00,DX,NYSE,12.95,72.0,右肩上がり確認,-4.2,1.44,70.9,6.0,True,,,
2026-08-03,2026-08-26T20:13:01.959529+00:00,MPB,NASDAQ,37.6,72.0,ブレイク接近,-1.3,1.19,199.7,16.0,True,,,
2026-08-03,2026-08-26T20:13:01.959529+00:00,FULT,NASDAQ,24.24,72.0,ブレイク接近,-2.2,1.06,161.1,10.0,True,,,
2026-08-03,2026-08-26T20:13:01.959529+00:00,FWONK,NASDAQ,102.85,71.9,ブレイク接近,-2.0,1.1,210.7,9.0,True,,,
2026-08-03,2026-08-26T20:13:01.959529+00:00,DAKT,NASDAQ,21.43,71.8,底固め中,-22.7,1.17,27.5,19.0,True,,,
2026-08-03,2026-08-26T20:13:01.959529+00:00,SYBT,NASDAQ,83.58,71.8,ブレイク接近,-1.8,1.17,261.9,8.0,True,,,
2026-08-03,2026-08-26T20:13:01.959529+00:00,ESNT,NYSE,68.72,71.8,ブレイク接近,0.0,0.68,155.1,18.0,True,,,
2026-08-03,2026-08-26T20:13:01.959529+00:00,BOKF,NASDAQ,143.8,71.6,ブレイク接近,0.0,1.06,175.8,20.0,True,,,
2026-08-03,2026-08-26T20:13:01.959529+00:00,ALRM,NASDAQ,57.53,71.5,ブレイク接近,-2.8,0.86,182.7,11.0,True,,,
2026-08-03,2026-08-26T20:13:01.959529+00:00,WSBC,NASDAQ,41.69,71.5,ブレイク接近,0.0,0.86,206.2,16.0,True,,,
2026-08-03,2026-08-26T20:13:01.959529+00:00,FUNC,NASDAQ,44.74,71.4,ブレイク接近,-0.9,1.54,238.3,15.0,True,,,
2026-08-03,2026-08-26T20:13:01.959529+00:00,ANNX,NASDAQ,5.41,71.4,底固め中,-20.2,1.09,33.8,5.0,True,,,
2026-08-03,2026-08-26T20:13:01.959529+00:00,AIR,NYSE,143.06,71.3,ブレイク接近,-0.1,1.21,263.4,9.0,True,,,
2026-08-03,2026-08-26T20:13:01.959529+00:00,ADSK,NASDAQ,249.08,71.3,右肩上がり確認,-23.7,0.92,72.5,5.0,True,,,
2026-08-03,2026-08-26T20:13:01.959529+00:00,KKR,NYSE,102.81,71.1,底固め中,-30.6,1.04,37.7,8.0,True,,,
2026-08-03,2026-08-26T20:13:01.959529+00:00,EPAC,NYSE,37.72,71.1,底固め中,-13.6,1.03,44.6,18.0,True,,,
2026-08-03,2026-08-26T20:13:01.959529+00:00,SFST,NASDAQ,63.33,71.1,ブレイク接近,0.0,0.97,128.9,9.0,True,,,
2026-08-03,2026-08-26T20:13:01.959529+00:00,QCRH,NASDAQ,103.87,70.9,ブレイク接近,0.0,1.09,163.7,9.0,True,,,
2026-08-03,2026-08-26T20:13:01.959529+00:00,SPGI,NYSE,408.19,70.8,底固め中,-21.8,0.94,20.7,17.0,True,,,
2026-08-03,2026-08-26T20:13:01.959529+00:00,AS,NYSE,36.84,70.7,底固め中,-12.2,1.11,54.4,4.0,True,,,
2026-08-03,2026-08-26T20:13:01.959529+00:00,MELI,NASDAQ,1820.69,70.7,底固め中,-26.4,0.86,45.6,9.0,True,,,
2026-08-03,2026-08-26T20:13:01.959529+00:00,MBWM,NASDAQ,60.7,70.4,ブレイク接近,0.0,1.31,221.1,14.0,True,,,
2026-08-03,2026-08-26T20:13:01.959529+00:00,FMBH,NASDAQ,51.17,70.4,ブレイク接近,-1.8,1.22,244.8,10.0,True,,,
2026-08-03,2026-08-26T20:13:01.959529+00:00,UNTY,NASDAQ,59.66,70.3,ブレイク接近,0.0,1.41,157.4,10.0,True,,,
2026-08-03,2026-08-26T20:13:01.959529+00:00,JOYY,NASDAQ,74.44,70.2,ブレイク接近,0.0,0.9,161.1,8.0,True,,,
2026-08-03,2026-08-26T20:13:01.959529+00:00,CG,NASDAQ,47.79,70.0,底固め中,-28.4,1.1,27.4,4.0,True,,,
2026-08-03,2026-08-26T20:13:01.959529+00:00,LOAR,NYSE,70.87,69.9,右肩上がり確認,-13.2,0.79,79.5,6.0,True,,,
2026-08-03,2026-08-26T20:13:01.959529+00:00,IFF,NYSE,85.89,69.8,ブレイク接近,0.0,0.99,124.1,7.0,True,,,
2026-08-03,2026-08-26T20:13:01.959529+00:00,CRM,NYSE,192.74,69.8,底固め中,-27.2,0.93,54.5,4.0,True,,,
2026-08-03,2026-08-26T20:13:01.959529+00:00,CDRE,NYSE,32.82,69.7,底固め中,-25.6,1.08,30.3,11.0,True,,,
2026-08-03,2026-08-26T20:13:01.959529+00:00,AXTA,NYSE,38.19,69.7,ブレイク接近,0.0,0.75,141.0,4.0,True,,,
2026-08-03,2026-08-26T20:13:01.959529+00:00,PBYI,NASDAQ,8.91,69.6,ブレイク接近,0.0,1.31,258.9,5.0,True,,,
2026-08-03,2026-08-26T20:13:01.959529+00:00,SKWD,NASDAQ,63.67,69.6,ブレイク接近,0.0,1.07,300.8,5.0,True,,,
2026-08-03,2026-08-26T20:13:01.959529+00:00,BHRB,NASDAQ,73.42,69.6,ブレイク接近,0.0,0.78,156.3,17.0,True,,,
2026-08-03,2026-08-26T20:13:01.959529+00:00,GD,NYSE,392.05,69.5,ブレイク接近,0.0,0.98,153.5,4.0,True,,,
2026-08-03,2026-08-26T20:13:01.959529+00:00,ORRF,NASDAQ,42.62,69.5,ブレイク接近,0.0,0.98,182.2,12.0,True,,,
2026-08-03,2026-08-26T20:13:01.959529+00:00,ORI,NYSE,43.03,69.5,ブレイク接近,-0.7,0.87,112.2,13.0,True,,,
2026-08-03,2026-08-26T20:13:01.959529+00:00,WMS,NYSE,143.95,69.3,底固め中,-17.7,0.8,30.8,10.0,True,,,
2026-08-03,2026-08-26T20:13:01.959529+00:00,FWONA,NASDAQ,93.96,69.1,ブレイク接近,-2.5,1.14,197.3,7.0,True,,,
2026-08-03,2026-08-26T20:13:01.959529+00:00,ZWS,NYSE,51.42,69.0,ブレイク接近,-2.1,1.08,87.3,8.0,True,,,
2026-08-03,2026-08-26T20:13:01.959529+00:00,PUK,NYSE,28.28,68.9,底固め中,-13.1,1.16,39.5,4.0,True,,,
2026-08-03,2026-08-26T20:13:01.959529+00:00,OCFC,NASDAQ,19.42,68.9,ブレイク接近,-2.5,1.02,93.5,13.0,True,,,
2026-08-03,2026-08-26T20:13:01.959529+00:00,ORC,NYSE,6.56,68.8,底固め中,-12.4,1.18,20.5,23.0,True,,,
2026-08-03,2026-08-26T20:13:01.959529+00:00,KHC,NASDAQ,25.32,68.8,ブレイク接近,-4.8,1.16,141.7,13.0,True,,,
2026-08-03,2026-08-26T20:13:01.959529+00:00,IFS,NYSE,58.94,68.5,ブレイク接近,-2.9,0.78,267.2,11.0,True,,,
2026-08-03,2026-08-26T20:13:01.959529+00:00,BAP,NYSE,386.93,68.5,ブレイク接近,-3.5,0.63,219.4,13.0,True,,,
2026-08-03,2026-08-26T20:13:01.959529+00:00,FNLC,NASDAQ,35.38,68.3,ブレイク接近,0.0,1.31,298.8,12.0,True,,,
2026-08-03,2026-08-26T20:13:01.959529+00:00,MVBF,NASDAQ,29.97,68.3,ブレイク接近,-2.2,0.91,135.8,11.0,True,,,
2026-08-03,2026-08-26T20:13:01.959529+00:00,HBT,NASDAQ,36.35,68.0,ブレイク接近,0.0,1.04,337.1,13.0,True,,,
2026-08-03,2026-08-26T20:13:01.959529+00:00,CPS,NYSE,31.4,67.9,底固め中,-30.5,1.32,26.6,7.0,True,,,
2026-08-03,2026-08-26T20:13:01.959529+00:00,LMNR,NASDAQ,13.86,67.9,右肩上がり確認,-15.2,0.82,70.7,4.0,True,,,
2026-08-03,2026-08-26T20:13:01.959529+00:00,GE,NYSE,370.08,67.8,ブレイク接近,-1.8,0.75,145.2,10.0,True,,,
2026-08-03,2026-08-26T20:13:01.959529+00:00,RWAY,NASDAQ,6.84,67.6,底固め中,-28.6,1.13,47.4,7.0,True,,,
2026-08-03,2026-08-26T20:13:01.959529+00:00,IDXX,NASDAQ,586.67,67.6,底固め中,-22.1,1.09,31.0,18.0,True,,,
2026-08-03,2026-08-26T20:13:01.959529+00:00,LSPD,NYSE,10.46,67.5,右肩上がり確認,-20.1,0.76,62.0,9.0,True,,,
2026-08-03,2026-08-26T20:13:01.959529+00:00,STRA,NASDAQ,84.88,67.2,ブレイク接近,0.0,1.3,104.7,11.0,True,,,
2026-08-03,2026-08-26T20:13:01.959529+00:00,TRNO,NYSE,68.76,67.2,ブレイク接近,-8.4,0.99,166.3,10.0,True,,,
2026-08-03,2026-08-26T20:13:01.959529+00:00,BNTX,NASDAQ,93.67,67.1,底固め中,-19.2,1.12,26.4,14.0,True,,,
2026-08-03,2026-08-26T20:13:01.959529+00:00,RERE,NYSE,4.55,67.1,底固め中,-21.0,0.9,36.6,8.0,True,,,
2026-08-03,2026-08-26T20:13:01.959529+00:00,AME,NYSE,253.66,67.0,ブレイク接近,0.0,1.04,151.3,10.0,True,,,
2026-08-03,2026-08-26T20:13:01.959529+00:00,NAVI,NASDAQ,9.08,66.9,底固め中,-30.3,1.1,30.7,16.0,True,,,
2026-08-03,2026-08-26T20:13:01.959529+00:00,SFIX,NASDAQ,4.2,66.9,底固め中,-25.9,0.76,51.8,5.0,True,,,
2026-08-03,2026-08-26T20:13:01.959529+00:00,HROW,NASDAQ,40.44,66.8,底固め中,-25.4,0.63,40.2,4.0,True,,,
2026-08-03,2026-08-26T20:13:01.959529+00:00,FMNB,NASDAQ,15.69,66.6,ブレイク接近,-1.1,1.15,301.4,11.0,True,,,
2026-08-03,2026-08-26T20:13:01.959529+00:00,NVRI,NYSE,22.07,66.5,ブレイク接近,-5.2,0.32,261.5,10.0,True,,,
2026-08-03,2026-08-26T20:13:01.959529+00:00,EYPT,NASDAQ,13.89,66.3,底固め中,-24.1,1.52,36.5,5.0,True,,,
2026-08-03,2026-08-26T20:13:01.959529+00:00,BCX,NYSE,12.11,66.2,底固め中,-8.1,0.92,56.0,8.0,True,,,
2026-08-03,2026-08-26T20:13:01.959529+00:00,ISTR,NASDAQ,30.06,65.9,ブレイク接近,-0.2,1.06,105.4,14.0,True,,,
2026-08-03,2026-08-26T20:13:01.959529+00:00,NMIH,NASDAQ,44.63,65.8,ブレイク接近,0.0,0.91,169.5,16.0,True,,,
2026-08-03,2026-08-26T20:13:01.959529+00:00,BY,NYSE,38.83,65.7,ブレイク接近,-0.8,0.95,272.4,11.0,True,,,
2026-08-03,2026-08-26T20:13:01.959529+00:00,BNTC,NASDAQ,13.63,65.6,ブレイク接近,-17.5,0.73,152.0,7.0,True,,,
2026-08-03,2026-08-26T20:13:01.959529+00:00,BME,NYSE,44.11,65.5,ブレイク接近,0.0,1.08,162.5,13.0,True,,,
2026-08-03,2026-08-26T20:13:01.959529+00:00,YORW,NASDAQ,31.7,65.5,右肩上がり確認,-5.2,0.9,61.7,17.0,True,,,
2026-08-03,2026-08-26T20:13:01.959529+00:00,WCN,NYSE,166.71,65.4,右肩上がり確認,-9.2,0.86,79.4,11.0,True,,,
2026-08-03,2026-08-26T20:13:01.959529+00:00,VRSK,NASDAQ,191.82,65.4,底固め中,-28.6,0.77,52.0,6.0,True,,,
2026-08-03,2026-08-26T20:13:01.959529+00:00,GRFS,NASDAQ,7.94,65.3,底固め中,-24.9,1.16,36.9,12.0,True,,,
2026-08-03,2026-08-26T20:13:01.959529+00:00,EE,NYSE,34.87,65.3,底固め中,-16.9,0.94,27.1,13.0,True,,,
2026-08-03,2026-08-26T20:13:01.959529+00:00,PRVA,NASDAQ,22.45,65.0,右肩上がり確認,-18.3,1.42,62.0,4.0,True,,,
2026-08-03,2026-08-26T20:13:01.959529+00:00,KINS,NASDAQ,19.03,64.9,ブレイク接近,-5.8,0.92,215.0,8.0,True,,,
2026-08-03,2026-08-26T20:13:01.959529+00:00,USCB,NASDAQ,22.34,64.8,ブレイク接近,0.0,0.99,229.1,18.0,True,,,
2026-08-03,2026-08-26T20:13:01.959529+00:00,BANF,NASDAQ,113.01,64.8,右肩上がり確認,-14.4,0.9,64.5,15.0,True,,,
2026-08-03,2026-08-26T20:13:01.959529+00:00,BHB,NYSE American,39.74,64.8,ブレイク接近,0.0,0.85,218.6,10.0,True,,,
2026-08-03,2026-08-26T20:13:01.959529+00:00,SPOK,NASDAQ,11.52,64.6,底固め中,-31.3,0.96,46.0,19.0,True,,,
2026-08-03,2026-08-26T20:13:01.959529+00:00,CAC,NASDAQ,57.79,64.5,ブレイク接近,-0.2,1.06,276.5,10.0,True,,,
2026-08-03,2026-08-26T20:13:01.959529+00:00,BMEZ,NYSE,15.97,64.5,ブレイク接近,0.0,0.83,174.5,16.0,True,,,
2026-08-03,2026-08-26T20:13:01.959529+00:00,GATX,NYSE,177.71,64.0,底固め中,-10.1,1.06,41.3,11.0,True,,,
2026-08-03,2026-08-26T20:13:01.959529+00:00,GAB,NYSE,5.74,63.5,右肩上がり確認,-2.9,0.86,75.9,17.0,True,,,
2026-08-03,2026-08-26T20:13:01.959529+00:00,BR,NYSE,166.5,63.5,底固め中,-35.2,0.84,36.9,7.0,True,,,
2026-08-03,2026-08-26T20:13:01.959529+00:00,CBNK,NASDAQ,37.78,63.3,ブレイク接近,0.0,0.97,231.8,10.0,True,,,
2026-08-03,2026-08-26T20:13:01.959529+00:00,IBOC,NASDAQ,73.55,62.9,右肩上がり確認,-5.5,1.0,96.2,14.0,True,,,
2026-08-03,2026-08-26T20:13:01.959529+00:00,CCU,NYSE,11.95,62.8,底固め中,-18.1,1.09,28.5,18.0,True,,,
2026-08-03,2026-08-26T20:13:01.959529+00:00,TWIN,NASDAQ,24.14,62.7,ブレイク接近,-0.2,0.77,216.1,5.0,True,,,
2026-08-03,2026-08-26T20:13:01.959529+00:00,SBFG,NASDAQ,26.97,62.6,ブレイク接近,-0.4,0.6,262.0,8.0,True,,,
2026-08-03,2026-08-26T20:13:01.959529+00:00,MKL,NYSE,1875.05,62.5,底固め中,-14.0,0.9,29.6,15.0,True,,,
2026-08-03,2026-08-26T20:13:01.959529+00:00,LKFN,NASDAQ,61.73,62.4,ブレイク接近,-6.7,0.79,102.5,10.0,True,,,
2026-08-03,2026-08-26T20:13:01.959529+00:00,MGEE,NASDAQ,81.54,62.3,ブレイク接近,-4.9,0.64,96.0,16.0,True,,,
2026-08-03,2026-08-26T20:13:01.959529+00:00,HTH,NYSE,39.04,62.2,ブレイク接近,-1.7,0.88,96.8,10.0,True,,,
2026-08-03,2026-08-26T20:13:01.959529+00:00,SPFI,NASDAQ,44.65,62.1,ブレイク接近,-2.5,1.22,148.9,20.0,True,,,
2026-08-03,2026-08-26T20:13:01.959529+00:00,UMH,NYSE,15.9,62.1,ブレイク接近,-1.4,0.85,89.7,8.0,True,,,
2026-08-03,2026-08-26T20:13:01.959529+00:00,BLW,NYSE,12.62,61.9,右肩上がり確認,-4.0,1.25,61.8,22.0,True,,,
2026-08-03,2026-08-26T20:13:01.959529+00:00,NMRK,NASDAQ,14.81,61.7,底固め中,-23.4,1.07,22.4,15.0,True,,,
2026-08-03,2026-08-26T20:13:01.959529+00:00,BGT,NYSE,10.89,61.3,ブレイク接近,-2.1,1.46,108.9,26.0,True,,,
2026-08-03,2026-08-26T20:13:01.959529+00:00,MQ,NASDAQ,15.96,61.2,底固め中,-37.3,1.18,27.7,16.0,True,,,
2026-08-03,2026-08-26T20:13:01.959529+00:00,BBDC,NYSE,9.22,60.9,ブレイク接近,0.0,0.98,159.1,14.0,True,,,
2026-08-03,2026-08-26T20:13:01.959529+00:00,SABS,NASDAQ,3.9,60.8,底固め中,-11.2,0.59,53.8,8.0,True,,,
2026-08-03,2026-08-26T20:13:01.959529+00:00,MSEX,NASDAQ,58.22,60.7,ブレイク接近,-1.6,0.96,174.0,21.0,True,,,
2026-08-24,2026-08-27T20:28:59.313958+00:00,ABG,NYSE,210.6699981689453,64.5,右肩上がり確認,-18.2,0.88,62.7,5.0,True,2026-08-24,218.1699981689453,207.8000030517578
2026-08-24,2026-08-27T20:28:59.314012+00:00,ABM,NYSE,47.150001525878906,,,,,,,False,2026-08-24,48.060001373291016,46.2400016784668
2026-08-24,2026-08-27T20:28:59.314152+00:00,ABT,NYSE,111.58999633789062,78.0,ブレイク接近,-16.1,0.57,89.7,7.0,True,2026-08-24,117.33999633789062,111.29000091552734
2026-08-24,2026-08-27T20:28:59.314174+00:00,ACAD,NASDAQ,29.729999542236328,,,,,,,False,2026-08-24,30.76000022888184,29.14999961853028
2026-08-24,2026-08-27T20:28:59.314228+00:00,ADPT,NASDAQ,26.440000534057617,,,,,,,False,2026-08-24,26.8700008392334,25.09000015258789
2026-08-24,2026-08-27T20:28:59.314279+00:00,ADSK,NASDAQ,270.5799865722656,,,,,,,False,2026-08-24,271.7200012207031,245.0800018310547
2026-08-24,2026-08-27T20:28:59.314327+00:00,ADT,NYSE,7.460000038146973,,,,,,,False,2026-08-24,7.590000152587891,7.329999923706055
2026-08-24,2026-08-27T20:28:59.314422+00:00,ADUS,NASDAQ,118.01000213623048,79.8,ブレイク接近,-3.0,0.83,110.3,12.0,True,2026-08-24,122.58000183105467,115.70999908447266
2026-08-24,2026-08-27T20:28:59.314444+00:00,AER,NYSE,147.97000122070312,,,,,,,False,2026-08-24,149.85000610351562,145.8000030517578
2026-08-24,2026-08-27T20:28:59.314531+00:00,AES,NYSE,14.75,71.0,底固め中,-12.6,0.83,33.9,25.0,True,2026-08-24,14.770000457763672,14.710000038146973
2026-08-24,2026-08-27T20:28:59.314586+00:00,AGM,NYSE,222.63999938964844,74.8,ブレイク接近,-5.5,0.69,264.3,5.0,True,2026-08-24,227.52999877929688,216.8699951171875
2026-08-24,2026-08-27T20:28:59.314607+00:00,AGNC,NASDAQ,10.9399995803833,,,,,,,False,2026-08-24,11.029999732971191,10.789999961853027
2026-08-24,2026-08-27T20:28:59.314656+00:00,AIR,NYSE,135.89999389648438,,,,,,,False,2026-08-24,139.41000366210938,131.50999450683594
2026-08-24,2026-08-27T20:28:59.314773+00:00,AJG,NYSE,260.1499938964844,80.2,ブレイク接近,-15.5,0.73,148.1,10.0,True,2026-08-24,272.7900085449219,259.260009765625
2026-08-24,2026-08-27T20:28:59.314800+00:00,ALGT,NASDAQ,80.30999755859375,,,,,,,False,2026-08-24,85.75,80.22000122070312
2026-08-24,2026-08-27T20:28:59.314885+00:00,ALRM,NASDAQ,57.59999847412109,67.9,ブレイク接近,0.0,0.68,203.4,11.0,True,2026-08-24,58.14500045776367,56.130001068115234
2026-08-24,2026-08-27T20:28:59.314938+00:00,AMAL,NASDAQ,48.61000061035156,60.8,ブレイク接近,-4.8,0.97,245.8,7.0,True,2026-08-24,49.09000015258789,47.95000076293945
2026-08-24,2026-08-27T20:28:59.314991+00:00,AMBA,NASDAQ,71.16000366210938,65.3,右肩上がり確認,-20.6,0.58,118.0,6.0,True,2026-08-24,72.72000122070312,69.01000213623047
2026-08-24,2026-08-27T20:28:59.315045+00:00,AMBP,NYSE,5.170000076293945,70.9,ブレイク接近,-3.5,0.81,166.8,13.0,True,2026-08-24,5.409999847412109,5.130000114440918
2026-08-24,2026-08-27T20:28:59.315095+00:00,AMCR,NYSE,46.52000045776367,85.2,右肩上がり確認,-5.1,1.01,80.7,8.0,True,2026-08-24,48.93999862670898,46.25
2026-08-24,2026-08-27T20:28:59.315145+00:00,AME,NYSE,243.6699981689453,76.7,ブレイク接近,-4.4,1.15,117.5,7.0,True,2026-08-24,247.3999938964844,237.7899932861328
2026-08-24,2026-08-27T20:28:59.315195+00:00,AMGN,NASDAQ,436.989990234375,80.0,ブレイク接近,-0.5,0.98,192.1,12.0,True,2026-08-24,447.0299987792969,431.010009765625
2026-08-24,2026-08-27T20:28:59.315245+00:00,AMP,NYSE,555.77001953125,84.2,ブレイク接近,-2.4,0.56,116.9,15.0,True,2026-08-24,563.510009765625,550.0
2026-08-24,2026-08-27T20:28:59.315264+00:00,AMRX,NASDAQ,18.010000228881836,,,,,,,False,2026-08-24,18.1200008392334,17.600000381469727
2026-08-24,2026-08-27T20:28:59.315308+00:00,AMTB,NYSE,28.81999969482422,,,,,,,False,2026-08-24,29.0,28.11000061035156
2026-08-24,2026-08-27T20:28:59.315351+00:00,AN,NYSE,198.75,,,,,,,False,2026-08-24,206.22000122070312,192.0
2026-08-24,2026-08-27T20:28:59.315393+00:00,ANNX,NASDAQ,5.25,,,,,,,False,2026-08-24,5.320000171661377,4.800000190734863
2026-08-24,2026-08-27T20:28:59.315465+00:00,AON,NYSE,349.5599975585937,66.2,右肩上がり確認,-5.6,0.51,131.1,19.0,True,2026-08-24,361.7300109863281,348.114990234375
2026-08-24,2026-08-27T20:28:59.315516+00:00,APAM,NYSE,43.54999923706055,82.5,ブレイク接近,0.0,0.92,122.0,15.0,True,2026-08-24,44.09000015258789,42.29999923706055
2026-08-24,2026-08-27T20:28:59.315570+00:00,APH,NYSE,161.3800048828125,65.8,ブレイク接近,-4.6,0.6,140.1,7.0,True,2026-08-24,163.0500030517578,151.5
2026-08-24,2026-08-27T20:28:59.315619+00:00,APO,NYSE,133.44000244140625,75.1,ブレイク接近,-9.0,0.86,107.4,7.0,True,2026-08-24,135.61000061035156,130.7899932861328
2026-08-24,2026-08-27T20:28:59.315637+00:00,AS,NYSE,30.520000457763672,,,,,,,False,2026-08-24,32.71799850463867,30.26000022888184
2026-08-24,2026-08-27T20:28:59.315712+00:00,ATAI,NASDAQ,7.349999904632568,65.4,ブレイク接近,-0.4,0.58,754.7,4.0,True,2026-08-24,7.440000057220459,7.289999961853027
2026-08-24,2026-08-27T20:28:59.315751+00:00,ATHM,NYSE,22.549999237060547,,,,,,,False,2026-08-24,22.64999961853028,21.31999969482422
2026-08-24,2026-08-27T20:28:59.315832+00:00,ATNI,NASDAQ,29.690000534057617,72.1,ブレイク接近,-7.1,1.33,128.7,7.0,True,2026-08-24,31.670000076293945,29.25
2026-08-24,2026-08-27T20:28:59.315882+00:00,ATRC,NASDAQ,49.27000045776367,73.6,ブレイク接近,0.0,0.76,212.3,6.0,True,2026-08-24,49.880001068115234,47.060001373291016
2026-08-24,2026-08-27T20:28:59.315900+00:00,AUB,NYSE,40.83000183105469,,,,,,,False,2026-08-24,41.619998931884766,40.06999969482422
2026-08-24,2026-08-27T20:28:59.315973+00:00,AVNT,NYSE,44.2599983215332,80.9,ブレイク接近,-4.5,1.05,120.8,5.0,True,2026-08-24,45.56999969482422,43.869998931884766
2026-08-24,2026-08-27T20:28:59.316022+00:00,AVY,NYSE,178.33999633789062,79.0,底固め中,-8.4,0.94,58.6,16.0,True,2026-08-24,185.7700042724609,178.30999755859375
2026-08-24,2026-08-27T20:28:59.316072+00:00,AX,NYSE,97.36000061035156,69.5,右肩上がり確認,-4.7,0.72,79.8,13.0,True,2026-08-24,99.27999877929688,95.9000015258789
2026-08-24,2026-08-27T20:28:59.316090+00:00,AXP,NYSE,334.1600036621094,,,,,,,False,2026-08-24,344.0,331.94000244140625
2026-08-24,2026-08-27T20:28:59.316133+00:00,AXTA,NYSE,36.68999862670898,,,,,,,False,2026-08-24,37.31999969482422,35.939998626708984
2026-08-24,2026-08-27T20:28:59.316205+00:00,B,NYSE,47.31999969482422,88.5,右肩上がり確認,-6.3,1.11,79.4,6.0,True,2026-08-24,49.13999938964844,46.560001373291016
2026-08-24,2026-08-27T20:28:59.316224+00:00,BAC,NYSE,61.16999816894531,,,,,,,False,2026-08-24,62.7599983215332,61.10499954223633
2026-08-24,2026-08-27T20:28:59.316294+00:00,BAM,NYSE,52.06999969482422,85.1,ブレイク接近,-10.7,0.95,105.4,7.0,True,2026-08-24,52.7400016784668,51.77000045776367
2026-08-24,2026-08-27T20:28:59.316312+00:00,BANF,NASDAQ,110.4000015258789,,,,,,,False,2026-08-24,114.43000030517578,109.5801010131836
2026-08-24,2026-08-27T20:28:59.316384+00:00,BANR,NASDAQ,70.16999816894531,69.0,ブレイク接近,-5.2,0.99,202.3,6.0,True,2026-08-24,71.72000122070312,69.41000366210938
2026-08-24,2026-08-27T20:28:59.316401+00:00,BAP,NYSE,373.2000122070313,,,,,,,False,2026-08-24,385.9700012207031,372.0899963378906
2026-08-24,2026-08-27T20:28:59.316475+00:00,BBDC,NYSE,9.380000114440918,69.6,ブレイク接近,0.0,1.25,184.0,14.0,True,2026-08-24,9.470000267028809,9.289999961853027
2026-08-24,2026-08-27T20:28:59.316525+00:00,BBT,NYSE,31.540000915527344,67.2,ブレイク接近,-1.7,0.9,110.6,12.0,True,2026-08-24,31.959999084472656,31.09000015258789
2026-08-24,2026-08-27T20:28:59.316574+00:00,BBVA,NYSE,28.690000534057617,76.1,ブレイク接近,-1.2,1.13,249.7,5.0,True,2026-08-24,29.31999969482422,28.6299991607666
2026-08-24,2026-08-27T20:28:59.316592+00:00,BBY,NYSE,83.55999755859375,,,,,,,False,2026-08-24,88.87000274658203,76.69999694824219
2026-08-24,2026-08-27T20:28:59.316664+00:00,BCE,NYSE,23.39999961853028,66.2,底固め中,-8.8,0.84,48.3,7.0,True,2026-08-24,23.940000534057617,23.31999969482422
2026-08-24,2026-08-27T20:28:59.316717+00:00,BCH,NYSE,41.59999847412109,77.9,ブレイク接近,-1.4,0.93,95.7,10.0,True,2026-08-24,43.13999938964844,41.34000015258789
2026-08-24,2026-08-27T20:28:59.316748+00:00,BCO,NYSE,109.48999786376952,,,,,,,False,2026-08-24,113.38999938964844,108.98999786376952
2026-08-24,2026-08-27T20:28:59.316829+00:00,BCPC,NASDAQ,177.86000061035156,69.6,ブレイク接近,-2.0,0.75,85.5,16.0,True,2026-08-24,182.9900054931641,176.1199951171875
2026-08-24,2026-08-27T20:28:59.316880+00:00,BCX,NYSE,13.0600004196167,74.0,ブレイク接近,-1.1,0.73,98.3,7.0,True,2026-08-24,13.3100004196167,12.920000076293944
2026-08-24,2026-08-27T20:28:59.316931+00:00,BDJ,NYSE,9.789999961853027,63.7,ブレイク接近,-0.7,0.78,145.4,7.0,True,2026-08-24,9.850000381469728,9.710000038146973
2026-08-24,2026-08-27T20:28:59.316980+00:00,BDX,NYSE,188.1300048828125,80.4,ブレイク接近,-2.0,0.71,112.9,14.0,True,2026-08-24,193.07000732421875,187.02999877929688
2026-08-24,2026-08-27T20:28:59.317029+00:00,BEKE,NYSE,17.729999542236328,74.3,右肩上がり確認,-10.0,0.76,84.4,5.0,True,2026-08-24,18.51000022888184,17.5
2026-08-24,2026-08-27T20:28:59.317079+00:00,BFC,NASDAQ,151.85000610351562,71.2,ブレイク接近,-3.9,0.7,107.0,7.0,True,2026-08-24,154.67999267578125,151.1199951171875
2026-08-24,2026-08-27T20:28:59.317129+00:00,BFST,NASDAQ,31.229999542236328,66.0,ブレイク接近,-2.8,0.87,148.1,9.0,True,2026-08-24,31.51000022888184,30.88999938964844
2026-08-24,2026-08-27T20:28:59.317146+00:00,BGT,NYSE,11.06999969482422,,,,,,,False,2026-08-24,11.079999923706056,10.800000190734863
2026-08-24,2026-08-27T20:28:59.317221+00:00,BGY,NYSE,5.900000095367432,67.0,ブレイク接近,-0.3,0.63,97.8,4.0,True,2026-08-24,5.920000076293945,5.829999923706055
2026-08-24,2026-08-27T20:28:59.317239+00:00,BHB,NYSE American,39.2400016784668,,,,,,,False,2026-08-24,39.93999862670898,38.630001068115234
2026-08-24,2026-08-27T20:28:59.317314+00:00,BHRB,NASDAQ,71.62000274658203,65.1,ブレイク接近,-2.1,0.63,141.8,14.0,True,2026-08-24,73.54000091552734,70.76000213623047
2026-08-24,2026-08-27T20:28:59.317363+00:00,BIO,NYSE,389.9400024414063,65.5,ブレイク接近,0.0,0.73,263.9,7.0,True,2026-08-24,396.2300109863281,373.3999938964844
2026-08-24,2026-08-27T20:28:59.317412+00:00,BIPC,NYSE,39.380001068115234,61.2,底固め中,-20.2,0.91,19.3,12.0,True,2026-08-24,40.0099983215332,38.959999084472656
2026-08-24,2026-08-27T20:28:59.317430+00:00,BKNG,NASDAQ,202.5599975585937,,,,,,,False,2026-08-24,217.32000732421875,201.759994506836
2026-08-24,2026-08-27T20:28:59.317472+00:00,BLCO,NYSE,17.1299991607666,,,,,,,False,2026-08-24,17.559999465942383,16.950000762939453
2026-08-24,2026-08-27T20:28:59.317543+00:00,BLW,NYSE,12.710000038146973,63.6,右肩上がり確認,-2.5,0.91,76.3,22.0,True,2026-08-24,12.829999923706056,12.600000381469728
2026-08-24,2026-08-27T20:28:59.317593+00:00,BME,NYSE,46.09999847412109,66.9,ブレイク接近,-0.1,0.94,212.2,13.0,True,2026-08-24,46.43000030517578,45.650001525878906
2026-08-24,2026-08-27T20:28:59.317611+00:00,BMEZ,NYSE,17.100000381469727,,,,,,,False,2026-08-24,17.139999389648438,16.809999465942383
2026-08-24,2026-08-27T20:28:59.317654+00:00,BMRC,NASDAQ,26.729999542236328,,,,,,,False,2026-08-24,27.71999931335449,25.8799991607666
2026-08-24,2026-08-27T20:28:59.317743+00:00,BMRN,NASDAQ,65.29000091552734,83.3,ブレイク接近,-3.1,1.13,109.9,12.0,True,2026-08-24,67.18000030517578,64.70999908447266
2026-08-24,2026-08-27T20:28:59.317794+00:00,BMY,NYSE,66.94999694824219,68.4,ブレイク接近,-0.1,0.91,177.2,11.0,True,2026-08-24,68.05000305175781,66.20999908447266
2026-08-24,2026-08-27T20:28:59.317814+00:00,BNTC,NASDAQ,12.670000076293944,,,,,,,False,2026-08-24,13.640000343322754,12.470000267028809
2026-08-24,2026-08-27T20:28:59.317857+00:00,BNTX,NASDAQ,111.4000015258789,,,,,,,False,2026-08-24,116.87000274658205,110.25
2026-08-24,2026-08-27T20:28:59.317899+00:00,BOKF,NASDAQ,138.2899932861328,,,,,,,False,2026-08-24,142.25999450683594,136.06959533691406
2026-08-24,2026-08-27T20:28:59.317941+00:00,BR,NYSE,183.0800018310547,,,,,,,False,2026-08-24,186.9100036621093,180.8500061035156
2026-08-24,2026-08-27T20:28:59.317981+00:00,BSAC,NYSE,34.88999938964844,,,,,,,False,2026-08-24,36.400001525878906,34.790000915527344
2026-08-24,2026-08-27T20:28:59.318022+00:00,BSET,NASDAQ,18.850000381469727,,,,,,,False,2026-08-24,19.42889976501465,18.6200008392334
2026-08-24,2026-08-27T20:28:59.318092+00:00,BSM,NYSE,14.93000030517578,74.1,ブレイク接近,0.0,1.45,112.7,16.0,True,2026-08-24,15.100000381469728,14.6899995803833
2026-08-24,2026-08-27T20:28:59.318140+00:00,BSVN,NASDAQ,52.34000015258789,69.5,ブレイク接近,0.0,1.73,218.1,6.0,True,2026-08-24,53.81999969482422,51.31999969482422
2026-08-24,2026-08-27T20:28:59.318190+00:00,BTZ,NYSE,10.15999984741211,62.2,ブレイク接近,-1.4,1.16,90.9,21.0,True,2026-08-24,10.170000076293944,10.010000228881836
2026-08-24,2026-08-27T20:28:59.318238+00:00,BVN,NYSE,36.29999923706055,80.7,底固め中,-14.5,1.01,52.8,8.0,True,2026-08-24,36.86000061035156,34.310001373291016
2026-08-24,2026-08-27T20:28:59.318286+00:00,BWB,NASDAQ,21.31999969482422,67.0,右肩上がり確認,-4.1,1.03,144.6,7.0,True,2026-08-24,21.950000762939453,20.88999938964844
2026-08-24,2026-08-27T20:28:59.318335+00:00,BWMN,NASDAQ,42.52000045776367,81.8,ブレイク接近,-3.5,4.09,171.8,5.0,True,2026-08-24,42.59999847412109,42.459999084472656
2026-08-24,2026-08-27T20:28:59.318353+00:00,BX,NYSE,143.63999938964844,,,,,,,False,2026-08-24,145.6199951171875,141.4499969482422
2026-08-24,2026-08-27T20:28:59.318394+00:00,BY,NYSE,38.2599983215332,,,,,,,False,2026-08-24,38.65999984741211,37.720001220703125
2026-08-24,2026-08-27T20:28:59.318469+00:00,BZ,NASDAQ,18.0,97.0,ブレイク接近,-26.1,1.62,101.6,15.0,True,2026-08-24,19.334999084472656,15.06999969482422
2026-08-24,2026-08-27T20:28:59.318520+00:00,CAC,NASDAQ,56.86000061035156,60.5,ブレイク接近,-3.2,0.78,225.2,7.0,True,2026-08-24,58.20000076293945,54.150001525878906
2026-08-24,2026-08-27T20:28:59.318570+00:00,CACI,NYSE,633.8200073242188,89.7,ブレイク接近,-5.5,1.05,109.3,7.0,True,2026-08-24,644.030029296875,608.0
2026-08-24,2026-08-27T20:28:59.318623+00:00,CBAN,NYSE,21.290000915527344,60.0,ブレイク接近,-4.4,0.5,130.6,17.0,True,2026-08-24,21.75,20.82999992370605
2026-08-24,2026-08-27T20:28:59.318641+00:00,CBNK,NASDAQ,36.34000015258789,,,,,,,False,2026-08-24,37.09999847412109,36.02999877929688
2026-08-24,2026-08-27T20:28:59.318684+00:00,CBSH,NASDAQ,58.04999923706055,,,,,,,False,2026-08-24,59.34000015258789,57.5099983215332
2026-08-24,2026-08-27T20:28:59.318767+00:00,CCEP,NASDAQ,107.31999969482422,82.6,ブレイク接近,-2.0,0.88,90.2,10.0,True,2026-08-24,110.56999969482422,106.70999908447266
2026-08-24,2026-08-27T20:28:59.318816+00:00,CCK,NYSE,117.33999633789062,76.1,ブレイク接近,-2.8,0.68,117.7,10.0,True,2026-08-24,121.51000213623048,117.23999786376952
2026-08-24,2026-08-27T20:28:59.318866+00:00,CCU,NYSE,12.210000038146973,62.2,底固め中,-16.3,0.78,38.1,18.0,True,2026-08-24,12.829999923706056,12.170000076293944
2026-08-24,2026-08-27T20:28:59.318885+00:00,CDRE,NYSE,31.100000381469727,,,,,,,False,2026-08-24,34.2400016784668,30.950000762939453
2026-08-24,2026-08-27T20:28:59.318957+00:00,CFBK,NASDAQ,34.47999954223633,70.6,ブレイク接近,-4.4,0.72,122.6,11.0,True,2026-08-24,35.18000030517578,34.029998779296875
2026-08-24,2026-08-27T20:28:59.318975+00:00,CFG,NYSE,70.18000030517578,,,,,,,False,2026-08-24,70.93099975585938,69.32499694824219
2026-08-24,2026-08-27T20:28:59.319015+00:00,CFR,NYSE,161.38999938964844,,,,,,,False,2026-08-24,166.44000244140625,160.3249969482422
2026-08-24,2026-08-27T20:28:59.319055+00:00,CG,NASDAQ,49.2400016784668,,,,,,,False,2026-08-24,50.31999969482422,48.36000061035156
2026-08-24,2026-08-27T20:28:59.319125+00:00,CHCO,NASDAQ,143.17999267578125,65.4,ブレイク接近,-2.8,0.67,259.1,13.0,True,2026-08-24,146.0,141.72999572753906
2026-08-24,2026-08-27T20:28:59.319173+00:00,CHD,NYSE,102.37000274658205,76.1,右肩上がり確認,-1.8,0.88,84.7,23.0,True,2026-08-24,103.2300033569336,99.63999938964844
2026-08-24,2026-08-27T20:28:59.319191+00:00,CLMB,NASDAQ,29.049999237060547,,,,,,,False,2026-08-24,29.3799991607666,26.5
2026-08-24,2026-08-27T20:28:59.319233+00:00,CLW,NYSE,21.09000015258789,,,,,,,False,2026-08-24,21.979999542236328,20.690000534057617
2026-08-24,2026-08-27T20:28:59.319309+00:00,CLX,NYSE,103.62999725341795,72.1,底固め中,-16.5,1.02,46.1,4.0,True,2026-08-24,109.41999816894533,102.37000274658205
2026-08-24,2026-08-27T20:28:59.319328+00:00,CMCO,NASDAQ,18.38999938964844,,,,,,,False,2026-08-24,18.690000534057617,17.579999923706055
2026-08-24,2026-08-27T20:28:59.319401+00:00,CNH,NYSE,11.43000030517578,87.9,底固め中,-11.6,1.48,51.3,15.0,True,2026-08-24,12.079999923706056,11.38010025024414
2026-08-24,2026-08-27T20:28:59.319455+00:00,COF,NYSE,216.6699981689453,80.7,ブレイク接近,-12.1,0.63,92.2,11.0,True,2026-08-24,221.509994506836,214.6580047607422
2026-08-24,2026-08-27T20:28:59.319506+00:00,COO,NASDAQ,70.95999908447266,61.6,底固め中,-15.6,0.59,46.4,5.0,True,2026-08-24,76.58000183105469,70.69999694824219
2026-08-24,2026-08-27T20:28:59.319556+00:00,CP,NYSE,93.86000061035156,64.8,ブレイク接近,-2.9,0.92,171.3,9.0,True,2026-08-24,96.26000213623048,93.76529693603516
2026-08-24,2026-08-27T20:28:59.319605+00:00,CPK,NYSE,133.3000030517578,70.5,ブレイク接近,-2.5,0.85,91.7,18.0,True,2026-08-24,137.0800018310547,132.3000030517578
2026-08-24,2026-08-27T20:28:59.319624+00:00,CPS,NYSE,26.39999961853028,,,,,,,False,2026-08-24,28.06999969482422,26.1299991607666
2026-08-24,2026-08-27T20:28:59.319666+00:00,CR,NYSE,208.97999572753903,,,,,,,False,2026-08-24,212.69000244140625,205.1750030517578
2026-08-24,2026-08-27T20:28:59.319749+00:00,CRCT,NASDAQ,5.679999828338623,83.0,ブレイク接近,-13.2,2.0,224.6,7.0,True,2026-08-24,5.949999809265137,5.525000095367432
2026-08-24,2026-08-27T20:28:59.319801+00:00,CRL,NYSE,296.4100036621094,72.6,ブレイク接近,0.0,1.13,379.5,6.0,True,2026-08-24,303.30499267578125,290.010009765625
2026-08-24,2026-08-27T20:28:59.319819+00:00,CRM,NYSE,252.0500030517578,,,,,,,False,2026-08-24,254.47999572753903,198.9499969482422
2026-08-24,2026-08-27T20:28:59.319860+00:00,CRNX,NASDAQ,84.8499984741211,,,,,,,False,2026-08-24,84.88500213623047,84.70999908447266
2026-08-24,2026-08-27T20:28:59.319930+00:00,CRON,NASDAQ,3.390000104904175,73.8,ブレイク接近,0.0,1.53,322.6,7.0,True,2026-08-24,3.607700109481812,3.2699999809265137
2026-08-24,2026-08-27T20:28:59.319978+00:00,CRSP,NASDAQ,59.369998931884766,80.8,ブレイク接近,-18.7,0.9,94.6,9.0,True,2026-08-24,61.54999923706055,56.619998931884766
2026-08-24,2026-08-27T20:28:59.320027+00:00,CSL,NYSE,360.739990234375,72.1,底固め中,-11.2,0.84,45.1,13.0,True,2026-08-24,372.739990234375,359.4649963378906
2026-08-24,2026-08-27T20:28:59.320075+00:00,CSW,NYSE,318.4700012207031,83.5,ブレイク接近,-9.2,0.9,114.0,10.0,True,2026-08-24,332.7300109863281,318.0799865722656
2026-08-24,2026-08-27T20:28:59.320123+00:00,CTAS,NASDAQ,204.1499938964844,85.7,ブレイク接近,-0.6,0.78,104.3,12.0,True,2026-08-24,207.509994506836,202.7899932861328
2026-08-24,2026-08-27T20:28:59.320172+00:00,CTRN,NASDAQ,68.66999816894531,66.7,ブレイク接近,-7.1,0.88,456.0,7.0,True,2026-08-24,75.06999969482422,65.37999725341797
2026-08-24,2026-08-27T20:28:59.320190+00:00,CVBF,NASDAQ,22.299999237060547,,,,,,,False,2026-08-24,22.709999084472656,21.975000381469727
2026-08-24,2026-08-27T20:28:59.320234+00:00,CZFS,NASDAQ,81.1500015258789,,,,,,,False,2026-08-24,82.5,79.25
2026-08-24,2026-08-27T20:28:59.320307+00:00,CZNC,NASDAQ,25.489999771118164,62.9,ブレイク接近,-1.9,1.09,165.8,9.0,True,2026-08-24,26.25,25.100000381469727
2026-08-24,2026-08-27T20:28:59.320356+00:00,DAKT,NASDAQ,19.61000061035156,60.1,底固め中,-29.3,0.96,6.6,22.0,True,2026-08-24,19.89579963684082,18.89999961853028
2026-08-24,2026-08-27T20:28:59.320374+00:00,DASH,NASDAQ,231.88999938964844,,,,,,,False,2026-08-24,238.5200042724609,219.97999572753903
2026-08-24,2026-08-27T20:28:59.320446+00:00,DCH,NYSE,6.320000171661377,64.2,底固め中,-26.7,0.75,34.1,7.0,True,2026-08-24,6.889999866485596,6.239999771118164
2026-08-24,2026-08-27T20:28:59.320494+00:00,DCI,NYSE,92.41000366210938,75.7,底固め中,-15.0,0.83,40.6,12.0,True,2026-08-24,97.95999908447266,91.54000091552734
2026-08-24,2026-08-27T20:28:59.320543+00:00,DD,NYSE,138.8000030517578,68.9,底固め中,-7.5,0.95,51.6,7.0,True,2026-08-24,139.4600067138672,135.07000732421875
2026-08-24,2026-08-27T20:28:59.320591+00:00,DDS,NYSE,630.7100219726562,89.9,右肩上がり確認,-7.4,1.2,73.5,10.0,True,2026-08-24,651.9600219726562,617.760009765625
2026-08-24,2026-08-27T20:28:59.320639+00:00,DE,NYSE,622.6599731445312,82.0,右肩上がり確認,-5.5,0.88,72.4,6.0,True,2026-08-24,660.7000122070312,617.8099975585938
2026-08-24,2026-08-27T20:28:59.320687+00:00,DEO,NYSE,92.08999633789062,86.5,右肩上がり確認,-13.4,1.2,72.8,5.0,True,2026-08-24,96.98999786376952,91.97000122070312
2026-08-24,2026-08-27T20:28:59.320747+00:00,DGICA,NASDAQ,18.979999542236328,64.8,ブレイク接近,-4.6,0.96,117.2,18.0,True,2026-08-24,19.290000915527344,18.61000061035156
2026-08-24,2026-08-27T20:28:59.320796+00:00,DGX,NYSE,244.6100006103516,70.3,ブレイク接近,0.0,0.83,242.0,17.0,True,2026-08-24,247.19000244140625,241.7899932861328
2026-08-24,2026-08-27T20:28:59.320844+00:00,DIS,NYSE,106.81999969482422,76.9,ブレイク接近,-8.1,0.94,93.5,11.0,True,2026-08-24,111.87000274658205,106.73999786376952
2026-08-24,2026-08-27T20:28:59.320892+00:00,DJCO,NASDAQ,630.8499755859375,83.6,ブレイク接近,-5.1,1.92,148.5,5.0,True,2026-08-24,651.655029296875,595.2999877929688
2026-08-24,2026-08-27T20:28:59.320941+00:00,DKL,NYSE,54.93999862670898,78.3,ブレイク接近,-7.2,2.75,142.3,18.0,True,2026-08-24,55.22999954223633,53.15999984741211
2026-08-24,2026-08-27T20:28:59.320959+00:00,DLTR,NASDAQ,127.0,,,,,,,False,2026-08-24,137.07000732421875,118.11000061035156
2026-08-24,2026-08-27T20:28:59.321030+00:00,DOO,NASDAQ,62.119998931884766,64.7,底固め中,-23.5,0.87,26.5,10.0,True,2026-08-24,67.81999969482422,59.79499816894531
2026-08-24,2026-08-27T20:28:59.321079+00:00,DRI,NYSE,211.1300048828125,75.4,ブレイク接近,-6.3,0.72,88.7,19.0,True,2026-08-24,227.27999877929688,210.8600006103516
2026-08-24,2026-08-27T20:28:59.321097+00:00,DSGX,NASDAQ,80.66000366210938,,,,,,,False,2026-08-24,81.62000274658203,76.0999984741211
2026-08-24,2026-08-27T20:28:59.321169+00:00,DX,NYSE,12.899999618530272,66.7,ブレイク接近,-3.4,0.95,95.7,6.0,True,2026-08-24,13.100000381469728,12.824999809265137
2026-08-24,2026-08-27T20:28:59.321217+00:00,DXPE,NASDAQ,192.8099975585937,73.8,ブレイク接近,-4.0,0.95,257.1,5.0,True,2026-08-24,193.9900054931641,184.94000244140625
2026-08-24,2026-08-27T20:28:59.321236+00:00,DYN,NASDAQ,26.09000015258789,,,,,,,False,2026-08-24,26.690000534057617,25.13999938964844
2026-08-24,2026-08-27T20:28:59.321307+00:00,EAT,NYSE,233.22000122070312,78.9,ブレイク接近,-5.2,1.05,282.3,10.0,True,2026-08-24,254.9900054931641,230.80499267578125
2026-08-24,2026-08-27T20:28:59.321356+00:00,EBC,NASDAQ,22.405000686645508,73.6,右肩上がり確認,-5.2,0.51,127.5,12.0,True,2026-08-24,22.88999938964844,22.030000686645508
2026-08-24,2026-08-27T20:28:59.321406+00:00,ECL,NYSE,285.9100036621094,79.8,右肩上がり確認,-6.8,0.9,65.2,10.0,True,2026-08-24,295.3299865722656,283.8999938964844
2026-08-24,2026-08-27T20:28:59.321425+00:00,EE,NYSE,39.619998931884766,,,,,,,False,2026-08-24,40.77000045776367,38.209999084472656
2026-08-24,2026-08-27T20:28:59.321467+00:00,EEFT,NASDAQ,68.52999877929688,,,,,,,False,2026-08-24,71.55999755859375,68.44000244140625
2026-08-24,2026-08-27T20:28:59.321538+00:00,EHC,NYSE,119.56999969482422,77.6,ブレイク接近,-5.0,1.1,169.3,8.0,True,2026-08-24,122.31999969482422,118.76499938964844
2026-08-24,2026-08-27T20:28:59.321586+00:00,EMN,NYSE,72.6500015258789,74.2,底固め中,-7.1,0.75,59.0,7.0,True,2026-08-24,74.5199966430664,71.16999816894531
2026-08-24,2026-08-27T20:28:59.321634+00:00,EMR,NYSE,157.7100067138672,83.6,ブレイク接近,-3.3,0.99,106.7,5.0,True,2026-08-24,159.82000732421875,154.60000610351562
2026-08-24,2026-08-27T20:28:59.321681+00:00,ENR,NYSE,22.11000061035156,75.9,ブレイク接近,-20.4,1.04,96.1,5.0,True,2026-08-24,22.38999938964844,20.950000762939453
2026-08-24,2026-08-27T20:28:59.321739+00:00,EPAC,NYSE,37.5,70.5,底固め中,-12.8,0.51,42.3,18.0,True,2026-08-24,37.97999954223633,36.810001373291016
2026-08-24,2026-08-27T20:28:59.321758+00:00,EQBK,NYSE,49.72999954223633,,,,,,,False,2026-08-24,50.65999984741211,48.59000015258789
2026-08-24,2026-08-27T20:28:59.321829+00:00,EQH,NYSE,50.150001525878906,76.0,ブレイク接近,-5.5,0.72,157.1,5.0,True,2026-08-24,50.19499969482422,48.57600021362305
2026-08-24,2026-08-27T20:28:59.321878+00:00,ERIE,NASDAQ,259.44000244140625,78.5,右肩上がり確認,-21.8,0.99,65.6,10.0,True,2026-08-24,271.4700012207031,250.67999267578125
2026-08-24,2026-08-27T20:28:59.321927+00:00,ERO,NYSE,39.81999969482422,79.5,ブレイク接近,0.0,1.43,153.3,4.0,True,2026-08-24,40.83000183105469,37.93000030517578
2026-08-24,2026-08-27T20:28:59.321944+00:00,ESNT,NYSE,69.2699966430664,,,,,,,False,2026-08-24,69.58999633789062,68.0199966430664
2026-08-24,2026-08-27T20:28:59.321985+00:00,ESQ,NASDAQ,114.12000274658205,,,,,,,False,2026-08-24,117.4250030517578,111.3000030517578
2026-08-24,2026-08-27T20:28:59.322026+00:00,EXLS,NASDAQ,38.18000030517578,,,,,,,False,2026-08-24,38.33000183105469,37.04999923706055
2026-08-24,2026-08-27T20:28:59.322068+00:00,EYPT,NASDAQ,4.630000114440918,,,,,,,False,2026-08-24,5.349999904632568,4.5
2026-08-24,2026-08-27T20:28:59.322141+00:00,FBIZ,NASDAQ,70.81999969482422,65.2,ブレイク接近,-0.9,1.07,254.7,7.0,True,2026-08-24,71.18499755859375,68.55999755859375
2026-08-24,2026-08-27T20:28:59.322189+00:00,FBK,NYSE,57.630001068115234,78.8,右肩上がり確認,-6.7,0.72,68.1,16.0,True,2026-08-24,59.5,56.810001373291016
2026-08-24,2026-08-27T20:28:59.322237+00:00,FBNC,NASDAQ,63.58000183105469,68.4,右肩上がり確認,-4.2,0.69,119.6,6.0,True,2026-08-24,65.45999908447266,62.72999954223633
2026-08-24,2026-08-27T20:28:59.322254+00:00,FCF,NYSE,20.799999237060547,,,,,,,False,2026-08-24,21.280000686645508,20.52090072631836
2026-08-24,2026-08-27T20:28:59.322295+00:00,FCNCA,NASDAQ,2160.139892578125,,,,,,,False,2026-08-24,2227.320068359375,2143.97998046875
2026-08-24,2026-08-27T20:28:59.322336+00:00,FELE,NASDAQ,102.13999938964844,,,,,,,False,2026-08-24,105.0999984741211,100.7699966430664
2026-08-24,2026-08-27T20:28:59.322378+00:00,FERG,NYSE,233.259994506836,,,,,,,False,2026-08-24,243.67999267578125,231.22999572753903
2026-08-24,2026-08-27T20:28:59.322418+00:00,FHN,NYSE,24.420000076293945,,,,,,,False,2026-08-24,25.0,24.18000030517578
2026-08-24,2026-08-27T20:28:59.322458+00:00,FMBH,NASDAQ,50.29999923706055,,,,,,,False,2026-08-24,51.06999969482422,49.55500030517578
2026-08-24,2026-08-27T20:28:59.322499+00:00,FMNB,NASDAQ,15.770000457763672,,,,,,,False,2026-08-24,15.949999809265137,15.420000076293944
2026-08-24,2026-08-27T20:28:59.322539+00:00,FNB,NYSE,18.489999771118164,,,,,,,False,2026-08-24,18.700000762939453,18.20499992370605
2026-08-24,2026-08-27T20:28:59.322581+00:00,FNLC,NASDAQ,34.529998779296875,,,,,,,False,2026-08-24,35.0099983215332,34.01499938964844
2026-08-24,2026-08-27T20:28:59.322653+00:00,FRBA,NASDAQ,17.860000610351562,68.2,右肩上がり確認,-6.1,1.12,131.6,11.0,True,2026-08-24,18.57999992370605,17.479999542236328
2026-08-24,2026-08-27T20:28:59.322671+00:00,FRME,NASDAQ,41.66999816894531,,,,,,,False,2026-08-24,42.52000045776367,41.08000183105469
2026-08-24,2026-08-27T20:28:59.322755+00:00,FRNM,NASDAQ,13.9399995803833,90.0,ブレイク接近,-0.4,3.19,101.0,23.0,True,2026-08-24,14.34000015258789,13.350000381469728
2026-08-24,2026-08-27T20:28:59.322773+00:00,FSS,NYSE,120.37999725341795,,,,,,,False,2026-08-24,123.52999877929688,118.69000244140624
2026-08-24,2026-08-27T20:28:59.322844+00:00,FSUN,NASDAQ,40.130001068115234,73.8,ブレイク接近,-2.4,0.97,96.6,17.0,True,2026-08-24,40.90499877929688,39.7599983215332
2026-08-24,2026-08-27T20:28:59.322862+00:00,FULT,NASDAQ,23.75,,,,,,,False,2026-08-24,23.89999961853028,23.405000686645508
2026-08-24,2026-08-27T20:28:59.322903+00:00,FUNC,NASDAQ,43.20000076293945,,,,,,,False,2026-08-24,43.63999938964844,41.45000076293945
2026-08-24,2026-08-27T20:28:59.322974+00:00,FWONA,NASDAQ,94.08999633789062,64.2,ブレイク接近,-2.5,0.81,198.6,6.0,True,2026-08-24,98.79000091552734,93.2333984375
2026-08-24,2026-08-27T20:28:59.323024+00:00,FWONK,NASDAQ,102.08999633789062,71.1,ブレイク接近,-2.7,0.99,203.2,8.0,True,2026-08-24,107.30999755859376,101.5999984741211
2026-08-24,2026-08-27T20:28:59.323073+00:00,GAB,NYSE,5.710000038146973,62.8,右肩上がり確認,-3.4,0.63,71.7,17.0,True,2026-08-24,5.739999771118164,5.639999866485596
2026-08-24,2026-08-27T20:28:59.323091+00:00,GATX,NYSE,178.44000244140625,,,,,,,False,2026-08-24,181.3999938964844,175.61000061035156
2026-08-24,2026-08-27T20:28:59.323131+00:00,GBCI,NYSE,47.27000045776367,,,,,,,False,2026-08-24,47.7599983215332,46.41999816894531
2026-08-24,2026-08-27T20:28:59.323201+00:00,GCMG,NASDAQ,13.68000030517578,70.1,ブレイク接近,-1.3,0.89,177.9,5.0,True,2026-08-24,13.890000343322754,13.30500030517578
2026-08-24,2026-08-27T20:28:59.323219+00:00,GD,NYSE,380.05999755859375,,,,,,,False,2026-08-24,386.4100036621094,375.1799926757813
2026-08-24,2026-08-27T20:28:59.323261+00:00,GE,NYSE,342.7300109863281,,,,,,,False,2026-08-24,356.3900146484375,339.6000061035156
2026-08-24,2026-08-27T20:28:59.323331+00:00,GEF,NYSE,84.51000213623047,79.4,ブレイク接近,-4.7,1.1,166.8,10.0,True,2026-08-24,88.26000213623047,83.56999969482422
2026-08-24,2026-08-27T20:28:59.323379+00:00,GFF,NYSE,99.1999969482422,84.8,ブレイク接近,-7.5,1.02,118.4,4.0,True,2026-08-24,102.95999908447266,98.4499969482422
2026-08-24,2026-08-27T20:28:59.323397+00:00,GHC,NYSE,1142.9200439453125,,,,,,,False,2026-08-24,1189.6400146484375,1142.9100341796875
2026-08-24,2026-08-27T20:28:59.323468+00:00,GIC,NYSE,39.619998931884766,64.1,ブレイク接近,0.0,1.16,260.5,8.0,True,2026-08-24,40.31999969482422,38.869998931884766
2026-08-24,2026-08-27T20:28:59.323517+00:00,GILD,NASDAQ,148.86000061035156,81.0,ブレイク接近,-2.8,0.85,85.6,16.0,True,2026-08-24,149.6199951171875,144.58999633789062
2026-08-24,2026-08-27T20:28:59.323565+00:00,GIS,NYSE,40.43999862670898,76.6,底固め中,-15.1,0.75,56.0,11.0,True,2026-08-24,41.06999969482422,39.27000045776367
2026-08-24,2026-08-27T20:28:59.323613+00:00,GLBE,NASDAQ,39.4900016784668,79.0,ブレイク接近,-6.8,0.81,141.6,4.0,True,2026-08-24,40.9900016784668,38.79999923706055
2026-08-24,2026-08-27T20:28:59.323661+00:00,GLP,NYSE,50.400001525878906,61.2,ブレイク接近,-0.8,0.78,159.4,9.0,True,2026-08-24,50.5,49.27000045776367
2026-08-24,2026-08-27T20:28:59.323679+00:00,GMAB,NASDAQ,34.099998474121094,,,,,,,False,2026-08-24,34.470001220703125,32.7400016784668
2026-08-24,2026-08-27T20:28:59.323761+00:00,GPC,NYSE,136.6999969482422,80.1,右肩上がり確認,-6.1,0.62,83.5,5.0,True,2026-08-24,139.88999938964844,133.92999267578125
2026-08-24,2026-08-27T20:28:59.323809+00:00,GPN,NYSE,92.73999786376952,74.3,ブレイク接近,-0.8,0.85,160.0,11.0,True,2026-08-24,95.87999725341795,91.68569946289062
2026-08-24,2026-08-27T20:28:59.323827+00:00,GRFS,NASDAQ,7.820000171661377,,,,,,,False,2026-08-24,8.09000015258789,7.804999828338623
2026-08-24,2026-08-27T20:28:59.323898+00:00,GRVY,NASDAQ,73.02999877929688,71.2,ブレイク接近,0.0,0.92,113.0,5.0,True,2026-08-24,74.30000305175781,71.01000213623047
2026-08-24,2026-08-27T20:28:59.323947+00:00,HALO,NASDAQ,106.91999816894533,82.7,ブレイク接近,-1.2,1.26,231.1,8.0,True,2026-08-24,109.66000366210938,106.0500030517578
2026-08-24,2026-08-27T20:28:59.323965+00:00,HAYW,NYSE,14.25,,,,,,,False,2026-08-24,14.78499984741211,14.239999771118164
2026-08-24,2026-08-27T20:28:59.324005+00:00,HBAN,NASDAQ,16.860000610351562,,,,,,,False,2026-08-24,17.360000610351562,16.790000915527344
2026-08-24,2026-08-27T20:28:59.324045+00:00,HBT,NASDAQ,35.709999084472656,,,,,,,False,2026-08-24,36.25,34.93000030517578
2026-08-24,2026-08-27T20:28:59.324115+00:00,HCI,NYSE,186.8800048828125,77.9,ブレイク接近,-8.6,0.9,141.8,15.0,True,2026-08-24,189.08999633789065,183.0200042724609
2026-08-24,2026-08-27T20:28:59.324133+00:00,HD,NYSE,328.6099853515625,,,,,,,False,2026-08-24,342.2200012207031,327.8900146484375
2026-08-24,2026-08-27T20:28:59.324173+00:00,HFWA,NASDAQ,28.65999984741211,,,,,,,False,2026-08-24,29.31999969482422,28.299999237060547
2026-08-24,2026-08-27T20:28:59.324244+00:00,HGTY,NYSE,13.31999969482422,78.3,ブレイク接近,-3.6,1.03,128.3,13.0,True,2026-08-24,13.619999885559082,13.010000228881836
2026-08-24,2026-08-27T20:28:59.324262+00:00,HIPO,NYSE,32.61000061035156,,,,,,,False,2026-08-24,33.88999938964844,32.16999816894531
2026-08-24,2026-08-27T20:28:59.324330+00:00,HLN,NYSE,10.039999961853027,72.2,底固め中,-9.1,0.77,53.0,11.0,True,2026-08-24,10.260000228881836,9.970000267028809
2026-08-24,2026-08-27T20:28:59.324378+00:00,HOMB,NYSE,29.670000076293945,74.7,右肩上がり確認,-5.5,0.7,94.6,15.0,True,2026-08-24,30.59000015258789,29.40999984741211
2026-08-24,2026-08-27T20:28:59.324428+00:00,HQH,NYSE,23.18000030517578,68.2,ブレイク接近,-2.3,1.08,306.6,6.0,True,2026-08-24,23.89999961853028,23.155000686645508
2026-08-24,2026-08-27T20:28:59.324446+00:00,HRL,NYSE,21.280000686645508,,,,,,,False,2026-08-24,24.21999931335449,21.270000457763672
2026-08-24,2026-08-27T20:28:59.324487+00:00,HROW,NASDAQ,38.540000915527344,,,,,,,False,2026-08-24,42.4900016784668,38.18000030517578
2026-08-24,2026-08-27T20:28:59.324557+00:00,HRZN,NASDAQ,4.820000171661377,65.0,底固め中,-19.2,1.03,52.0,6.0,True,2026-08-24,4.989999771118164,4.739999771118164
2026-08-24,2026-08-27T20:28:59.324605+00:00,HSBC,NYSE,102.8499984741211,67.6,ブレイク接近,-2.9,0.78,197.5,5.0,True,2026-08-24,104.62999725341795,102.2699966430664
2026-08-24,2026-08-27T20:28:59.324652+00:00,HSIC,NASDAQ,90.27999877929688,67.8,ブレイク接近,0.0,0.81,168.2,9.0,True,2026-08-24,91.38999938964844,87.66999816894531
2026-08-24,2026-08-27T20:28:59.324700+00:00,HSY,NYSE,181.32000732421875,61.9,底固め中,-22.1,0.56,18.0,13.0,True,2026-08-24,190.25,180.07000732421875
2026-08-24,2026-08-27T20:28:59.324759+00:00,HTGC,NYSE,17.520000457763672,75.8,ブレイク接近,0.0,1.16,228.3,8.0,True,2026-08-24,17.739999771118164,17.1200008392334
2026-08-24,2026-08-27T20:28:59.324778+00:00,HTH,NYSE,38.56999969482422,,,,,,,False,2026-08-24,39.209999084472656,38.1349983215332
2026-08-24,2026-08-27T20:28:59.324819+00:00,HVT,NYSE,27.3799991607666,,,,,,,False,2026-08-24,27.920000076293945,26.700000762939453
2026-08-24,2026-08-27T20:28:59.324888+00:00,HWC,NASDAQ,75.0,73.9,右肩上がり確認,-6.0,0.68,113.5,7.0,True,2026-08-24,76.0999984741211,73.87000274658203
2026-08-24,2026-08-27T20:28:59.324937+00:00,IBCP,NASDAQ,36.63999938964844,71.0,右肩上がり確認,-4.4,0.99,105.0,9.0,True,2026-08-24,37.40999984741211,36.2599983215332
2026-08-24,2026-08-27T20:28:59.324984+00:00,IBEX,NASDAQ,37.25,74.1,ブレイク接近,-10.4,1.0,126.5,6.0,True,2026-08-24,37.41999816894531,36.36000061035156
2026-08-24,2026-08-27T20:28:59.325032+00:00,IBN,NYSE,29.86000061035156,77.0,右肩上がり確認,-8.6,0.68,81.8,10.0,True,2026-08-24,30.64999961853028,29.290000915527344
2026-08-24,2026-08-27T20:28:59.325050+00:00,IBOC,NASDAQ,70.61000061035156,,,,,,,False,2026-08-24,72.41999816894531,69.59500122070312
2026-08-24,2026-08-27T20:28:59.325090+00:00,ICUI,NASDAQ,175.10000610351562,,,,,,,False,2026-08-24,185.0,174.9199981689453
2026-08-24,2026-08-27T20:28:59.325130+00:00,IDXX,NASDAQ,545.0800170898438,,,,,,,False,2026-08-24,562.1900024414062,542.0599975585938
2026-08-24,2026-08-27T20:28:59.325199+00:00,IEX,NYSE,233.97999572753903,63.6,ブレイク接近,-2.1,0.76,188.8,5.0,True,2026-08-24,235.97999572753903,228.5800018310547
2026-08-24,2026-08-27T20:28:59.325248+00:00,IFF,NYSE,86.8499984741211,72.8,ブレイク接近,0.0,0.79,130.2,5.0,True,2026-08-24,88.55999755859375,84.30000305175781
2026-08-24,2026-08-27T20:28:59.325266+00:00,IFS,NYSE,54.36000061035156,,,,,,,False,2026-08-24,55.61000061035156,54.22999954223633
2026-08-24,2026-08-27T20:28:59.325336+00:00,IMCR,NASDAQ,36.75,67.8,ブレイク接近,-7.0,0.79,177.9,11.0,True,2026-08-24,37.5,35.720001220703125
2026-08-24,2026-08-27T20:28:59.325383+00:00,IMMR,NASDAQ,7.789999961853027,65.6,ブレイク接近,0.0,0.79,214.3,4.0,True,2026-08-24,7.900000095367432,7.409999847412109
2026-08-24,2026-08-27T20:28:59.325401+00:00,IMNM,NASDAQ,28.8700008392334,,,,,,,False,2026-08-24,29.71999931335449,27.63999938964844
2026-08-24,2026-08-27T20:28:59.325469+00:00,INCY,NASDAQ,127.73999786376952,70.4,ブレイク接近,-0.1,0.7,207.0,11.0,True,2026-08-24,130.8000030517578,126.05999755859376
2026-08-24,2026-08-27T20:28:59.325487+00:00,INDB,NASDAQ,82.41999816894531,,,,,,,False,2026-08-24,84.5199966430664,81.08049774169922
2026-08-24,2026-08-27T20:28:59.325527+00:00,INMD,NASDAQ,14.84000015258789,,,,,,,False,2026-08-24,15.170000076293944,14.779999732971191
2026-08-24,2026-08-27T20:28:59.325598+00:00,IPAR,NASDAQ,117.2699966430664,67.6,右肩上がり確認,-5.8,0.91,196.0,10.0,True,2026-08-24,118.18000030517578,112.1999969482422
2026-08-24,2026-08-27T20:28:59.325649+00:00,IQV,NYSE,262.3800048828125,69.9,ブレイク接近,0.0,0.76,352.0,11.0,True,2026-08-24,265.239990234375,253.1600036621093
2026-08-24,2026-08-27T20:28:59.325667+00:00,IRTC,NASDAQ,116.33000183105467,,,,,,,False,2026-08-24,129.9499969482422,115.9800033569336
2026-08-24,2026-08-27T20:28:59.325749+00:00,ISTR,NASDAQ,30.26000022888184,61.3,ブレイク接近,-2.2,0.58,111.1,11.0,True,2026-08-24,30.780000686645508,29.63500022888184
2026-08-24,2026-08-27T20:28:59.325798+00:00,ITIC,NASDAQ,304.0,82.2,ブレイク接近,0.0,1.83,137.5,5.0,True,2026-08-24,306.7200012207031,289.2699890136719
2026-08-24,2026-08-27T20:28:59.325847+00:00,ITW,NYSE,281.6700134277344,79.8,右肩上がり確認,-5.1,0.63,71.6,12.0,True,2026-08-24,286.2699890136719,279.25
2026-08-24,2026-08-27T20:28:59.325895+00:00,JCI,NYSE,142.2100067138672,67.8,右肩上がり確認,-7.4,0.73,91.1,11.0,True,2026-08-24,145.25,140.8000030517578
2026-08-24,2026-08-27T20:28:59.325942+00:00,JOE,NYSE,67.91000366210938,75.5,右肩上がり確認,-5.2,0.79,66.7,14.0,True,2026-08-24,70.41000366210938,67.91000366210938
2026-08-24,2026-08-27T20:28:59.325961+00:00,JOYY,NASDAQ,74.83000183105469,,,,,,,False,2026-08-24,80.9000015258789,72.86000061035156
2026-08-24,2026-08-27T20:28:59.326032+00:00,JPM,NYSE,354.2200012207031,70.8,ブレイク接近,-2.4,0.59,189.1,10.0,True,2026-08-24,358.3500061035156,352.2250061035156
2026-08-24,2026-08-27T20:28:59.326080+00:00,JXN,NYSE,133.47999572753906,75.3,ブレイク接近,-1.4,0.94,192.4,13.0,True,2026-08-24,134.4600067138672,130.27999877929688
2026-08-24,2026-08-27T20:28:59.326128+00:00,KB,NYSE,121.37999725341795,78.2,ブレイク接近,-2.1,0.61,119.2,10.0,True,2026-08-24,121.8906021118164,117.37999725341795
2026-08-24,2026-08-27T20:28:59.326146+00:00,KEY,NYSE,22.020000457763672,,,,,,,False,2026-08-24,22.200000762939453,21.71999931335449
2026-08-24,2026-08-27T20:28:59.326200+00:00,KHC,NASDAQ,25.1299991607666,,,,,,,False,2026-08-24,26.01000022888184,24.25
2026-08-24,2026-08-27T20:28:59.326241+00:00,KINS,NASDAQ,20.09000015258789,,,,,,,False,2026-08-24,20.46999931335449,19.65999984741211
2026-08-24,2026-08-27T20:28:59.326281+00:00,KKR,NYSE,109.31999969482422,,,,,,,False,2026-08-24,111.12429809570312,105.91999816894533
2026-08-24,2026-08-27T20:28:59.326352+00:00,KYMR,NASDAQ,120.2300033569336,67.0,ブレイク接近,0.0,0.86,267.7,6.0,True,2026-08-24,127.8499984741211,116.45999908447266
2026-08-24,2026-08-27T20:28:59.326402+00:00,LAD,NYSE,371.0400085449219,73.3,ブレイク接近,-3.6,0.64,128.8,6.0,True,2026-08-24,378.0199890136719,361.7799987792969
2026-08-24,2026-08-27T20:28:59.326421+00:00,LAUR,NASDAQ,39.040000915527344,,,,,,,False,2026-08-24,39.21500015258789,36.83000183105469
2026-08-24,2026-08-27T20:28:59.326492+00:00,LAZ,NYSE,43.220001220703125,65.5,底固め中,-21.5,0.65,29.6,7.0,True,2026-08-24,44.54999923706055,42.5099983215332
2026-08-24,2026-08-27T20:28:59.326540+00:00,LECO,NASDAQ,289.7300109863281,91.0,ブレイク接近,-2.5,1.25,86.5,17.0,True,2026-08-24,292.5400085449219,277.70001220703125
2026-08-24,2026-08-27T20:28:59.326589+00:00,LH,NYSE,336.5400085449219,76.5,ブレイク接近,0.0,0.85,224.9,14.0,True,2026-08-24,341.7950134277344,331.67999267578125
2026-08-24,2026-08-27T20:28:59.326606+00:00,LIF,NASDAQ,44.2599983215332,,,,,,,False,2026-08-24,45.09199905395508,42.59000015258789
2026-08-24,2026-08-27T20:28:59.326647+00:00,LKFN,NASDAQ,59.18999862670898,,,,,,,False,2026-08-24,60.86000061035156,58.3650016784668
2026-08-24,2026-08-27T20:28:59.326688+00:00,LMNR,NASDAQ,13.5600004196167,,,,,,,False,2026-08-24,14.18000030517578,13.3149995803833
2026-08-24,2026-08-27T20:28:59.326772+00:00,LMT,NYSE,565.8900146484375,71.0,底固め中,-15.2,0.79,38.2,12.0,True,2026-08-24,569.9600219726562,555.27001953125
2026-08-24,2026-08-27T20:28:59.326791+00:00,LNC,NYSE,43.5099983215332,,,,,,,False,2026-08-24,43.75,42.0
2026-08-24,2026-08-27T20:28:59.326832+00:00,LOAR,NYSE,73.08999633789062,,,,,,,False,2026-08-24,76.45999908447266,70.99500274658203
2026-08-24,2026-08-27T20:28:59.326871+00:00,LPLA,NASDAQ,361.2200012207031,,,,,,,False,2026-08-24,369.9800109863281,344.45001220703125
2026-08-24,2026-08-27T20:28:59.326911+00:00,LSPD,NYSE,10.789999961853027,,,,,,,False,2026-08-24,10.899999618530272,10.359999656677246
2026-08-24,2026-08-27T20:28:59.326950+00:00,LTM,NYSE,51.20000076293945,,,,,,,False,2026-08-24,54.810001373291016,50.77999877929688
2026-08-24,2026-08-27T20:28:59.327019+00:00,LW,NYSE,54.79999923706055,77.3,ブレイク接近,-14.9,0.72,151.8,7.0,True,2026-08-24,55.70000076293945,53.58000183105469
2026-08-24,2026-08-27T20:28:59.327067+00:00,LXP,NYSE,61.060001373291016,72.8,ブレイク接近,0.0,1.07,307.0,8.0,True,2026-08-24,61.18999862670898,60.880001068115234
2026-08-24,2026-08-27T20:28:59.327115+00:00,LYFT,NASDAQ,17.350000381469727,81.1,ブレイク接近,-25.0,0.84,124.7,11.0,True,2026-08-24,17.969999313354492,17.020000457763672
2026-08-24,2026-08-27T20:28:59.327163+00:00,LYG,NYSE,5.920000076293945,76.8,右肩上がり確認,-4.7,0.55,122.0,6.0,True,2026-08-24,6.090000152587891,5.902999877929688
2026-08-24,2026-08-27T20:28:59.327212+00:00,MA,NYSE,591.72998046875,74.0,ブレイク接近,0.0,0.79,169.8,19.0,True,2026-08-24,601.22998046875,584.219970703125
2026-08-24,2026-08-27T20:28:59.327230+00:00,MAIN,NYSE,58.59000015258789,,,,,,,False,2026-08-24,59.220001220703125,58.09999847412109
2026-08-24,2026-08-27T20:28:59.327274+00:00,MAN,NYSE,62.209999084472656,,,,,,,False,2026-08-24,62.959999084472656,59.810001373291016
2026-08-24,2026-08-27T20:28:59.327346+00:00,MAT,NASDAQ,14.920000076293944,64.0,底固め中,-30.6,0.81,19.5,9.0,True,2026-08-24,15.579999923706056,14.449999809265137
2026-08-24,2026-08-27T20:28:59.327395+00:00,MBUU,NASDAQ,28.799999237060547,67.6,右肩上がり確認,-16.6,0.66,60.4,11.0,True,2026-08-24,30.36000061035156,26.520000457763672
2026-08-24,2026-08-27T20:28:59.327445+00:00,MBWM,NASDAQ,59.744998931884766,60.0,ブレイク接近,-2.9,0.76,204.1,11.0,True,2026-08-24,60.790000915527344,58.4901008605957
2026-08-24,2026-08-27T20:28:59.327463+00:00,MCHB,NASDAQ,16.100000381469727,,,,,,,False,2026-08-24,16.360000610351562,15.850000381469728
2026-08-24,2026-08-27T20:28:59.327535+00:00,MCO,NYSE,509.0199890136719,69.3,ブレイク接近,-4.9,0.69,167.2,19.0,True,2026-08-24,520.6699829101562,501.010009765625
2026-08-24,2026-08-27T20:28:59.327588+00:00,MDT,NYSE,89.97000122070312,72.0,右肩上がり確認,-12.5,0.66,60.1,5.0,True,2026-08-24,94.0500030517578,89.95999908447266
2026-08-24,2026-08-27T20:28:59.327638+00:00,MDXG,NASDAQ,4.510000228881836,63.8,右肩上がり確認,-41.0,0.82,62.3,9.0,True,2026-08-24,4.739999771118164,4.239999771118164
2026-08-24,2026-08-27T20:28:59.327656+00:00,MELI,NASDAQ,1930.75,,,,,,,False,2026-08-24,2011.199951171875,1906.070068359375
2026-08-24,2026-08-27T20:28:59.327697+00:00,MESO,NASDAQ,18.18000030517578,,,,,,,False,2026-08-24,18.316699981689453,16.440000534057617
2026-08-24,2026-08-27T20:28:59.327748+00:00,MGEE,NASDAQ,78.36000061035156,,,,,,,False,2026-08-24,79.93000030517578,78.27999877929688
2026-08-24,2026-08-27T20:28:59.327789+00:00,MGRC,NASDAQ,113.75,,,,,,,False,2026-08-24,117.94000244140624,112.81999969482422
2026-08-24,2026-08-27T20:28:59.327861+00:00,MHK,NYSE,129.8000030517578,89.8,ブレイク接近,-7.4,1.2,92.3,10.0,True,2026-08-24,138.27999877929688,129.6300048828125
2026-08-24,2026-08-27T20:28:59.327879+00:00,MKL,NYSE,1805.8199462890625,,,,,,,False,2026-08-24,1831.030029296875,1791.0001220703125
2026-08-24,2026-08-27T20:28:59.327948+00:00,MLKN,NASDAQ,23.489999771118164,70.6,ブレイク接近,-4.1,0.64,118.1,6.0,True,2026-08-24,23.799999237060547,22.790000915527344
2026-08-24,2026-08-27T20:28:59.327966+00:00,MMM,NYSE,178.8300018310547,,,,,,,False,2026-08-24,180.8000030517578,176.91000366210938
2026-08-24,2026-08-27T20:28:59.328037+00:00,MMSI,NASDAQ,89.54000091552734,82.5,ブレイク接近,-3.7,1.17,133.2,6.0,True,2026-08-24,91.9000015258789,88.58000183105469
2026-08-24,2026-08-27T20:28:59.328098+00:00,MOS,NYSE,23.76000022888184,71.7,底固め中,-30.8,0.9,33.0,12.0,True,2026-08-24,25.200000762939453,23.31999969482422
2026-08-24,2026-08-27T20:28:59.328179+00:00,MPB,NASDAQ,36.720001220703125,65.9,ブレイク接近,-4.4,0.64,174.1,13.0,True,2026-08-24,38.0,36.34000015258789
2026-08-24,2026-08-27T20:28:59.328200+00:00,MQ,NASDAQ,16.209999084472656,,,,,,,False,2026-08-24,16.780000686645508,16.0
2026-08-24,2026-08-27T20:28:59.328278+00:00,MRK,NYSE,149.5399932861328,69.3,ブレイク接近,-2.0,1.11,340.3,12.0,True,2026-08-24,156.9199981689453,149.02000427246094
2026-08-24,2026-08-27T20:28:59.328328+00:00,MRP,NYSE,30.5,66.1,ブレイク接近,-2.6,0.62,104.4,10.0,True,2026-08-24,30.959999084472656,30.309999465942383
2026-08-24,2026-08-27T20:28:59.328377+00:00,MRSH,NYSE,190.0,74.6,ブレイク接近,-6.8,0.68,120.5,13.0,True,2026-08-24,195.6699981689453,188.759994506836
2026-08-24,2026-08-27T20:28:59.328425+00:00,MSA,NYSE,191.6699981689453,81.6,右肩上がり確認,-4.5,0.87,78.0,18.0,True,2026-08-24,192.4100036621093,186.8099975585937
2026-08-24,2026-08-27T20:28:59.328444+00:00,MSEX,NASDAQ,57.86000061035156,,,,,,,False,2026-08-24,59.79999923706055,57.45000076293945
2026-08-24,2026-08-27T20:28:59.328516+00:00,MSFT,NASDAQ,505.05999755859375,70.1,ブレイク接近,-2.7,0.69,288.1,7.0,True,2026-08-24,506.4700012207031,481.8599853515625
2026-08-24,2026-08-27T20:28:59.328534+00:00,MTB,NYSE,238.67999267578125,,,,,,,False,2026-08-24,244.7700042724609,237.27999877929688
2026-08-24,2026-08-27T20:28:59.328575+00:00,MTN,NYSE,144.61000061035156,,,,,,,False,2026-08-24,154.27000427246094,144.1999969482422
2026-08-24,2026-08-27T20:28:59.328617+00:00,MTW,NYSE,19.01000022888184,,,,,,,False,2026-08-24,20.190000534057617,18.82999992370605
2026-08-24,2026-08-27T20:28:59.328657+00:00,MVBF,NASDAQ,30.200000762939453,,,,,,,False,2026-08-24,30.8700008392334,29.11000061035156
2026-08-24,2026-08-27T20:28:59.328698+00:00,NAVI,NASDAQ,9.3100004196167,,,,,,,False,2026-08-24,9.574999809265137,9.114999771118164
2026-08-24,2026-08-27T20:28:59.328784+00:00,NBBK,NASDAQ,22.36000061035156,70.5,ブレイク接近,-2.7,1.22,103.3,11.0,True,2026-08-24,22.57999992370605,21.809999465942383
2026-08-24,2026-08-27T20:28:59.328803+00:00,NBTB,NASDAQ,51.43000030517578,,,,,,,False,2026-08-24,52.63999938964844,50.68000030517578
2026-08-24,2026-08-27T20:28:59.328875+00:00,NDSN,NASDAQ,330.8399963378906,75.8,ブレイク接近,-0.4,1.04,193.1,7.0,True,2026-08-24,339.1199951171875,330.3500061035156
2026-08-24,2026-08-27T20:28:59.328925+00:00,NIC,NYSE,171.41000366210938,64.7,ブレイク接近,-4.3,0.51,145.4,11.0,True,2026-08-24,175.6300048828125,168.5863037109375
2026-08-24,2026-08-27T20:28:59.328973+00:00,NKSH,NASDAQ,40.70000076293945,72.4,ブレイク接近,-4.0,1.45,162.8,19.0,True,2026-08-24,41.81999969482422,40.04999923706055
2026-08-24,2026-08-27T20:28:59.329022+00:00,NLY,NYSE,23.059999465942383,61.6,ブレイク接近,-1.2,0.78,156.8,8.0,True,2026-08-24,23.3799991607666,22.78499984741211
2026-08-24,2026-08-27T20:28:59.329041+00:00,NMIH,NASDAQ,44.79999923706055,,,,,,,False,2026-08-24,46.20000076293945,44.470001220703125
2026-08-24,2026-08-27T20:28:59.329082+00:00,NMR,NYSE,10.119999885559082,,,,,,,False,2026-08-24,10.15999984741211,9.6899995803833
2026-08-24,2026-08-27T20:28:59.329124+00:00,NMRK,NASDAQ,15.539999961853027,,,,,,,False,2026-08-24,16.290000915527344,15.479999542236328
2026-08-24,2026-08-27T20:28:59.329165+00:00,NOMD,NYSE,11.989999771118164,,,,,,,False,2026-08-24,12.5600004196167,11.725000381469728
2026-08-24,2026-08-27T20:28:59.329206+00:00,NRIM,NASDAQ,25.799999237060547,,,,,,,False,2026-08-24,26.299999237060547,25.25
2026-08-24,2026-08-27T20:28:59.329275+00:00,NRIX,NASDAQ,26.875,67.2,ブレイク接近,-0.6,0.51,514.3,6.0,True,2026-08-24,27.5,25.86000061035156
2026-08-24,2026-08-27T20:28:59.329324+00:00,NSC,NYSE,347.92999267578125,75.1,ブレイク接近,-0.8,0.96,198.4,8.0,True,2026-08-24,355.989990234375,347.0249938964844
2026-08-24,2026-08-27T20:28:59.329341+00:00,NTES,NASDAQ,122.69000244140624,,,,,,,False,2026-08-24,128.97000122070312,121.87999725341795
2026-08-24,2026-08-27T20:28:59.329381+00:00,NTRA,NASDAQ,338.70001220703125,,,,,,,False,2026-08-24,343.17999267578125,321.5899963378906
2026-08-24,2026-08-27T20:28:59.329454+00:00,NUVB,NYSE,6.989999771118164,74.5,ブレイク接近,-26.0,0.88,163.9,6.0,True,2026-08-24,7.175000190734863,6.659999847412109
2026-08-24,2026-08-27T20:28:59.329473+00:00,NVRI,NYSE,22.46999931335449,,,,,,,False,2026-08-24,23.61000061035156,20.65999984741211
2026-08-24,2026-08-27T20:28:59.329542+00:00,NWG,NYSE,18.459999084472656,76.5,ブレイク接近,-3.4,0.64,140.5,5.0,True,2026-08-24,18.89999961853028,18.38999938964844
2026-08-24,2026-08-27T20:28:59.329591+00:00,NWL,NASDAQ,5.880000114440918,69.5,ブレイク接近,-5.8,0.69,182.4,4.0,True,2026-08-24,6.179999828338623,5.789999961853027
2026-08-24,2026-08-27T20:28:59.329608+00:00,OBDC,NYSE,11.279999732971191,,,,,,,False,2026-08-24,11.489999771118164,11.225000381469728
2026-08-24,2026-08-27T20:28:59.329679+00:00,OC,NYSE,143.67999267578125,77.9,右肩上がり確認,-8.5,0.72,127.9,4.0,True,2026-08-24,150.0,142.0500030517578
2026-08-24,2026-08-27T20:28:59.329697+00:00,OCFC,NASDAQ,18.88999938964844,,,,,,,False,2026-08-24,19.200000762939453,18.709999084472656
2026-08-24,2026-08-27T20:28:59.329782+00:00,OESX,NASDAQ,26.6299991607666,80.7,ブレイク接近,0.0,2.52,359.9,13.0,True,2026-08-24,26.6299991607666,19.709999084472656
2026-08-24,2026-08-27T20:28:59.329831+00:00,OMF,NYSE,63.88999938964844,76.1,ブレイク接近,-4.9,0.77,162.9,8.0,True,2026-08-24,64.23999786376953,62.25
2026-08-24,2026-08-27T20:28:59.329849+00:00,ONC,NASDAQ,372.489990234375,,,,,,,False,2026-08-24,380.0,365.1400146484375
2026-08-24,2026-08-27T20:28:59.329897+00:00,ORC,NYSE,6.739999771118164,,,,,,,False,2026-08-24,6.78000020980835,6.610000133514404
2026-08-24,2026-08-27T20:28:59.329969+00:00,ORI,NYSE,42.2400016784668,63.8,ブレイク接近,-2.5,0.7,101.0,11.0,True,2026-08-24,42.619998931884766,41.459999084472656
2026-08-24,2026-08-27T20:28:59.329987+00:00,ORRF,NASDAQ,42.17499923706055,,,,,,,False,2026-08-24,42.75,41.59000015258789
2026-08-24,2026-08-27T20:28:59.330056+00:00,OTEX,NASDAQ,25.18000030517578,71.8,ブレイク接近,-34.0,0.75,98.2,6.0,True,2026-08-24,25.395000457763672,23.76000022888184
2026-08-24,2026-08-27T20:28:59.330105+00:00,OWL,NYSE,12.020000457763672,82.5,ブレイク接近,-31.3,0.91,106.5,5.0,True,2026-08-24,12.220000267028809,11.489999771118164
2026-08-24,2026-08-27T20:28:59.330122+00:00,OZK,NASDAQ,49.43999862670898,,,,,,,False,2026-08-24,50.08000183105469,48.84000015258789
2026-08-24,2026-08-27T20:28:59.330192+00:00,P,NYSE,99.23999786376952,80.3,ブレイク接近,-16.0,1.07,269.3,6.0,True,2026-08-24,112.6999969482422,95.0199966430664
2026-08-24,2026-08-27T20:28:59.330241+00:00,PANL,NASDAQ,7.900000095367432,71.9,底固め中,-14.9,0.73,48.4,8.0,True,2026-08-24,8.390000343322754,7.869999885559082
2026-08-24,2026-08-27T20:28:59.330259+00:00,PAYO,NASDAQ,7.130000114440918,,,,,,,False,2026-08-24,7.130000114440918,7.099999904632568
2026-08-24,2026-08-27T20:28:59.330298+00:00,PB,NYSE,72.69000244140625,,,,,,,False,2026-08-24,74.04000091552734,72.01000213623047
2026-08-24,2026-08-27T20:28:59.330338+00:00,PBYI,NASDAQ,9.239999771118164,,,,,,,False,2026-08-24,9.380000114440918,8.954999923706055
2026-08-24,2026-08-27T20:28:59.330407+00:00,PCAR,NASDAQ,126.54000091552734,75.7,右肩上がり確認,-4.7,0.91,93.7,10.0,True,2026-08-24,132.42999267578125,126.23999786376952
2026-08-24,2026-08-27T20:28:59.330454+00:00,PCTY,NASDAQ,158.14999389648438,78.1,ブレイク接近,-9.3,1.05,252.2,4.0,True,2026-08-24,158.80999755859375,149.27000427246094
2026-08-24,2026-08-27T20:28:59.330502+00:00,PFS,NYSE,23.559999465942383,66.1,右肩上がり確認,-4.4,0.76,115.6,7.0,True,2026-08-24,23.8700008392334,23.229999542236328
2026-08-24,2026-08-27T20:28:59.330551+00:00,PGY,NASDAQ,23.26000022888184,70.2,ブレイク接近,-45.0,0.73,157.8,5.0,True,2026-08-24,23.59000015258789,21.26000022888184
2026-08-24,2026-08-27T20:28:59.330600+00:00,PH,NYSE,1011.2000122070312,85.1,ブレイク接近,-5.8,1.01,95.0,11.0,True,2026-08-24,1047.6099853515625,1001.4199829101562
2026-08-24,2026-08-27T20:28:59.330618+00:00,PHM,NYSE,126.75,,,,,,,False,2026-08-24,132.0500030517578,126.51000213623048
2026-08-24,2026-08-27T20:28:59.330693+00:00,PKG,NYSE,243.69000244140625,79.2,右肩上がり確認,-4.8,0.71,101.0,11.0,True,2026-08-24,255.6000061035156,240.1699981689453
2026-08-24,2026-08-27T20:28:59.330752+00:00,PLUS,NASDAQ,87.66000366210938,67.2,ブレイク接近,-4.8,0.87,113.9,6.0,True,2026-08-24,87.75,84.93000030517578
2026-08-24,2026-08-27T20:28:59.330770+00:00,PNC,NYSE,243.509994506836,,,,,,,False,2026-08-24,247.0800018310547,240.0
2026-08-24,2026-08-27T20:28:59.330841+00:00,PRI,NYSE,291.44000244140625,63.0,右肩上がり確認,-8.9,0.97,166.3,9.0,True,2026-08-24,303.20001220703125,288.9901123046875
2026-08-24,2026-08-27T20:28:59.330890+00:00,PRK,NYSE American,198.0500030517578,69.6,ブレイク接近,-4.3,0.79,229.5,7.0,True,2026-08-24,204.75,190.0
2026-08-24,2026-08-27T20:28:59.330908+00:00,PRVA,NASDAQ,20.86000061035156,,,,,,,False,2026-08-24,21.489999771118164,20.81999969482422
2026-08-24,2026-08-27T20:28:59.330949+00:00,PTC,NASDAQ,158.9499969482422,,,,,,,False,2026-08-24,159.0,148.58999633789062
2026-08-24,2026-08-27T20:28:59.330989+00:00,PUK,NYSE,27.729999542236328,,,,,,,False,2026-08-24,28.57999992370605,27.440000534057617
2026-08-24,2026-08-27T20:28:59.331059+00:00,QCRH,NASDAQ,100.7699966430664,73.1,ブレイク接近,-5.4,1.1,141.0,7.0,True,2026-08-24,102.5500030517578,99.41999816894533
2026-08-24,2026-08-27T20:28:59.331107+00:00,QGEN,NYSE,43.7400016784668,82.0,右肩上がり確認,-20.6,1.36,62.1,4.0,True,2026-08-24,44.209999084472656,41.41999816894531
2026-08-24,2026-08-27T20:28:59.331125+00:00,QTWO,NYSE,65.68000030517578,,,,,,,False,2026-08-24,67.51000213623047,62.45000076293945
2026-08-24,2026-08-27T20:28:59.331195+00:00,RACE,NYSE,414.0400085449219,78.9,ブレイク接近,-16.4,0.74,159.6,5.0,True,2026-08-24,430.0899963378906,411.7200012207031
2026-08-24,2026-08-27T20:28:59.331243+00:00,RCBC,NASDAQ,49.810001373291016,73.7,ブレイク接近,0.0,13.04,220.1,20.0,True,2026-08-24,50.2400016784668,48.84000015258789
2026-08-24,2026-08-27T20:28:59.331260+00:00,RCL,NYSE,284.79998779296875,,,,,,,False,2026-08-24,298.8599853515625,283.4800109863281
2026-08-24,2026-08-27T20:28:59.331301+00:00,RDNT,NASDAQ,75.36000061035156,,,,,,,False,2026-08-24,77.79000091552734,73.80999755859375
2026-08-24,2026-08-27T20:28:59.331342+00:00,REAL,NASDAQ,10.949999809265137,,,,,,,False,2026-08-24,11.359999656677246,10.854999542236328
2026-08-24,2026-08-27T20:28:59.331382+00:00,RERE,NYSE,3.9700000286102295,,,,,,,False,2026-08-24,4.199999809265137,3.859999895095825
2026-08-24,2026-08-27T20:28:59.331452+00:00,REXR,NYSE,37.119998931884766,75.5,ブレイク接近,-12.0,0.83,86.7,9.0,True,2026-08-24,37.93999862670898,36.935001373291016
2026-08-24,2026-08-27T20:28:59.331470+00:00,REYN,NASDAQ,24.200000762939453,,,,,,,False,2026-08-24,25.850000381469727,24.09499931335449
2026-08-24,2026-08-27T20:28:59.331510+00:00,RF,NYSE,30.39999961853028,,,,,,,False,2026-08-24,31.040000915527344,29.979999542236328
2026-08-24,2026-08-27T20:28:59.331578+00:00,RGA,NYSE,246.0200042724609,77.3,ブレイク接近,-1.0,0.97,189.6,15.0,True,2026-08-24,248.2400054931641,241.4499969482422
2026-08-24,2026-08-27T20:28:59.331627+00:00,RIGL,NASDAQ,46.86000061035156,72.1,ブレイク接近,-7.2,0.91,218.1,5.0,True,2026-08-24,47.459999084472656,44.5099983215332
2026-08-24,2026-08-27T20:28:59.331644+00:00,RITM,NYSE,10.010000228881836,,,,,,,False,2026-08-24,10.300000190734863,9.989999771118164
2026-08-24,2026-08-27T20:28:59.331715+00:00,RJF,NYSE,176.11000061035156,82.2,ブレイク接近,-2.6,0.65,117.1,11.0,True,2026-08-24,178.08999633789062,168.92999267578125
2026-08-24,2026-08-27T20:28:59.331773+00:00,RLI,NYSE,64.22000122070312,72.4,ブレイク接近,-1.8,0.62,137.4,6.0,True,2026-08-24,67.0,63.650001525878906
2026-08-24,2026-08-27T20:28:59.331822+00:00,RPC,NYSE,8.710000038146973,74.8,底固め中,-27.3,1.3,56.8,4.0,True,2026-08-24,9.020000457763672,8.680000305175781
2026-08-24,2026-08-27T20:28:59.331840+00:00,RPM,NYSE,105.6999969482422,,,,,,,False,2026-08-24,109.5500030517578,104.87000274658205
2026-08-24,2026-08-27T20:28:59.331881+00:00,RRR,NASDAQ,58.400001525878906,,,,,,,False,2026-08-24,61.869998931884766,58.29999923706055
2026-08-24,2026-08-27T20:28:59.331951+00:00,RTX,NYSE,212.0800018310547,79.0,ブレイク接近,-4.9,0.82,110.1,8.0,True,2026-08-24,213.1000061035156,207.44000244140625
2026-08-24,2026-08-27T20:28:59.331969+00:00,RWAY,NASDAQ,6.579999923706055,,,,,,,False,2026-08-24,6.679999828338623,6.4720001220703125
2026-08-24,2026-08-27T20:28:59.332039+00:00,RYAN,NYSE,43.5,81.1,右肩上がり確認,-24.3,0.65,78.6,7.0,True,2026-08-24,44.619998931884766,42.459999084472656
2026-08-24,2026-08-27T20:28:59.332057+00:00,RYN,NYSE,20.6299991607666,,,,,,,False,2026-08-24,21.459999084472656,20.54080009460449
2026-08-24,2026-08-27T20:28:59.332126+00:00,SA,NYSE,34.060001373291016,83.3,右肩上がり確認,-13.4,1.11,64.5,7.0,True,2026-08-24,35.119998931884766,29.989999771118164
2026-08-24,2026-08-27T20:28:59.332145+00:00,SABS,NASDAQ,3.930000066757202,,,,,,,False,2026-08-24,3.930000066757202,3.609999895095825
2026-08-24,2026-08-27T20:28:59.332215+00:00,SAFT,NASDAQ,103.79000091552734,70.2,ブレイク接近,0.0,0.8,384.6,15.0,True,2026-08-24,103.8000030517578,103.55999755859376
2026-08-24,2026-08-27T20:28:59.332263+00:00,SAN,NYSE,14.550000190734863,80.1,ブレイク接近,-1.4,2.35,189.2,4.0,True,2026-08-24,14.81999969482422,14.505000114440918
2026-08-24,2026-08-27T20:28:59.332311+00:00,SAP,NYSE,221.1699981689453,78.5,ブレイク接近,-17.5,0.79,143.8,9.0,True,2026-08-24,222.3999938964844,208.57000732421875
2026-08-24,2026-08-27T20:28:59.332329+00:00,SARO,NYSE,25.07999992370605,,,,,,,False,2026-08-24,25.6299991607666,24.46999931335449
2026-08-24,2026-08-27T20:28:59.332399+00:00,SBCF,NASDAQ,34.310001373291016,80.9,ブレイク接近,-5.0,0.82,93.6,14.0,True,2026-08-24,35.189998626708984,33.91999816894531
2026-08-24,2026-08-27T20:28:59.332417+00:00,SBFG,NASDAQ,27.8700008392334,,,,,,,False,2026-08-24,27.915000915527344,26.559999465942383
2026-08-24,2026-08-27T20:28:59.332488+00:00,SCHW,NYSE,108.0500030517578,80.7,ブレイク接近,-3.8,0.66,123.6,17.0,True,2026-08-24,114.52999877929688,106.33999633789062
2026-08-24,2026-08-27T20:28:59.332536+00:00,SD,NYSE,14.119999885559082,64.8,底固め中,-16.8,1.03,26.0,12.0,True,2026-08-24,14.289999961853027,13.609999656677246
2026-08-24,2026-08-27T20:28:59.332585+00:00,SE,NYSE,118.31999969482422,86.9,ブレイク接近,-39.6,1.06,109.0,4.0,True,2026-08-24,123.7300033569336,114.13999938964844
2026-08-24,2026-08-27T20:28:59.332632+00:00,SEIC,NASDAQ,111.3000030517578,68.9,ブレイク接近,0.0,0.83,415.0,10.0,True,2026-08-24,111.9000015258789,109.62000274658205
2026-08-24,2026-08-27T20:28:59.332650+00:00,SF,NYSE,80.80999755859375,,,,,,,False,2026-08-24,82.16000366210938,78.52999877929688
2026-08-24,2026-08-27T20:28:59.332730+00:00,SFBS,NYSE,43.18999862670898,74.6,右肩上がり確認,-5.4,0.7,103.1,7.0,True,2026-08-24,44.29499816894531,42.30009841918945
2026-08-24,2026-08-27T20:28:59.332749+00:00,SFIX,NASDAQ,3.0899999141693115,,,,,,,False,2026-08-24,3.359999895095825,3.059999942779541
2026-08-24,2026-08-27T20:28:59.332790+00:00,SFST,NASDAQ,62.18999862670898,,,,,,,False,2026-08-24,63.880001068115234,60.99819946289063
2026-08-24,2026-08-27T20:28:59.332831+00:00,SKWD,NASDAQ,57.650001525878906,,,,,,,False,2026-08-24,58.88999938964844,56.68000030517578
2026-08-24,2026-08-27T20:28:59.332901+00:00,SKYW,NASDAQ,98.87000274658205,72.9,右肩上がり確認,-17.1,0.68,71.3,6.0,True,2026-08-24,104.8000030517578,98.81999969482422
2026-08-24,2026-08-27T20:28:59.332919+00:00,SLGN,NYSE,41.84999847412109,,,,,,,False,2026-08-24,43.560001373291016,41.76499938964844
2026-08-24,2026-08-27T20:28:59.332960+00:00,SLM,NASDAQ,26.770000457763672,,,,,,,False,2026-08-24,27.0049991607666,26.1200008392334
2026-08-24,2026-08-27T20:28:59.333031+00:00,SMBK,NYSE,50.59000015258789,65.9,ブレイク接近,-4.1,0.98,238.3,7.0,True,2026-08-24,51.97999954223633,49.750099182128906
2026-08-24,2026-08-27T20:28:59.333078+00:00,SOFI,NASDAQ,19.18000030517578,67.1,右肩上がり確認,-35.5,0.59,70.2,9.0,True,2026-08-24,19.46999931335449,18.06999969482422
2026-08-24,2026-08-27T20:28:59.333126+00:00,SONO,NASDAQ,15.100000381469728,71.3,底固め中,-21.1,0.68,54.8,7.0,True,2026-08-24,15.859999656677246,15.050000190734863
2026-08-24,2026-08-27T20:28:59.333174+00:00,SONY,NYSE,24.06999969482422,79.5,ブレイク接近,-20.1,0.69,125.3,14.0,True,2026-08-24,24.32999992370605,23.809999465942383
2026-08-24,2026-08-27T20:28:59.333191+00:00,SOPH,NASDAQ,8.920000076293945,,,,,,,False,2026-08-24,8.979999542236328,8.3100004196167
2026-08-24,2026-08-27T20:28:59.333261+00:00,SPB,NYSE,88.5,63.3,ブレイク接近,-1.3,1.09,190.5,5.0,True,2026-08-24,89.36000061035156,86.36000061035156
2026-08-24,2026-08-27T20:28:59.333279+00:00,SPFI,NASDAQ,43.619998931884766,,,,,,,False,2026-08-24,44.90900039672852,42.91999816894531
2026-08-24,2026-08-27T20:28:59.333349+00:00,SPGI,NYSE,435.3900146484375,61.5,ブレイク接近,-15.2,0.75,120.2,17.0,True,2026-08-24,444.739990234375,423.8900146484375
2026-08-24,2026-08-27T20:28:59.333367+00:00,SPOK,NASDAQ,10.359999656677246,,,,,,,False,2026-08-24,10.699999809265137,10.29010009765625
2026-08-24,2026-08-27T20:28:59.333436+00:00,SSB,NYSE,106.0500030517578,87.3,ブレイク接近,-5.0,0.99,97.5,10.0,True,2026-08-24,108.08000183105467,105.01000213623048
2026-08-24,2026-08-27T20:28:59.333485+00:00,SSNC,NASDAQ,83.47000122070312,78.1,ブレイク接近,-6.2,0.72,150.7,13.0,True,2026-08-24,84.5,82.05000305175781
2026-08-24,2026-08-27T20:28:59.333503+00:00,STE,NYSE,232.97000122070312,,,,,,,False,2026-08-24,240.33999633789065,232.8099975585937
2026-08-24,2026-08-27T20:28:59.333544+00:00,STRA,NASDAQ,85.58000183105469,,,,,,,False,2026-08-24,86.68000030517578,82.86000061035156
2026-08-24,2026-08-27T20:28:59.333587+00:00,SYBT,NASDAQ,79.7300033569336,,,,,,,False,2026-08-24,82.98999786376953,78.55999755859375
2026-08-24,2026-08-27T20:28:59.333627+00:00,SYF,NYSE,79.93000030517578,,,,,,,False,2026-08-24,81.41999816894531,79.12000274658203
2026-08-24,2026-08-27T20:28:59.333667+00:00,TBBK,NASDAQ,66.44000244140625,,,,,,,False,2026-08-24,68.01000213623047,65.0999984741211
2026-08-24,2026-08-27T20:28:59.333707+00:00,TCBK,NASDAQ,53.869998931884766,,,,,,,False,2026-08-24,55.400001525878906,53.25
2026-08-24,2026-08-27T20:28:59.333788+00:00,TCBX,NYSE,45.09000015258789,70.4,ブレイク接近,-2.3,0.75,125.1,15.0,True,2026-08-24,46.25,43.869998931884766
2026-08-24,2026-08-27T20:28:59.333838+00:00,TDY,NYSE,626.5,62.4,底固め中,-9.4,0.76,37.8,18.0,True,2026-08-24,639.030029296875,619.0800170898438
2026-08-24,2026-08-27T20:28:59.333887+00:00,TEL,NYSE,203.0,60.1,底固め中,-16.9,0.72,22.1,18.0,True,2026-08-24,205.97999572753903,199.27999877929688
2026-08-24,2026-08-27T20:28:59.333905+00:00,TFC,NYSE,50.29999923706055,,,,,,,False,2026-08-24,51.38999938964844,49.875
2026-08-24,2026-08-27T20:28:59.333975+00:00,TMO,NYSE,630.7000122070312,71.2,ブレイク接近,0.0,0.71,185.7,10.0,True,2026-08-24,647.0,615.969970703125
2026-08-24,2026-08-27T20:28:59.333993+00:00,TOL,NYSE,145.1300048828125,,,,,,,False,2026-08-24,152.05999755859375,144.92999267578125
2026-08-24,2026-08-27T20:28:59.334062+00:00,TOWN,NASDAQ,37.369998931884766,70.2,ブレイク接近,-1.4,0.86,120.9,8.0,True,2026-08-24,38.16999816894531,37.0
2026-08-24,2026-08-27T20:28:59.334080+00:00,TPC,NYSE,91.9499969482422,,,,,,,False,2026-08-24,92.5199966430664,86.47000122070312
2026-08-24,2026-08-27T20:28:59.334150+00:00,TPG,NASDAQ,53.93999862670898,93.8,ブレイク接近,-16.6,1.58,105.8,6.0,True,2026-08-24,54.130001068115234,51.59000015258789
2026-08-24,2026-08-27T20:28:59.334169+00:00,TRI,NASDAQ,104.77999877929688,,,,,,,False,2026-08-24,109.45999908447266,102.08000183105467
2026-08-24,2026-08-27T20:28:59.334239+00:00,TRIN,NYSE,18.700000762939453,61.4,ブレイク接近,0.0,1.05,348.7,9.0,True,2026-08-24,18.86000061035156,18.270000457763672
2026-08-24,2026-08-27T20:28:59.334257+00:00,TRNO,NYSE,67.11000061035156,,,,,,,False,2026-08-24,69.16000366210938,66.76000213623047
2026-08-24,2026-08-27T20:28:59.334297+00:00,TRU,NYSE,84.66999816894531,,,,,,,False,2026-08-24,86.29000091552734,83.47000122070312
2026-08-24,2026-08-27T20:28:59.334338+00:00,TSLX,NYSE,18.75,,,,,,,False,2026-08-24,19.059999465942383,18.642799377441406
2026-08-24,2026-08-27T20:28:59.334408+00:00,TTC,NYSE,99.4499969482422,70.6,ブレイク接近,-1.4,0.67,89.8,14.0,True,2026-08-24,100.8000030517578,98.62999725341795
2026-08-24,2026-08-27T20:28:59.334426+00:00,TWIN,NASDAQ,23.36000061035156,,,,,,,False,2026-08-24,24.209999084472656,22.350000381469727
2026-08-24,2026-08-27T20:28:59.334467+00:00,UBSI,NASDAQ,47.4900016784668,,,,,,,False,2026-08-24,48.310001373291016,46.84999847412109
2026-08-24,2026-08-27T20:28:59.334509+00:00,UCB,NYSE,35.22999954223633,,,,,,,False,2026-08-24,35.939998626708984,34.61000061035156
2026-08-24,2026-08-27T20:28:59.334579+00:00,UGI,NYSE,38.22999954223633,75.9,ブレイク接近,-2.7,1.55,104.5,5.0,True,2026-08-24,38.68999862670898,37.38999938964844
2026-08-24,2026-08-27T20:28:59.334629+00:00,UL,NYSE,64.41999816894531,79.3,底固め中,-11.4,0.82,54.6,13.0,True,2026-08-24,65.62999725341797,63.994998931884766
2026-08-24,2026-08-27T20:28:59.334647+00:00,ULTA,NASDAQ,540.0999755859375,,,,,,,False,2026-08-24,546.510009765625,526.0700073242188
2026-08-24,2026-08-27T20:28:59.334728+00:00,UMH,NYSE,16.5,73.9,ブレイク接近,-0.1,1.2,139.2,8.0,True,2026-08-24,16.770000457763672,16.399999618530273
2026-08-24,2026-08-27T20:28:59.334780+00:00,UNP,NYSE,307.6700134277344,69.8,ブレイク接近,-0.1,0.78,247.3,7.0,True,2026-08-24,314.1499938964844,305.7099914550781
2026-08-24,2026-08-27T20:28:59.334798+00:00,UNTY,NASDAQ,58.29999923706055,,,,,,,False,2026-08-24,60.34000015258789,57.70000076293945
2026-08-24,2026-08-27T20:28:59.334840+00:00,UPBD,NASDAQ,19.290000915527344,,,,,,,False,2026-08-24,19.799999237060547,18.809999465942383
2026-08-24,2026-08-27T20:28:59.334912+00:00,URBN,NASDAQ,78.79000091552734,70.4,ブレイク接近,-3.7,0.98,156.1,5.0,True,2026-08-24,85.43000030517578,73.75
2026-08-24,2026-08-27T20:28:59.334961+00:00,USB,NYSE,62.400001525878906,74.0,右肩上がり確認,-4.6,0.67,129.4,7.0,True,2026-08-24,63.18000030517578,61.810001373291016
2026-08-24,2026-08-27T20:28:59.335010+00:00,USCB,NASDAQ,22.290000915527344,61.7,ブレイク接近,-0.7,0.89,233.0,15.0,True,2026-08-24,23.88599967956543,22.040000915527344
2026-08-24,2026-08-27T20:28:59.335057+00:00,USFD,NYSE,107.77999877929688,72.5,ブレイク接近,-1.7,0.77,140.3,5.0,True,2026-08-24,111.2750015258789,106.44000244140624
2026-08-24,2026-08-27T20:28:59.335075+00:00,UTZ,NYSE,14.199999809265137,,,,,,,False,2026-08-24,14.270000457763672,14.149999618530272
2026-08-24,2026-08-27T20:28:59.335150+00:00,V,NYSE,379.6600036621094,72.5,ブレイク接近,0.0,0.81,242.1,10.0,True,2026-08-24,385.5700073242188,372.2099914550781
2026-08-24,2026-08-27T20:28:59.335199+00:00,VEEV,NYSE,282.1300048828125,77.0,ブレイク接近,-4.8,0.85,296.6,6.0,True,2026-08-24,296.20001220703125,238.92999267578125
2026-08-24,2026-08-27T20:28:59.335249+00:00,VEON,NASDAQ,60.400001525878906,72.1,ブレイク接近,0.0,0.9,142.6,4.0,True,2026-08-24,63.47999954223633,59.119998931884766
2026-08-24,2026-08-27T20:28:59.335269+00:00,VLTO,NYSE,98.37000274658205,,,,,,,False,2026-08-24,100.37999725341795,97.48999786376952
2026-08-24,2026-08-27T20:28:59.335341+00:00,VOD,NASDAQ,15.880000114440918,66.5,ブレイク接近,-3.3,1.01,121.2,4.0,True,2026-08-24,16.139999389648438,15.670000076293944
2026-08-24,2026-08-27T20:28:59.335359+00:00,VRSK,NASDAQ,191.0200042724609,,,,,,,False,2026-08-24,196.4199981689453,185.27999877929688
2026-08-24,2026-08-27T20:28:59.335430+00:00,VRTX,NASDAQ,547.5499877929688,74.5,ブレイク接近,-0.1,0.77,169.6,15.0,True,2026-08-24,555.6900024414062,540.0800170898438
2026-08-24,2026-08-27T20:28:59.335479+00:00,VSEC,NASDAQ,221.0,79.1,ブレイク接近,-8.6,0.84,88.7,7.0,True,2026-08-24,228.80499267578125,212.0599975585937
2026-08-24,2026-08-27T20:28:59.335529+00:00,VYX,NYSE,9.18000030517578,73.9,右肩上がり確認,-31.0,1.02,81.9,6.0,True,2026-08-24,9.260000228881836,7.820000171661377
2026-08-24,2026-08-27T20:28:59.335577+00:00,VZLA,NYSE American,4.159999847412109,75.8,右肩上がり確認,-37.4,0.96,72.5,5.0,True,2026-08-24,4.164999961853027,3.849999904632568
2026-08-24,2026-08-27T20:28:59.335627+00:00,WASH,NASDAQ,39.84000015258789,61.1,ブレイク接近,-0.9,0.72,181.2,11.0,True,2026-08-24,40.0,39.0
2026-08-24,2026-08-27T20:28:59.335675+00:00,WBD,NASDAQ,28.8799991607666,71.5,ブレイク接近,-3.7,0.88,104.4,23.0,True,2026-08-24,28.989999771118164,28.64999961853028
2026-08-24,2026-08-27T20:28:59.335693+00:00,WCN,NYSE,165.67999267578125,,,,,,,False,2026-08-24,171.39999389648438,164.88999938964844
2026-08-24,2026-08-27T20:28:59.335775+00:00,WFC,NYSE,84.97000122070312,71.9,右肩上がり確認,-10.0,0.68,60.1,8.0,True,2026-08-24,85.68000030517578,83.72000122070312
2026-08-24,2026-08-27T20:28:59.335794+00:00,WFG,NYSE,69.0,,,,,,,False,2026-08-24,70.02999877929688,67.23999786376953
2026-08-24,2026-08-27T20:28:59.335864+00:00,WHD,NYSE,68.52999877929688,75.1,ブレイク接近,-6.5,0.88,181.9,4.0,True,2026-08-24,70.30500030517578,65.69999694824219
2026-08-24,2026-08-27T20:28:59.335882+00:00,WMS,NYSE,138.80999755859375,,,,,,,False,2026-08-24,145.3350067138672,137.47999572753906
2026-08-24,2026-08-27T20:28:59.335951+00:00,WPP,NYSE,25.950000762939453,73.9,ブレイク接近,-5.8,1.12,310.2,4.0,True,2026-08-24,27.56999969482422,25.600000381469727
2026-08-24,2026-08-27T20:28:59.336001+00:00,WSBC,NASDAQ,40.45000076293945,67.1,右肩上がり確認,-5.2,0.54,177.8,13.0,True,2026-08-24,41.27999877929688,39.83000183105469
2026-08-24,2026-08-27T20:28:59.336019+00:00,WSM,NYSE,238.3999938964844,,,,,,,False,2026-08-24,248.07000732421875,221.33999633789065
2026-08-24,2026-08-27T20:28:59.336093+00:00,WTBA,NASDAQ,28.3799991607666,70.6,ブレイク接近,-4.9,1.29,187.2,14.0,True,2026-08-24,28.950000762939453,27.8799991607666
2026-08-24,2026-08-27T20:28:59.336143+00:00,WWW,NYSE,19.76000022888184,73.8,ブレイク接近,-36.6,0.8,144.9,8.0,True,2026-08-24,21.46999931335449,19.709999084472656
2026-08-24,2026-08-27T20:28:59.336161+00:00,WY,NYSE,23.700000762939453,,,,,,,False,2026-08-24,24.8799991607666,23.700000762939453
2026-08-24,2026-08-27T20:28:59.336202+00:00,XNCR,NASDAQ,28.8799991607666,,,,,,,False,2026-08-24,30.61000061035156,27.13999938964844
2026-08-24,2026-08-27T20:28:59.336244+00:00,YMM,NYSE,8.770000457763672,,,,,,,False,2026-08-24,8.9399995803833,8.390000343322754
2026-08-24,2026-08-27T20:28:59.336317+00:00,YORW,NASDAQ,33.709999084472656,68.6,ブレイク接近,-0.9,0.8,117.1,17.0,True,2026-08-24,34.810001373291016,33.630001068115234
2026-08-24,2026-08-27T20:28:59.336367+00:00,ZBH,NYSE,99.4800033569336,78.5,ブレイク接近,-4.9,0.97,107.8,11.0,True,2026-08-24,102.12000274658205,99.1999969482422
2026-08-24,2026-08-27T20:28:59.336415+00:00,ZBIO,NASDAQ,32.619998931884766,72.8,ブレイク接近,-23.2,0.89,169.7,5.0,True,2026-08-24,33.9900016784668,30.950000762939453
2026-08-24,2026-08-27T20:28:59.336463+00:00,ZBRA,NASDAQ,361.1099853515625,76.5,ブレイク接近,-4.1,0.82,255.7,4.0,True,2026-08-24,367.9800109863281,358.42999267578125
2026-08-24,2026-08-27T20:28:59.336511+00:00,ZWS,NYSE,48.54999923706055,63.0,底固め中,-7.4,0.73,56.1,5.0,True,2026-08-24,49.540000915527344,48.04999923706055
2026-08-31,2026-09-06T00:24:25.755813+00:00,AB,NYSE,37.34999847412109,,,,,,,False,2026-08-31,37.70000076293945,36.38999938964844
2026-08-31,2026-09-06T00:24:25.755950+00:00,ABG,NYSE,217.259994506836,,,,,,,False,2026-08-31,218.4199981689453,207.07000732421875
2026-08-31,2026-09-06T00:24:25.756018+00:00,ABM,NYSE,47.04999923706055,,,,,,,False,2026-08-31,47.27000045776367,46.13999938964844
2026-08-31,2026-09-06T00:24:25.756112+00:00,ABT,NYSE,108.33000183105467,77.0,右肩上がり確認,-18.5,0.65,79.2,7.0,True,2026-08-31,113.91000366210938,107.36000061035156
2026-08-31,2026-09-06T00:24:25.756141+00:00,ACAD,NASDAQ,28.020000457763672,,,,,,,False,2026-08-31,29.75,27.6200008392334
2026-08-31,2026-09-06T00:24:25.756189+00:00,ADPT,NASDAQ,24.280000686645508,,,,,,,False,2026-08-31,25.36000061035156,23.84000015258789
2026-08-31,2026-09-06T00:24:25.756231+00:00,ADSK,NASDAQ,217.8999938964844,,,,,,,False,2026-08-31,262.75,216.1999969482422
2026-08-31,2026-09-06T00:24:25.756273+00:00,ADT,NYSE,7.460000038146973,,,,,,,False,2026-08-31,7.614999771118164,7.25
2026-08-31,2026-09-06T00:24:25.756352+00:00,ADUS,NASDAQ,118.76000213623048,80.9,ブレイク接近,-2.4,0.89,113.4,12.0,True,2026-08-31,120.16000366210938,114.29000091552734
2026-08-31,2026-09-06T00:24:25.756369+00:00,AER,NYSE,145.39999389648438,,,,,,,False,2026-08-31,147.24000549316406,142.92999267578125
2026-08-31,2026-09-06T00:24:25.756449+00:00,AES,NYSE,14.789999961853027,72.3,底固め中,-12.3,0.94,35.1,25.0,True,2026-08-31,14.850000381469728,14.710000038146973
2026-08-31,2026-09-06T00:24:25.756465+00:00,AGM,NYSE,227.77999877929688,,,,,,,False,2026-08-31,228.66000366210932,217.0
2026-08-31,2026-09-06T00:24:25.756504+00:00,AGNC,NASDAQ,10.649999618530272,,,,,,,False,2026-08-31,10.84000015258789,10.56999969482422
2026-08-31,2026-09-06T00:24:25.756541+00:00,AIR,NYSE,126.54000091552734,,,,,,,False,2026-08-31,131.58999633789062,122.0199966430664
2026-08-31,2026-09-06T00:24:25.756580+00:00,AJG,NYSE,262.69000244140625,,,,,,,False,2026-08-31,271.2699890136719,260.0400085449219
2026-08-31,2026-09-06T00:24:25.756645+00:00,ALG,NYSE,173.55999755859375,68.0,底固め中,-18.4,1.11,40.5,5.0,True,2026-08-31,175.08999633789062,162.99000549316406
2026-08-31,2026-09-06T00:24:25.756660+00:00,ALGT,NASDAQ,78.16000366210938,,,,,,,False,2026-08-31,78.88999938964844,72.16999816894531
2026-08-31,2026-09-06T00:24:25.756723+00:00,ALLE,NYSE,157.1199951171875,87.6,右肩上がり確認,-11.9,1.21,60.4,8.0,True,2026-08-31,158.57000732421875,151.22999572753906
2026-08-31,2026-09-06T00:24:25.756767+00:00,ALRM,NASDAQ,56.47999954223633,69.9,ブレイク接近,-1.8,0.74,188.3,11.0,True,2026-08-31,58.06999969482422,55.5
2026-08-31,2026-09-06T00:24:25.756782+00:00,AMAL,NASDAQ,49.16999816894531,,,,,,,False,2026-08-31,50.20000076293945,47.060001373291016
2026-08-31,2026-09-06T00:24:25.756817+00:00,AMBA,NASDAQ,62.88999938964844,,,,,,,False,2026-08-31,72.4000015258789,58.119998931884766
2026-08-31,2026-09-06T00:24:25.756852+00:00,AMBP,NYSE,5.010000228881836,,,,,,,False,2026-08-31,5.199999809265137,4.980000019073486
2026-08-31,2026-09-06T00:24:25.756886+00:00,AMCR,NYSE,45.150001525878906,,,,,,,False,2026-08-31,46.95000076293945,44.8650016784668
2026-08-31,2026-09-06T00:24:25.756944+00:00,AME,NYSE,237.72000122070312,72.7,右肩上がり確認,-6.7,1.28,97.4,7.0,True,2026-08-31,238.88999938964844,229.6000061035156
2026-08-31,2026-09-06T00:24:25.756985+00:00,AMGN,NASDAQ,437.2300109863281,73.5,ブレイク接近,-0.5,0.89,192.5,12.0,True,2026-08-31,445.8200073242188,426.0
2026-08-31,2026-09-06T00:24:25.757025+00:00,AMP,NYSE,560.5599975585938,72.0,ブレイク接近,-1.6,0.62,328.3,15.0,True,2026-08-31,567.3300170898438,541.280029296875
2026-08-31,2026-09-06T00:24:25.757039+00:00,AMRX,NASDAQ,17.440000534057617,,,,,,,False,2026-08-31,18.31999969482422,17.174999237060547
2026-08-31,2026-09-06T00:24:25.757073+00:00,AMTB,NYSE,29.68000030517578,,,,,,,False,2026-08-31,29.739999771118164,28.299999237060547
2026-08-31,2026-09-06T00:24:25.757107+00:00,AN,NYSE,212.3600006103516,,,,,,,False,2026-08-31,213.2100067138672,198.33999633789065
2026-08-31,2026-09-06T00:24:25.757140+00:00,ANNX,NASDAQ,4.869999885559082,,,,,,,False,2026-08-31,5.074999809265137,4.764999866485596
2026-08-31,2026-09-06T00:24:25.757172+00:00,AON,NYSE,323.0899963378906,,,,,,,False,2026-08-31,343.260009765625,312.9200134277344
2026-08-31,2026-09-06T00:24:25.757229+00:00,APAM,NYSE,41.56999969482422,84.9,ブレイク接近,-4.4,0.97,109.1,15.0,True,2026-08-31,43.61000061035156,40.400001525878906
2026-08-31,2026-09-06T00:24:25.757244+00:00,APH,NYSE,82.77999877929688,,,,,,,False,2026-08-31,83.83999633789062,77.70500183105469
2026-08-31,2026-09-06T00:24:25.757278+00:00,APO,NYSE,133.6699981689453,,,,,,,False,2026-08-31,137.8300018310547,129.88999938964844
2026-08-31,2026-09-06T00:24:25.757313+00:00,AS,NYSE,29.530000686645508,,,,,,,False,2026-08-31,30.88999938964844,28.09499931335449
2026-08-31,2026-09-06T00:24:25.757347+00:00,ASB,NYSE,31.06999969482422,,,,,,,False,2026-08-31,31.200000762939453,29.770000457763672
2026-08-31,2026-09-06T00:24:25.757380+00:00,ATAI,NASDAQ,7.389999866485596,,,,,,,False,2026-08-31,7.429999828338623,7.289999961853027
2026-08-31,2026-09-06T00:24:25.757487+00:00,ATHM,NYSE,22.030000686645508,77.9,ブレイク接近,-22.4,1.05,139.1,7.0,True,2026-08-31,22.729999542236328,21.5
2026-08-31,2026-09-06T00:24:25.757511+00:00,ATNI,NASDAQ,30.93000030517578,,,,,,,False,2026-08-31,31.309999465942383,29.56999969482422
2026-08-31,2026-09-06T00:24:25.757614+00:00,ATR,NYSE,127.41000366210938,70.1,底固め中,-11.5,0.84,46.6,10.0,True,2026-08-31,132.44000244140625,126.52999877929688
2026-08-31,2026-09-06T00:24:25.757660+00:00,ATRC,NASDAQ,51.52000045776367,74.0,ブレイク接近,0.0,0.84,396.2,6.0,True,2026-08-31,53.5,46.61000061035156
2026-08-31,2026-09-06T00:24:25.757675+00:00,AUB,NYSE,40.90999984741211,,,,,,,False,2026-08-31,41.31999969482422,39.43999862670898
2026-08-31,2026-09-06T00:24:25.757712+00:00,AVNT,NYSE,43.400001525878906,,,,,,,False,2026-08-31,44.88999938964844,42.43000030517578
2026-08-31,2026-09-06T00:24:25.757774+00:00,AVY,NYSE,175.05999755859375,86.8,底固め中,-9.6,1.48,52.9,16.0,True,2026-08-31,177.4600067138672,169.92999267578125
2026-08-31,2026-09-06T00:24:25.757802+00:00,AX,NYSE,97.9499969482422,,,,,,,False,2026-08-31,98.20999908447266,94.0
2026-08-31,2026-09-06T00:24:25.757843+00:00,AXP,NYSE,326.1600036621094,,,,,,,False,2026-08-31,335.0,323.9200134277344
2026-08-31,2026-09-06T00:24:25.757878+00:00,AXTA,NYSE,35.779998779296875,,,,,,,False,2026-08-31,37.310001373291016,34.9900016784668
2026-08-31,2026-09-06T00:24:25.757952+00:00,B,NYSE,44.75,86.2,右肩上がり確認,-11.1,1.25,64.1,6.0,True,2026-08-31,45.810001373291016,42.79999923706055
2026-08-31,2026-09-06T00:24:25.757968+00:00,BAC,NYSE,62.68000030517578,,,,,,,False,2026-08-31,63.54999923706055,61.720001220703125
2026-08-31,2026-09-06T00:24:25.758005+00:00,BAM,NYSE,50.59999847412109,,,,,,,False,2026-08-31,51.85499954223633,49.31999969482422
2026-08-31,2026-09-06T00:24:25.758039+00:00,BANF,NASDAQ,112.88999938964844,,,,,,,False,2026-08-31,113.79000091552734,107.16000366210938
2026-08-31,2026-09-06T00:24:25.758072+00:00,BANR,NASDAQ,71.1500015258789,,,,,,,False,2026-08-31,71.79000091552734,68.33999633789062
2026-08-31,2026-09-06T00:24:25.758105+00:00,BAP,NYSE,382.5299987792969,,,,,,,False,2026-08-31,386.2000122070313,364.489990234375
2026-08-31,2026-09-06T00:24:25.758163+00:00,BBDC,NYSE,9.020000457763672,64.6,ブレイク接近,-0.8,1.21,165.6,14.0,True,2026-08-31,9.539999961853027,8.84000015258789
2026-08-31,2026-09-06T00:24:25.758181+00:00,BBT,NYSE,31.88999938964844,,,,,,,False,2026-08-31,31.93000030517578,30.299999237060547
2026-08-31,2026-09-06T00:24:25.758216+00:00,BBVA,NYSE,29.51000022888184,,,,,,,False,2026-08-31,29.63999938964844,28.59000015258789
2026-08-31,2026-09-06T00:24:25.758249+00:00,BBY,NYSE,90.2699966430664,,,,,,,False,2026-08-31,90.81999969482422,79.0199966430664
2026-08-31,2026-09-06T00:24:25.758307+00:00,BCC,NYSE,79.20999908447266,72.4,右肩上がり確認,-12.2,0.66,67.6,7.0,True,2026-08-31,80.24500274658203,74.98999786376953
2026-08-31,2026-09-06T00:24:25.758349+00:00,BCE,NYSE,23.670000076293945,70.5,底固め中,-7.7,0.71,54.5,7.0,True,2026-08-31,23.89999961853028,23.350000381469727
2026-08-31,2026-09-06T00:24:25.758364+00:00,BCH,NYSE,42.34999847412109,,,,,,,False,2026-08-31,43.119998931884766,40.900001525878906
2026-08-31,2026-09-06T00:24:25.758398+00:00,BCO,NYSE,108.87000274658205,,,,,,,False,2026-08-31,111.12999725341795,104.9800033569336
2026-08-31,2026-09-06T00:24:25.758473+00:00,BCPC,NASDAQ,171.61000061035156,71.3,右肩上がり確認,-5.4,0.7,60.2,16.0,True,2026-08-31,178.27000427246094,170.0
2026-08-31,2026-09-06T00:24:25.758488+00:00,BCX,NYSE,13.0600004196167,,,,,,,False,2026-08-31,13.350000381469728,12.920000076293944
2026-08-31,2026-09-06T00:24:25.758550+00:00,BDC,NYSE,122.27999877929688,75.1,底固め中,-18.2,0.71,43.4,7.0,True,2026-08-31,122.58999633789062,109.8000030517578
2026-08-31,2026-09-06T00:24:25.758566+00:00,BDJ,NYSE,9.890000343322754,,,,,,,False,2026-08-31,9.93000030517578,9.850000381469728
2026-08-31,2026-09-06T00:24:25.758626+00:00,BDX,NYSE,184.7400054931641,82.7,ブレイク接近,-3.8,0.74,104.5,14.0,True,2026-08-31,191.759994506836,184.0500030517578
2026-08-31,2026-09-06T00:24:25.758640+00:00,BEKE,NYSE,17.920000076293945,,,,,,,False,2026-08-31,18.21500015258789,17.18000030517578
2026-08-31,2026-09-06T00:24:25.758675+00:00,BFC,NASDAQ,156.22999572753906,,,,,,,False,2026-08-31,156.77999877929688,148.32000732421875
2026-08-31,2026-09-06T00:24:25.758708+00:00,BFST,NASDAQ,31.84000015258789,,,,,,,False,2026-08-31,31.88999938964844,30.540000915527344
2026-08-31,2026-09-06T00:24:25.758740+00:00,BGT,NYSE,11.029999732971191,,,,,,,False,2026-08-31,11.170000076293944,11.0
2026-08-31,2026-09-06T00:24:25.758798+00:00,BGY,NYSE,5.909999847412109,66.2,ブレイク接近,-0.5,0.65,99.0,4.0,True,2026-08-31,5.949999809265137,5.860000133514404
2026-08-31,2026-09-06T00:24:25.758813+00:00,BHB,NYSE American,40.38999938964844,,,,,,,False,2026-08-31,40.81999969482422,38.58000183105469
2026-08-31,2026-09-06T00:24:25.758845+00:00,BHRB,NASDAQ,72.3499984741211,,,,,,,False,2026-08-31,73.4000015258789,70.58000183105469
2026-08-31,2026-09-06T00:24:25.758879+00:00,BIO,NYSE,386.1099853515625,,,,,,,False,2026-08-31,394.2900085449219,376.2000122070313
2026-08-31,2026-09-06T00:24:25.758912+00:00,BIPC,NYSE,37.34999847412109,,,,,,,False,2026-08-31,38.52000045776367,36.20000076293945
2026-08-31,2026-09-06T00:24:25.758944+00:00,BKNG,NASDAQ,193.2899932861328,,,,,,,False,2026-08-31,203.97999572753903,192.19000244140625
2026-08-31,2026-09-06T00:24:25.759001+00:00,BLCO,NYSE,18.040000915527344,76.6,ブレイク接近,-1.4,1.03,92.4,8.0,True,2026-08-31,18.46500015258789,17.0
2026-08-31,2026-09-06T00:24:25.759042+00:00,BLW,NYSE,12.550000190734863,60.5,右肩上がり確認,-3.7,0.9,64.7,23.0,True,2026-08-31,12.760000228881836,12.510000228881836
2026-08-31,2026-09-06T00:24:25.759056+00:00,BME,NYSE,45.810001373291016,,,,,,,False,2026-08-31,46.27000045776367,45.380001068115234
2026-08-31,2026-09-06T00:24:25.759088+00:00,BMEZ,NYSE,16.969999313354492,,,,,,,False,2026-08-31,17.0,16.600000381469727
2026-08-31,2026-09-06T00:24:25.759120+00:00,BMRC,NASDAQ,27.729999542236328,,,,,,,False,2026-08-31,27.920000076293945,25.989999771118164
2026-08-31,2026-09-06T00:24:25.759152+00:00,BMRN,NASDAQ,66.52999877929688,,,,,,,False,2026-08-31,67.69999694824219,64.33000183105469
2026-08-31,2026-09-06T00:24:25.759208+00:00,BMY,NYSE,66.81999969482422,64.9,ブレイク接近,-0.3,0.69,175.5,11.0,True,2026-08-31,68.23999786376953,65.91000366210938
2026-08-31,2026-09-06T00:24:25.759223+00:00,BNTC,NASDAQ,12.68000030517578,,,,,,,False,2026-08-31,13.279999732971191,11.800000190734863
2026-08-31,2026-09-06T00:24:25.759257+00:00,BNTX,NASDAQ,103.76000213623048,,,,,,,False,2026-08-31,105.45700073242188,100.29499816894533
2026-08-31,2026-09-06T00:24:25.759291+00:00,BOE,NYSE,12.460000038146973,,,,,,,False,2026-08-31,12.550000190734863,12.380000114440918
2026-08-31,2026-09-06T00:24:25.759323+00:00,BOKF,NASDAQ,136.6999969482422,,,,,,,False,2026-08-31,138.05999755859375,132.52000427246094
2026-08-31,2026-09-06T00:24:25.759356+00:00,BR,NYSE,172.8800048828125,,,,,,,False,2026-08-31,184.5500030517578,172.11000061035156
2026-08-31,2026-09-06T00:24:25.759414+00:00,BRBS,NYSE American,3.9600000381469727,67.4,ブレイク接近,0.0,4.76,176.3,17.0,True,2026-08-31,4.010000228881836,3.880000114440918
2026-08-31,2026-09-06T00:24:25.759463+00:00,BRO,NYSE,71.41999816894531,75.8,ブレイク接近,-24.8,0.61,90.0,8.0,True,2026-08-31,74.0,71.22000122070312
2026-08-31,2026-09-06T00:24:25.759478+00:00,BSAC,NYSE,35.66999816894531,,,,,,,False,2026-08-31,36.369998931884766,34.560001373291016
2026-08-31,2026-09-06T00:24:25.759512+00:00,BSET,NASDAQ,19.15999984741211,,,,,,,False,2026-08-31,19.200000762939453,18.450000762939453
2026-08-31,2026-09-06T00:24:25.759571+00:00,BSM,NYSE,14.649999618530272,72.9,ブレイク接近,-1.6,1.01,96.3,16.0,True,2026-08-31,15.0649995803833,14.510000228881836
2026-08-31,2026-09-06T00:24:25.759586+00:00,BSVN,NASDAQ,57.43000030517578,,,,,,,False,2026-08-31,57.68000030517578,50.970001220703125
2026-08-31,2026-09-06T00:24:25.759647+00:00,BTU,NYSE,28.850000381469727,70.5,底固め中,-26.5,0.77,42.2,4.0,True,2026-08-31,30.413000106811523,27.299999237060547
2026-08-31,2026-09-06T00:24:25.759662+00:00,BTZ,NYSE,9.949999809265137,,,,,,,False,2026-08-31,10.149999618530272,9.93000030517578
2026-08-31,2026-09-06T00:24:25.759722+00:00,BULL,NASDAQ,9.739999771118164,78.9,ブレイク接近,-35.8,1.77,258.9,4.0,True,2026-08-31,10.1899995803833,8.84000015258789
2026-08-31,2026-09-06T00:24:25.759737+00:00,BVN,NYSE,33.900001525878906,,,,,,,False,2026-08-31,35.2599983215332,33.2599983215332
2026-08-31,2026-09-06T00:24:25.759770+00:00,BWB,NASDAQ,21.850000381469727,,,,,,,False,2026-08-31,22.11000061035156,20.81999969482422
2026-08-31,2026-09-06T00:24:25.759803+00:00,BWMN,NASDAQ,42.43000030517578,,,,,,,False,2026-08-31,43.1349983215332,42.43000030517578
2026-08-31,2026-09-06T00:24:25.759835+00:00,BX,NYSE,136.14999389648438,,,,,,,False,2026-08-31,144.4499969482422,134.39500427246094
2026-08-31,2026-09-06T00:24:25.759868+00:00,BY,NYSE,38.84999847412109,,,,,,,False,2026-08-31,38.959999084472656,37.470001220703125
2026-08-31,2026-09-06T00:24:25.759929+00:00,BZ,NASDAQ,16.920000076293945,94.2,ブレイク接近,-30.6,2.23,87.5,15.0,True,2026-08-31,17.780000686645508,16.795000076293945
2026-08-31,2026-09-06T00:24:25.759944+00:00,CAC,NASDAQ,58.16999816894531,,,,,,,False,2026-08-31,58.75,54.68999862670898
2026-08-31,2026-09-06T00:24:25.760003+00:00,CACI,NYSE,623.6099853515625,86.7,ブレイク接近,-7.0,1.01,104.7,7.0,True,2026-08-31,634.1699829101562,611.4400024414062
2026-08-31,2026-09-06T00:24:25.760017+00:00,CBAN,NYSE,21.75,,,,,,,False,2026-08-31,21.780000686645508,20.920000076293945
2026-08-31,2026-09-06T00:24:25.760053+00:00,CBNK,NASDAQ,36.97999954223633,,,,,,,False,2026-08-31,37.09999847412109,35.599998474121094
2026-08-31,2026-09-06T00:24:25.760088+00:00,CBSH,NASDAQ,58.3650016784668,,,,,,,False,2026-08-31,58.79999923706055,57.06999969482422
2026-08-31,2026-09-06T00:24:25.760147+00:00,CCEP,NASDAQ,105.76000213623048,73.3,右肩上がり確認,-3.4,0.86,82.4,10.0,True,2026-08-31,109.27999877929688,105.58000183105467
2026-08-31,2026-09-06T00:24:25.760189+00:00,CCK,NYSE,115.16000366210938,74.8,右肩上がり確認,-4.6,0.72,107.1,10.0,True,2026-08-31,118.38999938964844,114.68499755859376
2026-08-31,2026-09-06T00:24:25.760229+00:00,CCU,NYSE,11.880000114440918,66.6,底固め中,-18.6,1.04,28.5,18.0,True,2026-08-31,12.010000228881836,11.369999885559082
2026-08-31,2026-09-06T00:24:25.760243+00:00,CDRE,NYSE,29.76000022888184,,,,,,,False,2026-08-31,30.739999771118164,28.100000381469727
2026-08-31,2026-09-06T00:24:25.760276+00:00,CFBK,NASDAQ,35.70000076293945,,,,,,,False,2026-08-31,35.95000076293945,34.33000183105469
2026-08-31,2026-09-06T00:24:25.760308+00:00,CFG,NYSE,70.77999877929688,,,,,,,False,2026-08-31,71.18000030517578,67.66999816894531
2026-08-31,2026-09-06T00:24:25.760340+00:00,CFR,NYSE,162.6199951171875,,,,,,,False,2026-08-31,164.42999267578125,157.63999938964844
2026-08-31,2026-09-06T00:24:25.760374+00:00,CG,NASDAQ,46.970001220703125,,,,,,,False,2026-08-31,48.869998931884766,46.13999938964844
2026-08-31,2026-09-06T00:24:25.760406+00:00,CHCO,NASDAQ,145.57000732421875,,,,,,,False,2026-08-31,146.4499969482422,141.72000122070312
2026-08-31,2026-09-06T00:24:25.760471+00:00,CHD,NYSE,98.5500030517578,68.4,底固め中,-5.4,0.92,52.6,23.0,True,2026-08-31,101.33999633789062,97.72000122070312
2026-08-31,2026-09-06T00:24:25.760511+00:00,CHE,NYSE,519.8400268554688,75.3,ブレイク接近,-5.8,0.81,143.7,5.0,True,2026-08-31,534.1699829101562,509.010009765625
2026-08-31,2026-09-06T00:24:25.760525+00:00,CLMB,NASDAQ,29.170000076293945,,,,,,,False,2026-08-31,29.229999542236328,27.1200008392334
2026-08-31,2026-09-06T00:24:25.760558+00:00,CLW,NYSE,20.920000076293945,,,,,,,False,2026-08-31,21.489999771118164,20.36000061035156
2026-08-31,2026-09-06T00:24:25.760590+00:00,CLX,NYSE,93.05999755859376,,,,,,,False,2026-08-31,102.16999816894533,92.62999725341795
2026-08-31,2026-09-06T00:24:25.760647+00:00,CMC,NYSE,70.27999877929688,72.6,底固め中,-14.8,0.92,58.3,5.0,True,2026-08-31,70.37999725341797,65.70999908447266
2026-08-31,2026-09-06T00:24:25.760660+00:00,CMCO,NASDAQ,18.84000015258789,,,,,,,False,2026-08-31,18.8700008392334,16.969999313354492
2026-08-31,2026-09-06T00:24:25.760693+00:00,CNH,NYSE,14.399999618530272,,,,,,,False,2026-08-31,14.460000038146973,11.6899995803833
2026-08-31,2026-09-06T00:24:25.760750+00:00,COF,NYSE,219.6000061035156,75.9,ブレイク接近,-10.9,0.69,139.9,11.0,True,2026-08-31,221.1000061035156,210.5200042724609
2026-08-31,2026-09-06T00:24:25.760764+00:00,COO,NASDAQ,69.58999633789062,,,,,,,False,2026-08-31,71.06999969482422,69.08000183105469
2026-08-31,2026-09-06T00:24:25.760822+00:00,COR,NYSE,330.95001220703125,77.1,右肩上がり確認,-10.7,0.86,65.1,6.0,True,2026-08-31,338.7099914550781,319.0400085449219
2026-08-31,2026-09-06T00:24:25.760836+00:00,CP,NYSE,91.5999984741211,,,,,,,False,2026-08-31,94.1999969482422,88.4800033569336
2026-08-31,2026-09-06T00:24:25.760895+00:00,CPK,NYSE,132.66000366210938,69.3,ブレイク接近,-3.0,0.87,87.1,17.0,True,2026-08-31,134.94000244140625,130.35000610351562
2026-08-31,2026-09-06T00:24:25.760909+00:00,CPS,NYSE,27.18000030517578,,,,,,,False,2026-08-31,27.21999931335449,25.049999237060547
2026-08-31,2026-09-06T00:24:25.760941+00:00,CR,NYSE,204.69000244140625,,,,,,,False,2026-08-31,212.1199951171875,197.83999633789065
2026-08-31,2026-09-06T00:24:25.760996+00:00,CRAI,NASDAQ,170.91000366210938,70.5,ブレイク接近,-20.2,0.77,87.8,8.0,True,2026-08-31,176.1999969482422,167.61749267578125
2026-08-31,2026-09-06T00:24:25.761035+00:00,CRCT,NASDAQ,5.539999961853027,79.9,ブレイク接近,-15.3,1.58,208.7,7.0,True,2026-08-31,5.980000019073486,5.525000095367432
2026-08-31,2026-09-06T00:24:25.761049+00:00,CRL,NYSE,288.5,,,,,,,False,2026-08-31,295.7699890136719,280.9100036621094
2026-08-31,2026-09-06T00:24:25.761082+00:00,CRM,NYSE,259.2300109863281,,,,,,,False,2026-08-31,268.2699890136719,253.6000061035156
2026-08-31,2026-09-06T00:24:25.761114+00:00,CRNX,NASDAQ,84.94999694824219,,,,,,,False,2026-08-31,85.01000213623047,84.91999816894531
2026-08-31,2026-09-06T00:24:25.761146+00:00,CRON,NASDAQ,3.259999990463257,,,,,,,False,2026-08-31,3.4200000762939453,3.2100000381469727
2026-08-31,2026-09-06T00:24:25.761203+00:00,CRSP,NASDAQ,55.790000915527344,76.4,右肩上がり確認,-23.6,0.91,69.8,8.0,True,2026-08-31,58.9630012512207,55.34999847412109
2026-08-31,2026-09-06T00:24:25.761242+00:00,CSL,NYSE,352.1400146484375,75.9,底固め中,-13.3,1.35,34.7,13.0,True,2026-08-31,355.29998779296875,331.8500061035156
2026-08-31,2026-09-06T00:24:25.761280+00:00,CSW,NYSE,308.4599914550781,83.0,右肩上がり確認,-12.0,0.82,95.8,10.0,True,2026-08-31,319.989990234375,297.1199951171875
2026-08-31,2026-09-06T00:24:25.761318+00:00,CTAS,NASDAQ,200.47000122070312,83.3,ブレイク接近,-2.4,0.78,94.5,12.0,True,2026-08-31,203.6999969482422,197.57000732421875
2026-08-31,2026-09-06T00:24:25.761332+00:00,CTBI,NASDAQ,77.76000213623047,,,,,,,False,2026-08-31,78.19999694824219,75.04000091552734
2026-08-31,2026-09-06T00:24:25.761393+00:00,CTNM,NASDAQ,16.700000762939453,75.5,ブレイク接近,-2.9,1.84,127.4,4.0,True,2026-08-31,17.78499984741211,15.8100004196167
2026-08-31,2026-09-06T00:24:25.761408+00:00,CTRN,NASDAQ,71.16000366210938,,,,,,,False,2026-08-31,71.62999725341797,65.94999694824219
2026-08-31,2026-09-06T00:24:25.761454+00:00,CVBF,NASDAQ,22.6200008392334,,,,,,,False,2026-08-31,22.729999542236328,21.780000686645508
2026-08-31,2026-09-06T00:24:25.761498+00:00,CZFS,NASDAQ,82.91999816894531,,,,,,,False,2026-08-31,84.6500015258789,79.30000305175781
2026-08-31,2026-09-06T00:24:25.761531+00:00,CZNC,NASDAQ,26.11000061035156,,,,,,,False,2026-08-31,26.239999771118164,25.09000015258789
2026-08-31,2026-09-06T00:24:25.761563+00:00,DAKT,NASDAQ,19.350000381469727,,,,,,,False,2026-08-31,21.81999969482422,18.989999771118164
2026-08-31,2026-09-06T00:24:25.761622+00:00,DASH,NASDAQ,211.72999572753903,80.6,ブレイク接近,-21.9,0.98,174.7,6.0,True,2026-08-31,238.3099975585937,211.17999267578125
2026-08-31,2026-09-06T00:24:25.761665+00:00,DCH,NYSE,6.989999771118164,79.6,ブレイク接近,-18.9,0.72,87.7,7.0,True,2026-08-31,7.0,6.070000171661377
2026-08-31,2026-09-06T00:24:25.761705+00:00,DCI,NYSE,91.02999877929688,73.8,底固め中,-16.2,0.85,35.5,12.0,True,2026-08-31,92.54000091552734,89.08000183105469
2026-08-31,2026-09-06T00:24:25.761719+00:00,DD,NYSE,131.58999633789062,,,,,,,False,2026-08-31,136.55999755859375,129.1699981689453
2026-08-31,2026-09-06T00:24:25.761778+00:00,DDS,NYSE,656.6900024414062,92.5,ブレイク接近,-3.5,1.57,91.4,10.0,True,2026-08-31,661.8099975585938,614.510009765625
2026-08-31,2026-09-06T00:24:25.761817+00:00,DE,NYSE,693.530029296875,80.3,ブレイク接近,0.0,1.13,126.5,6.0,True,2026-08-31,705.8800048828125,641.1300048828125
2026-08-31,2026-09-06T00:24:25.761856+00:00,DEO,NYSE,89.19000244140625,79.6,右肩上がり確認,-10.2,0.91,62.0,5.0,True,2026-08-31,92.7300033569336,89.13999938964844
2026-08-31,2026-09-06T00:24:25.761870+00:00,DGICA,NASDAQ,19.450000762939453,,,,,,,False,2026-08-31,19.76000022888184,18.299999237060547
2026-08-31,2026-09-06T00:24:25.761927+00:00,DGX,NYSE,237.13999938964844,70.7,ブレイク接近,-3.0,0.99,211.2,16.0,True,2026-08-31,243.72000122070312,235.3800048828125
2026-08-31,2026-09-06T00:24:25.761966+00:00,DIS,NYSE,105.30999755859376,71.1,ブレイク接近,-8.4,0.77,98.8,11.0,True,2026-08-31,109.1999969482422,105.16999816894533
2026-08-31,2026-09-06T00:24:25.761980+00:00,DJCO,NASDAQ,627.8699951171875,,,,,,,False,2026-08-31,638.0499877929688,594.8300170898438
2026-08-31,2026-09-06T00:24:25.762041+00:00,DKL,NYSE,55.70000076293945,77.8,ブレイク接近,-5.9,2.63,157.1,17.0,True,2026-08-31,56.16999816894531,54.84000015258789
2026-08-31,2026-09-06T00:24:25.762056+00:00,DLTR,NASDAQ,131.4199981689453,,,,,,,False,2026-08-31,134.99000549316406,124.5
2026-08-31,2026-09-06T00:24:25.762090+00:00,DOO,NASDAQ,67.31999969482422,,,,,,,False,2026-08-31,68.18250274658203,60.52000045776367
2026-08-31,2026-09-06T00:24:25.762123+00:00,DRI,NYSE,216.8800048828125,,,,,,,False,2026-08-31,223.1699981689453,213.67999267578125
2026-08-31,2026-09-06T00:24:25.762156+00:00,DSGX,NASDAQ,78.94000244140625,,,,,,,False,2026-08-31,82.6500015258789,77.43000030517578
2026-08-31,2026-09-06T00:24:25.762218+00:00,DX,NYSE,12.899999618530272,65.6,ブレイク接近,-3.4,0.92,95.7,6.0,True,2026-08-31,13.020000457763672,12.710000038146973
2026-08-31,2026-09-06T00:24:25.762233+00:00,DXPE,NASDAQ,184.0,,,,,,,False,2026-08-31,188.4600067138672,179.02000427246094
2026-08-31,2026-09-06T00:24:25.762266+00:00,DYN,NASDAQ,24.280000686645508,,,,,,,False,2026-08-31,26.18000030517578,24.13999938964844
2026-08-31,2026-09-06T00:24:25.762300+00:00,EARN,NYSE,4.360000133514404,,,,,,,False,2026-08-31,4.440000057220459,4.300000190734863
2026-08-31,2026-09-06T00:24:25.762334+00:00,EAT,NYSE,230.22000122070312,,,,,,,False,2026-08-31,236.6199951171875,225.3300018310547
2026-08-31,2026-09-06T00:24:25.762367+00:00,EBC,NASDAQ,22.239999771118164,,,,,,,False,2026-08-31,22.38999938964844,21.280000686645508
2026-08-31,2026-09-06T00:24:25.762425+00:00,ECL,NYSE,279.2799987792969,72.6,底固め中,-8.9,0.97,54.1,10.0,True,2026-08-31,286.3099975585937,275.25
2026-08-31,2026-09-06T00:24:25.762490+00:00,EE,NYSE,40.02999877929688,76.8,右肩上がり確認,-4.4,1.14,81.1,12.0,True,2026-08-31,40.77999877929688,38.30500030517578
2026-08-31,2026-09-06T00:24:25.762506+00:00,EEFT,NASDAQ,73.80999755859375,,,,,,,False,2026-08-31,75.0,67.72000122070312
2026-08-31,2026-09-06T00:24:25.762543+00:00,EHC,NYSE,121.79000091552734,,,,,,,False,2026-08-31,123.1500015258789,119.0999984741211
2026-08-31,2026-09-06T00:24:25.762577+00:00,EMN,NYSE,71.19000244140625,,,,,,,False,2026-08-31,73.47000122070312,69.95999908447266
2026-08-31,2026-09-06T00:24:25.762636+00:00,EMR,NYSE,152.82000732421875,79.3,ブレイク接近,-6.3,0.85,112.7,5.0,True,2026-08-31,154.49000549316406,146.35000610351562
2026-08-31,2026-09-06T00:24:25.762651+00:00,ENR,NYSE,21.229999542236328,,,,,,,False,2026-08-31,22.059999465942383,20.239999771118164
2026-08-31,2026-09-06T00:24:25.762709+00:00,EPAC,NYSE,37.34000015258789,69.1,底固め中,-13.2,0.6,40.6,18.0,True,2026-08-31,37.66999816894531,36.31999969482422
2026-08-31,2026-09-06T00:24:25.762724+00:00,EQBK,NYSE,50.970001220703125,,,,,,,False,2026-08-31,52.04999923706055,48.66999816894531
2026-08-31,2026-09-06T00:24:25.762785+00:00,EQH,NYSE,52.959999084472656,72.3,ブレイク接近,-0.2,0.64,209.8,5.0,True,2026-08-31,53.560001373291016,49.060001373291016
2026-08-31,2026-09-06T00:24:25.762825+00:00,ERIE,NASDAQ,252.8000030517578,80.2,右肩上がり確認,-23.8,1.37,63.9,10.0,True,2026-08-31,263.25,252.1699981689453
2026-08-31,2026-09-06T00:24:25.762839+00:00,ERO,NYSE,34.900001525878906,,,,,,,False,2026-08-31,39.09000015258789,34.189998626708984
2026-08-31,2026-09-06T00:24:25.762874+00:00,ESNT,NYSE,69.18000030517578,,,,,,,False,2026-08-31,70.06999969482422,66.6500015258789
2026-08-31,2026-09-06T00:24:25.762907+00:00,ESQ,NASDAQ,118.95999908447266,,,,,,,False,2026-08-31,121.9800033569336,110.27999877929688
2026-08-31,2026-09-06T00:24:25.762940+00:00,EXLS,NASDAQ,36.630001068115234,,,,,,,False,2026-08-31,38.630001068115234,36.040000915527344
2026-08-31,2026-09-06T00:24:25.762975+00:00,EYPT,NASDAQ,4.579999923706055,,,,,,,False,2026-08-31,4.920000076293945,4.329999923706055
2026-08-31,2026-09-06T00:24:25.763008+00:00,FBIZ,NASDAQ,72.83000183105469,,,,,,,False,2026-08-31,73.05000305175781,69.18000030517578
2026-08-31,2026-09-06T00:24:25.763040+00:00,FBK,NYSE,56.9900016784668,,,,,,,False,2026-08-31,57.58000183105469,55.29999923706055
2026-08-31,2026-09-06T00:24:25.763072+00:00,FBNC,NASDAQ,65.04000091552734,,,,,,,False,2026-08-31,65.1500015258789,61.84000015258789
2026-08-31,2026-09-06T00:24:25.763104+00:00,FCF,NYSE,21.34000015258789,,,,,,,False,2026-08-31,21.43000030517578,20.46999931335449
2026-08-31,2026-09-06T00:24:25.763136+00:00,FCNCA,NASDAQ,2208.489990234375,,,,,,,False,2026-08-31,2219.260009765625,2132.5400390625
2026-08-31,2026-09-06T00:24:25.763168+00:00,FELE,NASDAQ,99.76000213623048,,,,,,,False,2026-08-31,100.33999633789062,97.1999969482422
2026-08-31,2026-09-06T00:24:25.763200+00:00,FERG,NYSE,228.41000366210932,,,,,,,False,2026-08-31,230.1699981689453,215.8000030517578
2026-08-31,2026-09-06T00:24:25.763231+00:00,FHN,NYSE,24.940000534057617,,,,,,,False,2026-08-31,25.07999992370605,23.850000381469727
2026-08-31,2026-09-06T00:24:25.763288+00:00,FIZZ,NASDAQ,32.2400016784668,63.3,右肩上がり確認,-9.0,0.71,68.6,17.0,True,2026-08-31,32.689998626708984,31.549999237060547
2026-08-31,2026-09-06T00:24:25.763302+00:00,FMBH,NASDAQ,51.33000183105469,,,,,,,False,2026-08-31,51.52000045776367,49.36000061035156
2026-08-31,2026-09-06T00:24:25.763334+00:00,FMNB,NASDAQ,16.06999969482422,,,,,,,False,2026-08-31,16.139999389648438,15.3100004196167
2026-08-31,2026-09-06T00:24:25.763367+00:00,FNB,NYSE,18.670000076293945,,,,,,,False,2026-08-31,18.71999931335449,17.799999237060547
2026-08-31,2026-09-06T00:24:25.763401+00:00,FNLC,NASDAQ,35.13999938964844,,,,,,,False,2026-08-31,35.439998626708984,33.83000183105469
2026-08-31,2026-09-06T00:24:25.763432+00:00,FRBA,NASDAQ,18.350000381469727,,,,,,,False,2026-08-31,18.350000381469727,17.479999542236328
2026-08-31,2026-09-06T00:24:25.763475+00:00,FRME,NASDAQ,42.060001373291016,,,,,,,False,2026-08-31,42.29999923706055,40.790000915527344
2026-08-31,2026-09-06T00:24:25.763533+00:00,FRNM,NASDAQ,16.309999465942383,83.5,ブレイク接近,0.0,3.28,177.2,23.0,True,2026-08-31,17.174999237060547,14.279999732971191
2026-08-31,2026-09-06T00:24:25.763547+00:00,FSS,NYSE,119.27999877929688,,,,,,,False,2026-08-31,119.52999877929688,112.6500015258789
2026-08-31,2026-09-06T00:24:25.763604+00:00,FSUN,NASDAQ,40.91999816894531,69.7,ブレイク接近,-0.5,1.0,128.8,17.0,True,2026-08-31,41.09999847412109,39.20500183105469
2026-08-31,2026-09-06T00:24:25.763618+00:00,FULT,NASDAQ,24.100000381469727,,,,,,,False,2026-08-31,24.14999961853028,23.14999961853028
2026-08-31,2026-09-06T00:24:25.763650+00:00,FUNC,NASDAQ,44.35499954223633,,,,,,,False,2026-08-31,44.619998931884766,42.11000061035156
2026-08-31,2026-09-06T00:24:25.763682+00:00,FWONA,NASDAQ,88.37999725341797,,,,,,,False,2026-08-31,93.19000244140624,88.23999786376953
2026-08-31,2026-09-06T00:24:25.763713+00:00,FWONK,NASDAQ,95.5,,,,,,,False,2026-08-31,101.76499938964844,95.33999633789062
2026-08-31,2026-09-06T00:24:25.763769+00:00,GAB,NYSE,5.670000076293945,61.7,右肩上がり確認,-4.1,0.64,66.1,17.0,True,2026-08-31,5.710000038146973,5.619999885559082
2026-08-31,2026-09-06T00:24:25.763783+00:00,GATX,NYSE,178.11000061035156,,,,,,,False,2026-08-31,179.0800018310547,172.24000549316406
2026-08-31,2026-09-06T00:24:25.763815+00:00,GBCI,NYSE,46.83000183105469,,,,,,,False,2026-08-31,47.150001525878906,45.25
2026-08-31,2026-09-06T00:24:25.763847+00:00,GCMG,NASDAQ,13.270000457763672,,,,,,,False,2026-08-31,13.869999885559082,13.020000457763672
2026-08-31,2026-09-06T00:24:25.763878+00:00,GD,NYSE,359.3900146484375,,,,,,,False,2026-08-31,378.989990234375,358.0400085449219
2026-08-31,2026-09-06T00:24:25.763935+00:00,GDYN,NASDAQ,8.055000305175781,65.1,ブレイク接近,-16.9,0.58,181.4,5.0,True,2026-08-31,8.199999809265137,7.71999979019165
2026-08-31,2026-09-06T00:24:25.763949+00:00,GE,NYSE,337.1199951171875,,,,,,,False,2026-08-31,339.75,329.3099975585937
2026-08-31,2026-09-06T00:24:25.763980+00:00,GEF,NYSE,85.0,,,,,,,False,2026-08-31,86.33999633789062,81.9800033569336
2026-08-31,2026-09-06T00:24:25.764035+00:00,GEHC,NASDAQ,68.86000061035156,70.0,底固め中,-21.0,0.54,35.1,11.0,True,2026-08-31,71.875,68.48500061035156
2026-08-31,2026-09-06T00:24:25.764074+00:00,GENC,NYSE American,18.420000076293945,71.5,ブレイク接近,-3.2,2.8,285.4,19.0,True,2026-08-31,18.940000534057617,18.010000228881836
2026-08-31,2026-09-06T00:24:25.764087+00:00,GFF,NYSE,99.68000030517578,,,,,,,False,2026-08-31,99.7300033569336,94.1999969482422
2026-08-31,2026-09-06T00:24:25.764144+00:00,GGG,NYSE,77.87999725341797,75.6,底固め中,-17.1,1.91,20.6,16.0,True,2026-08-31,79.44999694824219,75.9000015258789
2026-08-31,2026-09-06T00:24:25.764158+00:00,GHC,NYSE,1135.8900146484375,,,,,,,False,2026-08-31,1163.1099853515625,1088.699951171875
2026-08-31,2026-09-06T00:24:25.764191+00:00,GIC,NYSE,39.810001373291016,,,,,,,False,2026-08-31,40.0,38.58000183105469
2026-08-31,2026-09-06T00:24:25.764247+00:00,GILD,NASDAQ,150.9949951171875,81.9,ブレイク接近,-1.4,0.76,92.8,16.0,True,2026-08-31,152.5500030517578,143.17999267578125
2026-08-31,2026-09-06T00:24:25.764261+00:00,GIS,NYSE,38.290000915527344,,,,,,,False,2026-08-31,42.20000076293945,38.27999877929688
2026-08-31,2026-09-06T00:24:25.764292+00:00,GLBE,NASDAQ,38.369998931884766,,,,,,,False,2026-08-31,39.95000076293945,36.79999923706055
2026-08-31,2026-09-06T00:24:25.764352+00:00,GLP,NYSE,52.70000076293945,60.2,ブレイク接近,0.0,0.75,202.6,8.0,True,2026-08-31,52.83000183105469,50.369998931884766
2026-08-31,2026-09-06T00:24:25.764394+00:00,GMAB,NASDAQ,33.599998474121094,82.3,ブレイク接近,-1.9,1.42,172.1,14.0,True,2026-08-31,34.65999984741211,32.540000915527344
2026-08-31,2026-09-06T00:24:25.764432+00:00,GOLD,NYSE,46.130001068115234,79.7,底固め中,-23.6,1.67,35.4,8.0,True,2026-08-31,46.29499816894531,38.5
2026-08-31,2026-09-06T00:24:25.764481+00:00,GPC,NYSE,138.0800018310547,76.5,ブレイク接近,-4.4,0.66,90.3,5.0,True,2026-08-31,138.80999755859375,134.27999877929688
2026-08-31,2026-09-06T00:24:25.764521+00:00,GPN,NYSE,92.54000091552734,74.8,ブレイク接近,-1.0,0.75,158.9,11.0,True,2026-08-31,95.18000030517578,89.7300033569336
2026-08-31,2026-09-06T00:24:25.764536+00:00,GRFS,NASDAQ,7.800000190734863,,,,,,,False,2026-08-31,7.989999771118164,7.650000095367432
2026-08-31,2026-09-06T00:24:25.764595+00:00,GRVY,NASDAQ,72.98999786376953,64.7,ブレイク接近,-2.9,0.96,169.8,5.0,True,2026-08-31,76.0,71.0
2026-08-31,2026-09-06T00:24:25.764635+00:00,GSL,NYSE,46.400001525878906,66.0,ブレイク接近,0.0,1.1,251.9,15.0,True,2026-08-31,46.5,44.09999847412109
2026-08-31,2026-09-06T00:24:25.764650+00:00,HALO,NASDAQ,110.19000244140624,,,,,,,False,2026-08-31,111.1500015258789,103.47000122070312
2026-08-31,2026-09-06T00:24:25.764683+00:00,HAYW,NYSE,13.920000076293944,,,,,,,False,2026-08-31,14.140000343322754,13.510000228881836
2026-08-31,2026-09-06T00:24:25.764715+00:00,HBAN,NASDAQ,17.030000686645508,,,,,,,False,2026-08-31,17.15999984741211,16.399999618530273
2026-08-31,2026-09-06T00:24:25.764747+00:00,HBT,NASDAQ,36.59000015258789,,,,,,,False,2026-08-31,36.84999847412109,35.02000045776367
2026-08-31,2026-09-06T00:24:25.764780+00:00,HCI,NYSE,187.63999938964844,,,,,,,False,2026-08-31,193.27999877929688,184.69000244140625
2026-08-31,2026-09-06T00:24:25.764812+00:00,HD,NYSE,321.04998779296875,,,,,,,False,2026-08-31,329.25,315.2099914550781
2026-08-31,2026-09-06T00:24:25.764844+00:00,HFWA,NASDAQ,29.290000915527344,,,,,,,False,2026-08-31,29.57999992370605,28.39999961853028
2026-08-31,2026-09-06T00:24:25.764877+00:00,HGTY,NYSE,13.550000190734863,,,,,,,False,2026-08-31,13.899999618530272,13.012999534606934
2026-08-31,2026-09-06T00:24:25.764933+00:00,HIFS,NASDAQ,307.989990234375,73.1,ブレイク接近,-7.2,1.58,89.9,8.0,True,2026-08-31,308.4800109863281,279.04998779296875
2026-08-31,2026-09-06T00:24:25.764947+00:00,HIG,NYSE,138.3699951171875,,,,,,,False,2026-08-31,140.41000366210938,136.27999877929688
2026-08-31,2026-09-06T00:24:25.764979+00:00,HIPO,NYSE,33.869998931884766,,,,,,,False,2026-08-31,34.880001068115234,32.349998474121094
2026-08-31,2026-09-06T00:24:25.765011+00:00,HLN,NYSE,9.600000381469728,,,,,,,False,2026-08-31,10.199999809265137,9.56999969482422
2026-08-31,2026-09-06T00:24:25.765068+00:00,HNI,NYSE,49.65999984741211,77.9,ブレイク接近,-3.0,0.72,104.6,4.0,True,2026-08-31,49.7400016784668,47.18000030517578
2026-08-31,2026-09-06T00:24:25.765082+00:00,HOMB,NYSE,30.14999961853028,,,,,,,False,2026-08-31,30.280000686645508,29.09000015258789
2026-08-31,2026-09-06T00:24:25.765115+00:00,HQH,NYSE,22.559999465942383,,,,,,,False,2026-08-31,23.1299991607666,22.39999961853028
2026-08-31,2026-09-06T00:24:25.765148+00:00,HRL,NYSE,21.540000915527344,,,,,,,False,2026-08-31,22.39999961853028,21.5049991607666
2026-08-31,2026-09-06T00:24:25.765180+00:00,HROW,NASDAQ,38.540000915527344,,,,,,,False,2026-08-31,39.33000183105469,36.25
2026-08-31,2026-09-06T00:24:25.765212+00:00,HRZN,NASDAQ,4.840000152587891,,,,,,,False,2026-08-31,4.920000076293945,4.5
2026-08-31,2026-09-06T00:24:25.765245+00:00,HSBC,NYSE,107.11000061035156,,,,,,,False,2026-08-31,107.43000030517578,102.91000366210938
2026-08-31,2026-09-06T00:24:25.765276+00:00,HSIC,NASDAQ,89.80999755859375,,,,,,,False,2026-08-31,91.69000244140624,88.0
2026-08-31,2026-09-06T00:24:25.765308+00:00,HSY,NYSE,173.14999389648438,,,,,,,False,2026-08-31,179.25999450683594,172.02000427246094
2026-08-31,2026-09-06T00:24:25.765340+00:00,HTGC,NYSE,17.6299991607666,,,,,,,False,2026-08-31,17.93000030517578,17.43000030517578
2026-08-31,2026-09-06T00:24:25.765372+00:00,HTH,NYSE,39.2400016784668,,,,,,,False,2026-08-31,39.310001373291016,37.65999984741211
2026-08-31,2026-09-06T00:24:25.765404+00:00,HVT,NYSE,28.559999465942383,,,,,,,False,2026-08-31,28.6299991607666,26.59000015258789
2026-08-31,2026-09-06T00:24:25.765443+00:00,HWC,NASDAQ,75.83999633789062,,,,,,,False,2026-08-31,76.0999984741211,73.08000183105469
2026-08-31,2026-09-06T00:24:25.765476+00:00,IBCP,NASDAQ,37.369998931884766,,,,,,,False,2026-08-31,37.41999816894531,35.959999084472656
2026-08-31,2026-09-06T00:24:25.765533+00:00,IBEX,NASDAQ,39.16999816894531,69.8,ブレイク接近,-5.8,1.14,310.0,6.0,True,2026-08-31,39.86000061035156,37.345001220703125
2026-08-31,2026-09-06T00:24:25.765572+00:00,IBN,NYSE,30.299999237060547,74.8,ブレイク接近,-7.2,0.71,93.5,10.0,True,2026-08-31,30.670000076293945,30.06999969482422
2026-08-31,2026-09-06T00:24:25.765587+00:00,IBOC,NASDAQ,71.91000366210938,,,,,,,False,2026-08-31,72.08999633789062,69.38999938964844
2026-08-31,2026-09-06T00:24:25.765620+00:00,ICUI,NASDAQ,167.5800018310547,,,,,,,False,2026-08-31,176.42999267578125,164.8000030517578
2026-08-31,2026-09-06T00:24:25.765652+00:00,IDXX,NASDAQ,535.3800048828125,,,,,,,False,2026-08-31,561.239990234375,522.0499877929688
2026-08-31,2026-09-06T00:24:25.765684+00:00,IEX,NYSE,223.7400054931641,,,,,,,False,2026-08-31,230.47999572753903,220.97999572753903
2026-08-31,2026-09-06T00:24:25.765716+00:00,IFF,NYSE,86.3499984741211,,,,,,,False,2026-08-31,88.05999755859375,85.12000274658203
2026-08-31,2026-09-06T00:24:25.765748+00:00,IFS,NYSE,55.7400016784668,,,,,,,False,2026-08-31,56.380001068115234,53.81999969482422
2026-08-31,2026-09-06T00:24:25.765803+00:00,III,NASDAQ,5.190000057220459,74.8,ブレイク接近,-11.5,0.94,154.0,10.0,True,2026-08-31,5.21999979019165,4.980000019073486
2026-08-31,2026-09-06T00:24:25.765843+00:00,IMCR,NASDAQ,36.130001068115234,67.6,ブレイク接近,-8.5,0.69,165.2,11.0,True,2026-08-31,37.95199966430664,35.49700164794922
2026-08-31,2026-09-06T00:24:25.765857+00:00,IMMR,NASDAQ,7.710000038146973,,,,,,,False,2026-08-31,7.71999979019165,7.340000152587891
2026-08-31,2026-09-06T00:24:25.765888+00:00,IMNM,NASDAQ,26.76000022888184,,,,,,,False,2026-08-31,28.48500061035156,26.63999938964844
2026-08-31,2026-09-06T00:24:25.765920+00:00,INCY,NASDAQ,126.75,,,,,,,False,2026-08-31,130.0,121.61000061035156
2026-08-31,2026-09-06T00:24:25.765951+00:00,INDB,NASDAQ,83.9000015258789,,,,,,,False,2026-08-31,84.0199966430664,79.69000244140625
2026-08-31,2026-09-06T00:24:25.765983+00:00,INMD,NASDAQ,14.90999984741211,,,,,,,False,2026-08-31,15.199999809265137,14.75
2026-08-31,2026-09-06T00:24:25.766039+00:00,INTA,NASDAQ,41.709999084472656,66.2,ブレイク接近,-12.5,0.66,286.8,4.0,True,2026-08-31,43.97999954223633,40.68000030517578
2026-08-31,2026-09-06T00:24:25.766056+00:00,IPAR,NASDAQ,116.69000244140624,,,,,,,False,2026-08-31,119.0500030517578,112.66000366210938
2026-08-31,2026-09-06T00:24:25.766090+00:00,IQV,NYSE,267.7699890136719,,,,,,,False,2026-08-31,271.79998779296875,256.0199890136719
2026-08-31,2026-09-06T00:24:25.766123+00:00,IRTC,NASDAQ,123.06999969482422,,,,,,,False,2026-08-31,125.86000061035156,115.7699966430664
2026-08-31,2026-09-06T00:24:25.766157+00:00,ISTR,NASDAQ,31.100000381469727,,,,,,,False,2026-08-31,31.225000381469727,29.700000762939453
2026-08-31,2026-09-06T00:24:25.766192+00:00,ITIC,NASDAQ,297.9700012207031,,,,,,,False,2026-08-31,302.79998779296875,290.4700012207031
2026-08-31,2026-09-06T00:24:25.766252+00:00,ITW,NYSE,270.1199951171875,68.2,底固め中,-8.9,0.74,48.5,12.0,True,2026-08-31,279.5,265.8900146484375
2026-08-31,2026-09-06T00:24:25.766266+00:00,JCI,NYSE,144.94000244140625,,,,,,,False,2026-08-31,144.97000122070312,137.5399932861328
2026-08-31,2026-09-06T00:24:25.766323+00:00,JOE,NYSE,66.11000061035156,73.6,底固め中,-7.7,0.83,50.7,14.0,True,2026-08-31,67.37999725341797,64.87999725341797
2026-08-31,2026-09-06T00:24:25.766336+00:00,JOYY,NASDAQ,75.0,,,,,,,False,2026-08-31,76.68000030517578,73.30999755859375
2026-08-31,2026-09-06T00:24:25.766368+00:00,JPM,NYSE,358.6400146484375,,,,,,,False,2026-08-31,362.8599853515625,353.7900085449219
2026-08-31,2026-09-06T00:24:25.766424+00:00,JXN,NYSE,140.6300048828125,73.9,ブレイク接近,0.0,0.91,305.7,13.0,True,2026-08-31,140.8800048828125,132.57000732421875
2026-08-31,2026-09-06T00:24:25.766486+00:00,KB,NYSE,128.67999267578125,71.1,ブレイク接近,0.0,0.66,157.0,9.0,True,2026-08-31,133.0800018310547,123.37000274658205
2026-08-31,2026-09-06T00:24:25.766502+00:00,KEY,NYSE,22.18000030517578,,,,,,,False,2026-08-31,22.350000381469727,21.14999961853028
2026-08-31,2026-09-06T00:24:25.766535+00:00,KHC,NASDAQ,24.850000381469727,,,,,,,False,2026-08-31,26.440000534057617,24.739999771118164
2026-08-31,2026-09-06T00:24:25.766567+00:00,KINS,NASDAQ,19.959999084472656,,,,,,,False,2026-08-31,20.38999938964844,19.48200035095215
2026-08-31,2026-09-06T00:24:25.766599+00:00,KKR,NYSE,107.7300033569336,,,,,,,False,2026-08-31,111.0,105.5
2026-08-31,2026-09-06T00:24:25.766655+00:00,KNSL,NYSE,373.1700134277344,78.7,右肩上がり確認,-20.4,0.62,81.2,11.0,True,2026-08-31,387.5400085449219,370.0199890136719
2026-08-31,2026-09-06T00:24:25.766668+00:00,KYMR,NASDAQ,117.38999938964844,,,,,,,False,2026-08-31,123.54000091552734,112.7699966430664
2026-08-31,2026-09-06T00:24:25.766701+00:00,LAD,NYSE,386.80999755859375,,,,,,,False,2026-08-31,386.989990234375,363.8699951171875
2026-08-31,2026-09-06T00:24:25.766733+00:00,LAUR,NASDAQ,36.7599983215332,,,,,,,False,2026-08-31,38.900001525878906,35.4900016784668
2026-08-31,2026-09-06T00:24:25.766764+00:00,LAZ,NYSE,45.0,,,,,,,False,2026-08-31,45.20000076293945,41.970001220703125
2026-08-31,2026-09-06T00:24:25.766820+00:00,LB,NYSE,86.52999877929688,64.2,ブレイク接近,-3.4,0.94,211.7,9.0,True,2026-08-31,89.02999877929688,84.1500015258789
2026-08-31,2026-09-06T00:24:25.766858+00:00,LECO,NASDAQ,276.44000244140625,91.2,右肩上がり確認,-6.9,1.34,68.5,17.0,True,2026-08-31,285.0799865722656,266.7099914550781
2026-08-31,2026-09-06T00:24:25.766896+00:00,LH,NYSE,326.8900146484375,73.5,ブレイク接近,-2.6,0.93,201.7,14.0,True,2026-08-31,336.6499938964844,326.1600036621094
2026-08-31,2026-09-06T00:24:25.766910+00:00,LIF,NASDAQ,44.16999816894531,,,,,,,False,2026-08-31,44.63999938964844,41.25
2026-08-31,2026-09-06T00:24:25.766942+00:00,LKFN,NASDAQ,60.56999969482422,,,,,,,False,2026-08-31,60.810001373291016,58.45000076293945
2026-08-31,2026-09-06T00:24:25.766974+00:00,LMNR,NASDAQ,14.989999771118164,,,,,,,False,2026-08-31,15.119999885559082,13.699999809265137
2026-08-31,2026-09-06T00:24:25.767029+00:00,LMT,NYSE,525.280029296875,64.6,底固め中,-20.8,0.87,15.4,13.0,True,2026-08-31,564.97998046875,524.030029296875
2026-08-31,2026-09-06T00:24:25.767043+00:00,LNC,NYSE,45.470001220703125,,,,,,,False,2026-08-31,45.900001525878906,42.43000030517578
2026-08-31,2026-09-06T00:24:25.767074+00:00,LOAR,NYSE,67.8499984741211,,,,,,,False,2026-08-31,70.87000274658203,67.31999969482422
2026-08-31,2026-09-06T00:24:25.767106+00:00,LPLA,NASDAQ,359.3299865722656,,,,,,,False,2026-08-31,372.9200134277344,352.6400146484375
2026-08-31,2026-09-06T00:24:25.767137+00:00,LSPD,NYSE,10.510000228881836,,,,,,,False,2026-08-31,10.734999656677246,10.130000114440918
2026-08-31,2026-09-06T00:24:25.767168+00:00,LTM,NYSE,52.470001220703125,,,,,,,False,2026-08-31,52.790000915527344,49.185001373291016
2026-08-31,2026-09-06T00:24:25.767224+00:00,LW,NYSE,49.869998931884766,80.1,右肩上がり確認,-22.5,0.8,108.3,7.0,True,2026-08-31,55.0,49.83000183105469
2026-08-31,2026-09-06T00:24:25.767238+00:00,LXP,NYSE,60.77999877929688,,,,,,,False,2026-08-31,60.88999938964844,60.650001525878906
2026-08-31,2026-09-06T00:24:25.767270+00:00,LYFT,NASDAQ,16.719999313354492,,,,,,,False,2026-08-31,17.979999542236328,16.540000915527344
2026-08-31,2026-09-06T00:24:25.767328+00:00,LYG,NYSE,6.079999923706055,61.9,ブレイク接近,-2.1,0.57,150.0,6.0,True,2026-08-31,6.099999904632568,5.829999923706055
2026-08-31,2026-09-06T00:24:25.767367+00:00,MA,NYSE,579.2100219726562,72.8,ブレイク接近,-2.7,0.82,229.9,19.0,True,2026-08-31,595.1799926757812,578.7100219726562
2026-08-31,2026-09-06T00:24:25.767405+00:00,MAIN,NYSE,57.68000030517578,76.0,ブレイク接近,-7.5,0.79,106.7,11.0,True,2026-08-31,59.27999877929688,57.22999954223633
2026-08-31,2026-09-06T00:24:25.767419+00:00,MAN,NYSE,61.97999954223633,,,,,,,False,2026-08-31,63.45000076293945,59.25
2026-08-31,2026-09-06T00:24:25.767462+00:00,MAT,NASDAQ,14.529999732971191,,,,,,,False,2026-08-31,15.119999885559082,14.130000114440918
2026-08-31,2026-09-06T00:24:25.767495+00:00,MBUU,NASDAQ,27.8799991607666,,,,,,,False,2026-08-31,28.15999984741211,25.989999771118164
2026-08-31,2026-09-06T00:24:25.767527+00:00,MBWM,NASDAQ,62.13999938964844,,,,,,,False,2026-08-31,62.31999969482422,58.650001525878906
2026-08-31,2026-09-06T00:24:25.767559+00:00,MCHB,NASDAQ,15.81999969482422,,,,,,,False,2026-08-31,16.0,15.489999771118164
2026-08-31,2026-09-06T00:24:25.767614+00:00,MCK,NYSE,907.989990234375,80.6,右肩上がり確認,-7.8,0.86,69.4,9.0,True,2026-08-31,929.9500122070312,876.47998046875
2026-08-31,2026-09-06T00:24:25.767654+00:00,MCO,NYSE,493.5499877929688,66.2,ブレイク接近,-7.8,0.75,137.1,18.0,True,2026-08-31,511.9400024414063,484.4500122070313
2026-08-31,2026-09-06T00:24:25.767693+00:00,MDT,NYSE,94.16999816894533,82.0,ブレイク接近,-8.4,0.93,85.3,5.0,True,2026-08-31,95.41000366210938,90.04000091552734
2026-08-31,2026-09-06T00:24:25.767707+00:00,MDXG,NASDAQ,4.570000171661377,,,,,,,False,2026-08-31,4.710000038146973,4.349999904632568
2026-08-31,2026-09-06T00:24:25.767739+00:00,MELI,NASDAQ,1978.3599853515625,,,,,,,False,2026-08-31,2066.0,1900.0
2026-08-31,2026-09-06T00:24:25.767771+00:00,MESO,NASDAQ,17.31999969482422,,,,,,,False,2026-08-31,17.399999618530273,16.450000762939453
2026-08-31,2026-09-06T00:24:25.767802+00:00,MGEE,NASDAQ,77.37000274658203,,,,,,,False,2026-08-31,78.12000274658203,76.47000122070312
2026-08-31,2026-09-06T00:24:25.767834+00:00,MGRC,NASDAQ,111.58999633789062,,,,,,,False,2026-08-31,115.0,108.7699966430664
2026-08-31,2026-09-06T00:24:25.767866+00:00,MHK,NYSE,133.6300048828125,,,,,,,False,2026-08-31,134.4499969482422,124.5999984741211
2026-08-31,2026-09-06T00:24:25.767922+00:00,MKC,NYSE,52.08000183105469,61.9,底固め中,-25.8,0.64,25.3,8.0,True,2026-08-31,55.18999862670898,51.5099983215332
2026-08-31,2026-09-06T00:24:25.767936+00:00,MKL,NYSE,1826.719970703125,,,,,,,False,2026-08-31,1849.1099853515625,1793.030029296875
2026-08-31,2026-09-06T00:24:25.767968+00:00,MLKN,NASDAQ,22.920000076293945,,,,,,,False,2026-08-31,23.0,21.790000915527344
2026-08-31,2026-09-06T00:24:25.768000+00:00,MMM,NYSE,168.55999755859375,,,,,,,False,2026-08-31,173.64999389648438,165.8000030517578
2026-08-31,2026-09-06T00:24:25.768031+00:00,MMSI,NASDAQ,89.5999984741211,,,,,,,False,2026-08-31,92.18000030517578,87.03500366210938
2026-08-31,2026-09-06T00:24:25.768087+00:00,MOS,NYSE,25.850000381469727,85.1,底固め中,-24.8,0.98,59.2,12.0,True,2026-08-31,26.309999465942383,23.420000076293945
2026-08-31,2026-09-06T00:24:25.768101+00:00,MPB,NASDAQ,37.400001525878906,,,,,,,False,2026-08-31,37.560001373291016,35.869998931884766
2026-08-31,2026-09-06T00:24:25.768133+00:00,MQ,NASDAQ,16.579999923706055,,,,,,,False,2026-08-31,17.260000228881836,16.0049991607666
2026-08-31,2026-09-06T00:24:25.768164+00:00,MRK,NYSE,150.3300018310547,,,,,,,False,2026-08-31,152.8000030517578,145.9499969482422
2026-08-31,2026-09-06T00:24:25.768221+00:00,MRP,NYSE,32.02000045776367,65.9,ブレイク接近,0.0,0.69,139.8,10.0,True,2026-08-31,32.11000061035156,30.18000030517578
2026-08-31,2026-09-06T00:24:25.768260+00:00,MRSH,NYSE,185.7400054931641,76.8,ブレイク接近,-8.8,0.77,103.9,13.0,True,2026-08-31,192.66000366210932,185.3999938964844
2026-08-31,2026-09-06T00:24:25.768298+00:00,MSA,NYSE,188.69000244140625,83.1,右肩上がり確認,-6.0,0.77,70.8,18.0,True,2026-08-31,190.8300018310547,185.1100006103516
2026-08-31,2026-09-06T00:24:25.768312+00:00,MSEX,NASDAQ,58.2599983215332,,,,,,,False,2026-08-31,58.93000030517578,56.83000183105469
2026-08-31,2026-09-06T00:24:25.768345+00:00,MSFT,NASDAQ,499.7000122070313,,,,,,,False,2026-08-31,515.6500244140625,493.80999755859375
2026-08-31,2026-09-06T00:24:25.768400+00:00,MSI,NYSE,468.0499877929688,80.8,ブレイク接近,-3.7,0.97,88.1,9.0,True,2026-08-31,494.8500061035156,466.3900146484375
2026-08-31,2026-09-06T00:24:25.768414+00:00,MTB,NYSE,239.83999633789065,,,,,,,False,2026-08-31,241.22999572753903,231.2700042724609
2026-08-31,2026-09-06T00:24:25.768453+00:00,MTN,NYSE,134.9600067138672,,,,,,,False,2026-08-31,142.0,131.75
2026-08-31,2026-09-06T00:24:25.768486+00:00,MTW,NYSE,21.40999984741211,,,,,,,False,2026-08-31,21.5,18.729999542236328
2026-08-31,2026-09-06T00:24:25.768517+00:00,MVBF,NASDAQ,31.229999542236328,,,,,,,False,2026-08-31,31.3799991607666,29.80500030517578
2026-08-31,2026-09-06T00:24:25.768573+00:00,NAVI,NASDAQ,9.630000114440918,67.2,ブレイク接近,-22.4,1.1,164.3,16.0,True,2026-08-31,9.850000381469728,9.18000030517578
2026-08-31,2026-09-06T00:24:25.768587+00:00,NBBK,NASDAQ,23.15999984741211,,,,,,,False,2026-08-31,23.209999084472656,21.979999542236328
2026-08-31,2026-09-06T00:24:25.768618+00:00,NBTB,NASDAQ,52.27000045776367,,,,,,,False,2026-08-31,52.41999816894531,50.04999923706055
2026-08-31,2026-09-06T00:24:25.768674+00:00,NDSN,NASDAQ,318.3599853515625,76.5,ブレイク接近,-4.2,1.19,159.3,7.0,True,2026-08-31,324.7699890136719,311.5599975585937
2026-08-31,2026-09-06T00:24:25.768687+00:00,NIC,NYSE,172.1199951171875,,,,,,,False,2026-08-31,173.2100067138672,165.25999450683594
2026-08-31,2026-09-06T00:24:25.768744+00:00,NKSH,NASDAQ,42.06999969482422,66.6,ブレイク接近,-0.8,1.41,224.4,19.0,True,2026-08-31,42.380001068115234,38.70000076293945
2026-08-31,2026-09-06T00:24:25.768783+00:00,NLY,NYSE,22.809999465942383,60.0,右肩上がり確認,-2.2,0.8,128.5,8.0,True,2026-08-31,23.170000076293945,22.56999969482422
2026-08-31,2026-09-06T00:24:25.768821+00:00,NMIH,NASDAQ,44.83000183105469,64.4,ブレイク接近,-1.9,0.86,218.3,13.0,True,2026-08-31,45.61000061035156,44.119998931884766
2026-08-31,2026-09-06T00:24:25.768834+00:00,NMR,NYSE,10.649999618530272,,,,,,,False,2026-08-31,10.720000267028809,10.140000343322754
2026-08-31,2026-09-06T00:24:25.768866+00:00,NMRK,NASDAQ,15.25,,,,,,,False,2026-08-31,15.675000190734863,14.460000038146973
2026-08-31,2026-09-06T00:24:25.768898+00:00,NOMD,NYSE,11.640000343322754,,,,,,,False,2026-08-31,11.9399995803833,11.359999656677246
2026-08-31,2026-09-06T00:24:25.768954+00:00,NOV,NYSE,21.38999938964844,62.4,ブレイク接近,0.0,0.88,160.9,13.0,True,2026-08-31,21.86000061035156,20.989999771118164
2026-08-31,2026-09-06T00:24:25.768968+00:00,NRIM,NASDAQ,26.450000762939453,,,,,,,False,2026-08-31,26.450000762939453,25.1299991607666
2026-08-31,2026-09-06T00:24:25.768999+00:00,NRIX,NASDAQ,26.13999938964844,,,,,,,False,2026-08-31,26.915000915527344,24.950000762939453
2026-08-31,2026-09-06T00:24:25.769031+00:00,NSC,NYSE,329.4599914550781,,,,,,,False,2026-08-31,350.0,325.0599975585937
2026-08-31,2026-09-06T00:24:25.769063+00:00,NTES,NASDAQ,119.29000091552734,,,,,,,False,2026-08-31,123.37000274658205,115.58999633789062
2026-08-31,2026-09-06T00:24:25.769094+00:00,NTRA,NASDAQ,328.17999267578125,,,,,,,False,2026-08-31,332.0,316.0
2026-08-31,2026-09-06T00:24:25.769135+00:00,NUVB,NYSE,6.809999942779541,,,,,,,False,2026-08-31,7.130000114440918,6.485000133514404
2026-08-31,2026-09-06T00:24:25.769167+00:00,NVRI,NYSE,22.8700008392334,,,,,,,False,2026-08-31,23.459999084472656,21.979999542236328
2026-08-31,2026-09-06T00:24:25.769223+00:00,NVST,NYSE,27.280000686645508,78.3,右肩上がり確認,-6.6,0.78,68.4,9.0,True,2026-08-31,28.270000457763672,26.59499931335449
2026-08-31,2026-09-06T00:24:25.769237+00:00,NWG,NYSE,18.940000534057617,,,,,,,False,2026-08-31,19.0,18.15999984741211
2026-08-31,2026-09-06T00:24:25.769268+00:00,NWL,NASDAQ,6.110000133514404,,,,,,,False,2026-08-31,6.309999942779541,5.760000228881836
2026-08-31,2026-09-06T00:24:25.769301+00:00,OBDC,NYSE,11.399999618530272,,,,,,,False,2026-08-31,11.630000114440918,11.220000267028809
2026-08-31,2026-09-06T00:24:25.769332+00:00,OC,NYSE,138.72000122070312,,,,,,,False,2026-08-31,142.74000549316406,132.58999633789062
2026-08-31,2026-09-06T00:24:25.769364+00:00,OCFC,NASDAQ,19.43000030517578,,,,,,,False,2026-08-31,19.51000022888184,18.520000457763672
2026-08-31,2026-09-06T00:24:25.769397+00:00,OESX,NASDAQ,25.0,,,,,,,False,2026-08-31,25.959999084472656,20.89999961853028
2026-08-31,2026-09-06T00:24:25.769429+00:00,OMF,NYSE,64.62999725341797,,,,,,,False,2026-08-31,65.3499984741211,61.0
2026-08-31,2026-09-06T00:24:25.769472+00:00,ONC,NASDAQ,358.260009765625,,,,,,,False,2026-08-31,370.4800109863281,351.4049987792969
2026-08-31,2026-09-06T00:24:25.769505+00:00,ORC,NYSE,6.550000190734863,,,,,,,False,2026-08-31,6.639999866485596,6.46999979019165
2026-08-31,2026-09-06T00:24:25.769536+00:00,ORI,NYSE,41.43000030517578,,,,,,,False,2026-08-31,43.02000045776367,41.34999847412109
2026-08-31,2026-09-06T00:24:25.769567+00:00,ORRF,NASDAQ,43.130001068115234,,,,,,,False,2026-08-31,43.15999984741211,40.95000076293945
2026-08-31,2026-09-06T00:24:25.769622+00:00,OTEX,NASDAQ,23.950000762939453,67.2,右肩上がり確認,-36.5,0.73,77.7,6.0,True,2026-08-31,25.07999992370605,23.540000915527344
2026-08-31,2026-09-06T00:24:25.769661+00:00,OWL,NYSE,11.75,81.6,ブレイク接近,-32.9,0.97,105.1,5.0,True,2026-08-31,12.369999885559082,11.520000457763672
2026-08-31,2026-09-06T00:24:25.769675+00:00,OZK,NASDAQ,50.43000030517578,,,,,,,False,2026-08-31,50.52000045776367,48.2400016784668
2026-08-31,2026-09-06T00:24:25.769731+00:00,P,NYSE,99.51000213623048,84.3,ブレイク接近,-15.8,1.23,271.1,6.0,True,2026-08-31,99.61000061035156,89.6449966430664
2026-08-31,2026-09-06T00:24:25.769769+00:00,PANL,NASDAQ,8.550000190734863,78.0,右肩上がり確認,-6.8,0.92,76.5,8.0,True,2026-08-31,8.640000343322754,7.96999979019165
2026-08-31,2026-09-06T00:24:25.769783+00:00,PAYO,NASDAQ,7.170000076293945,,,,,,,False,2026-08-31,7.179999828338623,7.079999923706055
2026-08-31,2026-09-06T00:24:25.769814+00:00,PB,NYSE,72.80999755859375,,,,,,,False,2026-08-31,73.70999908447266,70.58999633789062
2026-08-31,2026-09-06T00:24:25.769846+00:00,PBYI,NASDAQ,9.550000190734863,,,,,,,False,2026-08-31,9.739999771118164,8.779999732971191
2026-08-31,2026-09-06T00:24:25.769901+00:00,PCAR,NASDAQ,124.6999969482422,70.2,右肩上がり確認,-6.1,0.76,83.8,10.0,True,2026-08-31,126.48999786376952,121.18000030517578
2026-08-31,2026-09-06T00:24:25.769939+00:00,PCTY,NASDAQ,152.25,78.5,ブレイク接近,-10.3,0.91,228.6,4.0,True,2026-08-31,161.92999267578125,148.38999938964844
2026-08-31,2026-09-06T00:24:25.769953+00:00,PFS,NYSE,23.71999931335449,,,,,,,False,2026-08-31,23.82999992370605,22.89999961853028
2026-08-31,2026-09-06T00:24:25.769985+00:00,PGY,NASDAQ,22.979999542236328,,,,,,,False,2026-08-31,23.45499992370605,20.68000030517578
2026-08-31,2026-09-06T00:24:25.770042+00:00,PH,NYSE,962.5900268554688,74.5,右肩上がり確認,-10.2,0.95,68.4,11.0,True,2026-08-31,990.1599731445312,933.739990234375
2026-08-31,2026-09-06T00:24:25.770056+00:00,PHM,NYSE,124.4499969482422,,,,,,,False,2026-08-31,127.69000244140624,122.9000015258789
2026-08-31,2026-09-06T00:24:25.770088+00:00,PKG,NYSE,237.25,,,,,,,False,2026-08-31,239.8699951171875,227.6499938964844
2026-08-31,2026-09-06T00:24:25.770119+00:00,PLUS,NASDAQ,92.0999984741211,,,,,,,False,2026-08-31,93.33999633789062,86.06999969482422
2026-08-31,2026-09-06T00:24:25.770151+00:00,PNC,NYSE,245.6000061035156,,,,,,,False,2026-08-31,246.63999938964844,236.7899932861328
2026-08-31,2026-09-06T00:24:25.770182+00:00,PRI,NYSE,295.6199951171875,,,,,,,False,2026-08-31,300.0599975585937,286.92999267578125
2026-08-31,2026-09-06T00:24:25.770214+00:00,PRK,NYSE American,194.72999572753903,,,,,,,False,2026-08-31,198.0,190.8600006103516
2026-08-31,2026-09-06T00:24:25.770245+00:00,PRVA,NASDAQ,20.65999984741211,,,,,,,False,2026-08-31,21.07999992370605,20.32999992370605
2026-08-31,2026-09-06T00:24:25.770277+00:00,PTC,NASDAQ,141.02000427246094,,,,,,,False,2026-08-31,157.75999450683594,140.0
2026-08-31,2026-09-06T00:24:25.770308+00:00,PUK,NYSE,27.75,,,,,,,False,2026-08-31,28.350000381469727,27.030000686645508
2026-08-31,2026-09-06T00:24:25.770340+00:00,QCRH,NASDAQ,102.69000244140624,,,,,,,False,2026-08-31,103.5500030517578,97.01000213623048
2026-08-31,2026-09-06T00:24:25.770374+00:00,QGEN,NYSE,43.470001220703125,,,,,,,False,2026-08-31,44.91999816894531,42.56999969482422
2026-08-31,2026-09-06T00:24:25.770406+00:00,QTWO,NYSE,62.130001068115234,,,,,,,False,2026-08-31,66.30999755859375,61.5099983215332
2026-08-31,2026-09-06T00:24:25.770449+00:00,RACE,NYSE,409.9500122070313,,,,,,,False,2026-08-31,424.7699890136719,407.9299926757813
2026-08-31,2026-09-06T00:24:25.770520+00:00,RCBC,NASDAQ,53.040000915527344,73.6,ブレイク接近,0.0,3.36,299.0,19.0,True,2026-08-31,53.47999954223633,48.04999923706055
2026-08-31,2026-09-06T00:24:25.770560+00:00,RCI,NYSE,37.52000045776367,74.2,右肩上がり確認,-5.0,0.82,75.0,6.0,True,2026-08-31,38.09000015258789,36.34000015258789
2026-08-31,2026-09-06T00:24:25.770574+00:00,RCL,NYSE,265.19000244140625,,,,,,,False,2026-08-31,278.6099853515625,262.0400085449219
2026-08-31,2026-09-06T00:24:25.770630+00:00,RDNT,NASDAQ,73.70999908447266,84.6,ブレイク接近,-11.6,0.87,120.5,8.0,True,2026-08-31,76.97000122070312,73.26499938964844
2026-08-31,2026-09-06T00:24:25.770644+00:00,REAL,NASDAQ,9.859999656677246,,,,,,,False,2026-08-31,11.109000205993652,9.6899995803833
2026-08-31,2026-09-06T00:24:25.770676+00:00,RERE,NYSE,4.179999828338623,,,,,,,False,2026-08-31,4.28000020980835,4.014999866485596
2026-08-31,2026-09-06T00:24:25.770732+00:00,REXR,NYSE,36.790000915527344,70.3,ブレイク接近,-12.7,0.85,102.1,9.0,True,2026-08-31,37.369998931884766,36.560001373291016
2026-08-31,2026-09-06T00:24:25.770746+00:00,REYN,NASDAQ,21.850000381469727,,,,,,,False,2026-08-31,24.32999992370605,21.739999771118164
2026-08-31,2026-09-06T00:24:25.770778+00:00,RF,NYSE,30.420000076293945,,,,,,,False,2026-08-31,30.6299991607666,29.25
2026-08-31,2026-09-06T00:24:25.770809+00:00,RGA,NYSE,253.2700042724609,,,,,,,False,2026-08-31,257.8099975585937,243.6300048828125
2026-08-31,2026-09-06T00:24:25.770841+00:00,RIGL,NASDAQ,48.66999816894531,,,,,,,False,2026-08-31,49.900001525878906,45.310001373291016
2026-08-31,2026-09-06T00:24:25.770872+00:00,RITM,NYSE,10.079999923706056,,,,,,,False,2026-08-31,10.140000343322754,9.880000114440918
2026-08-31,2026-09-06T00:24:25.770928+00:00,RJF,NYSE,178.2899932861328,72.5,ブレイク接近,-1.4,0.85,220.5,11.0,True,2026-08-31,181.3999938964844,172.3699951171875
2026-08-31,2026-09-06T00:24:25.770942+00:00,RLI,NYSE,62.400001525878906,,,,,,,False,2026-08-31,64.80000305175781,62.380001068115234
2026-08-31,2026-09-06T00:24:25.770997+00:00,RPC,NYSE,8.5,77.8,ブレイク接近,-28.7,1.42,95.4,4.0,True,2026-08-31,8.760000228881836,8.21500015258789
2026-08-31,2026-09-06T00:24:25.771011+00:00,RPM,NYSE,105.5199966430664,,,,,,,False,2026-08-31,106.29000091552734,101.06999969482422
2026-08-31,2026-09-06T00:24:25.771043+00:00,RRR,NASDAQ,57.150001525878906,,,,,,,False,2026-08-31,58.59000015258789,55.28499984741211
2026-08-31,2026-09-06T00:24:25.771100+00:00,RSG,NYSE,222.7100067138672,68.7,右肩上がり確認,-3.1,1.01,76.8,15.0,True,2026-08-31,225.7400054931641,220.47000122070312
2026-08-31,2026-09-06T00:24:25.771114+00:00,RTX,NYSE,200.7899932861328,,,,,,,False,2026-08-31,211.3099975585937,199.0399932861328
2026-08-31,2026-09-06T00:24:25.771147+00:00,RWAY,NASDAQ,6.650000095367432,,,,,,,False,2026-08-31,6.789999961853027,6.552000045776367
2026-08-31,2026-09-06T00:24:25.771179+00:00,RYAN,NYSE,41.90999984741211,,,,,,,False,2026-08-31,43.9900016784668,41.18999862670898
2026-08-31,2026-09-06T00:24:25.771210+00:00,RYN,NYSE,20.459999084472656,,,,,,,False,2026-08-31,20.920000076293945,20.170000076293945
2026-08-31,2026-09-06T00:24:25.771241+00:00,SA,NYSE,31.82999992370605,,,,,,,False,2026-08-31,32.75,29.89999961853028
2026-08-31,2026-09-06T00:24:25.771272+00:00,SABS,NASDAQ,3.7200000286102295,,,,,,,False,2026-08-31,3.799999952316284,3.5999999046325684
2026-08-31,2026-09-06T00:24:25.771331+00:00,SAFT,NASDAQ,103.1500015258789,70.7,ブレイク接近,0.0,0.71,429.3,15.0,True,2026-08-31,103.7699966430664,103.0500030517578
2026-08-31,2026-09-06T00:24:25.771345+00:00,SAN,NYSE,14.93000030517578,,,,,,,False,2026-08-31,15.050000190734863,14.359999656677246
2026-08-31,2026-09-06T00:24:25.771378+00:00,SAP,NYSE,215.1100006103516,,,,,,,False,2026-08-31,223.27999877929688,209.3800048828125
2026-08-31,2026-09-06T00:24:25.771410+00:00,SARO,NYSE,24.809999465942383,,,,,,,False,2026-08-31,24.875,23.86100006103516
2026-08-31,2026-09-06T00:24:25.771451+00:00,SBCF,NASDAQ,34.599998474121094,,,,,,,False,2026-08-31,34.86000061035156,32.9900016784668
2026-08-31,2026-09-06T00:24:25.771482+00:00,SBFG,NASDAQ,29.98500061035156,,,,,,,False,2026-08-31,30.06999969482422,26.75
2026-08-31,2026-09-06T00:24:25.771514+00:00,SCHW,NYSE,109.29000091552734,,,,,,,False,2026-08-31,110.72000122070312,107.97000122070312
2026-08-31,2026-09-06T00:24:25.771570+00:00,SD,NYSE,14.329999923706056,64.9,底固め中,-15.5,1.01,31.5,12.0,True,2026-08-31,14.5600004196167,13.98799991607666
2026-08-31,2026-09-06T00:24:25.771609+00:00,SE,NYSE,112.08999633789062,84.2,ブレイク接近,-42.8,1.22,92.1,4.0,True,2026-08-31,118.25,110.7699966430664
2026-08-31,2026-09-06T00:24:25.771623+00:00,SEIC,NASDAQ,110.38999938964844,,,,,,,False,2026-08-31,111.62999725341795,108.0999984741211
2026-08-31,2026-09-06T00:24:25.771655+00:00,SF,NYSE,81.48999786376953,,,,,,,False,2026-08-31,82.30999755859375,78.69000244140625
2026-08-31,2026-09-06T00:24:25.771687+00:00,SFBS,NYSE,43.130001068115234,,,,,,,False,2026-08-31,43.380001068115234,41.16999816894531
2026-08-31,2026-09-06T00:24:25.771718+00:00,SFIX,NASDAQ,3.049999952316284,,,,,,,False,2026-08-31,3.2100000381469727,3.0
2026-08-31,2026-09-06T00:24:25.771749+00:00,SFST,NASDAQ,63.68000030517578,,,,,,,False,2026-08-31,64.0199966430664,60.47999954223633
2026-08-31,2026-09-06T00:24:25.771804+00:00,SHW,NYSE,333.7099914550781,68.8,底固め中,-9.5,0.7,51.9,13.0,True,2026-08-31,342.3900146484375,327.7799987792969
2026-08-31,2026-09-06T00:24:25.771818+00:00,SKWD,NASDAQ,57.34000015258789,,,,,,,False,2026-08-31,58.45000076293945,56.209999084472656
2026-08-31,2026-09-06T00:24:25.771849+00:00,SKYW,NASDAQ,99.05999755859376,,,,,,,False,2026-08-31,99.1999969482422,93.11000061035156
2026-08-31,2026-09-06T00:24:25.771881+00:00,SLGN,NYSE,41.18000030517578,,,,,,,False,2026-08-31,42.630001068115234,40.47999954223633
2026-08-31,2026-09-06T00:24:25.771912+00:00,SLM,NASDAQ,27.07999992370605,,,,,,,False,2026-08-31,27.21999931335449,25.61000061035156
2026-08-31,2026-09-06T00:24:25.771944+00:00,SMBK,NYSE,51.869998931884766,,,,,,,False,2026-08-31,52.40999984741211,49.790000915527344
2026-08-31,2026-09-06T00:24:25.771998+00:00,SOFI,NASDAQ,18.21999931335449,66.0,右肩上がり確認,-38.7,0.57,68.3,9.0,True,2026-08-31,18.709999084472656,16.920000076293945
2026-08-31,2026-09-06T00:24:25.772041+00:00,SONO,NASDAQ,15.359999656677246,73.5,ブレイク接近,-19.8,0.75,94.7,7.0,True,2026-08-31,16.549999237060547,14.970000267028809
2026-08-31,2026-09-06T00:24:25.772079+00:00,SONY,NYSE,24.559999465942383,81.3,ブレイク接近,-18.5,0.79,139.4,14.0,True,2026-08-31,25.270000457763672,24.40999984741211
2026-08-31,2026-09-06T00:24:25.772094+00:00,SOPH,NASDAQ,8.09000015258789,,,,,,,False,2026-08-31,8.619999885559082,7.820000171661377
2026-08-31,2026-09-06T00:24:25.772126+00:00,SPB,NYSE,88.5,,,,,,,False,2026-08-31,89.86000061035156,85.41000366210938
2026-08-31,2026-09-06T00:24:25.772158+00:00,SPFI,NASDAQ,45.630001068115234,,,,,,,False,2026-08-31,45.88999938964844,42.68000030517578
2026-08-31,2026-09-06T00:24:25.772190+00:00,SPGI,NYSE,443.510009765625,,,,,,,False,2026-08-31,454.9200134277344,428.1499938964844
2026-08-31,2026-09-06T00:24:25.772245+00:00,SPOK,NASDAQ,10.710000038146973,65.1,底固め中,-31.7,1.04,28.7,23.0,True,2026-08-31,10.789999961853027,10.489999771118164
2026-08-31,2026-09-06T00:24:25.772259+00:00,SSB,NYSE,107.9800033569336,,,,,,,False,2026-08-31,108.4000015258789,103.75
2026-08-31,2026-09-06T00:24:25.772316+00:00,SSNC,NASDAQ,83.6500015258789,77.2,ブレイク接近,-5.6,0.74,171.6,13.0,True,2026-08-31,84.95999908447266,81.77999877929688
2026-08-31,2026-09-06T00:24:25.772354+00:00,STE,NYSE,224.58999633789065,72.1,底固め中,-15.7,0.8,46.3,16.0,True,2026-08-31,236.08999633789065,221.4349975585937
2026-08-31,2026-09-06T00:24:25.772368+00:00,STRA,NASDAQ,81.58999633789062,,,,,,,False,2026-08-31,85.19000244140625,79.88999938964844
2026-08-31,2026-09-06T00:24:25.772400+00:00,SYBT,NASDAQ,79.48999786376953,,,,,,,False,2026-08-31,81.12999725341797,77.51000213623047
2026-08-31,2026-09-06T00:24:25.772431+00:00,SYF,NYSE,79.91999816894531,,,,,,,False,2026-08-31,80.79499816894531,76.22000122070312
2026-08-31,2026-09-06T00:24:25.772479+00:00,SYK,NYSE,303.1300048828125,,,,,,,False,2026-08-31,331.5,302.510009765625
2026-08-31,2026-09-06T00:24:25.772537+00:00,TAK,NYSE,18.450000762939453,75.0,ブレイク接近,-1.6,0.72,90.5,12.0,True,2026-08-31,18.84000015258789,17.959999084472656
2026-08-31,2026-09-06T00:24:25.772576+00:00,TAP,NYSE,40.5,60.6,底固め中,-21.3,0.81,14.7,18.0,True,2026-08-31,41.27999877929688,39.56999969482422
2026-08-31,2026-09-06T00:24:25.772614+00:00,TAYD,NASDAQ,62.18000030517578,71.6,底固め中,-30.9,1.3,28.7,12.0,True,2026-08-31,62.18000030517578,58.27999877929688
2026-08-31,2026-09-06T00:24:25.772628+00:00,TBBK,NASDAQ,66.87000274658203,,,,,,,False,2026-08-31,68.0999984741211,63.63999938964844
2026-08-31,2026-09-06T00:24:25.772660+00:00,TCBK,NASDAQ,54.400001525878906,,,,,,,False,2026-08-31,54.68000030517578,52.540000915527344
2026-08-31,2026-09-06T00:24:25.772691+00:00,TCBX,NYSE,46.04999923706055,,,,,,,False,2026-08-31,46.13999938964844,43.38999938964844
2026-08-31,2026-09-06T00:24:25.772723+00:00,TDY,NYSE,610.6500244140625,,,,,,,False,2026-08-31,624.0,598.2899780273438
2026-08-31,2026-09-06T00:24:25.772755+00:00,TEL,NYSE,208.6499938964844,,,,,,,False,2026-08-31,212.32000732421875,199.82000732421875
2026-08-31,2026-09-06T00:24:25.772811+00:00,TEM,NASDAQ,64.62000274658203,88.5,ブレイク接近,-33.0,1.37,139.7,5.0,True,2026-08-31,67.0999984741211,60.060001373291016
2026-08-31,2026-09-06T00:24:25.772824+00:00,TFC,NYSE,51.650001525878906,,,,,,,False,2026-08-31,51.88999938964844,49.060001373291016
2026-08-31,2026-09-06T00:24:25.772879+00:00,THC,NYSE,265.04998779296875,75.9,ブレイク接近,-5.6,0.58,133.2,4.0,True,2026-08-31,273.5799865722656,253.509994506836
2026-08-31,2026-09-06T00:24:25.772920+00:00,TMO,NYSE,613.780029296875,64.9,ブレイク接近,-2.5,0.76,199.5,10.0,True,2026-08-31,622.9099731445312,599.52001953125
2026-08-31,2026-09-06T00:24:25.772934+00:00,TOL,NYSE,141.72999572753906,,,,,,,False,2026-08-31,145.08999633789062,139.6999969482422
2026-08-31,2026-09-06T00:24:25.772965+00:00,TOWN,NASDAQ,37.595001220703125,,,,,,,False,2026-08-31,37.790000915527344,36.33000183105469
2026-08-31,2026-09-06T00:24:25.772997+00:00,TPC,NYSE,88.20999908447266,,,,,,,False,2026-08-31,90.26000213623048,86.08000183105469
2026-08-31,2026-09-06T00:24:25.773053+00:00,TPG,NASDAQ,52.650001525878906,84.9,ブレイク接近,-18.6,1.3,147.4,6.0,True,2026-08-31,54.46500015258789,51.959999084472656
2026-08-31,2026-09-06T00:24:25.773067+00:00,TRI,NASDAQ,105.68000030517578,,,,,,,False,2026-08-31,112.7699966430664,104.02999877929688
2026-08-31,2026-09-06T00:24:25.773098+00:00,TRIN,NYSE,18.21999931335449,,,,,,,False,2026-08-31,18.86000061035156,18.18000030517578
2026-08-31,2026-09-06T00:24:25.773130+00:00,TRNO,NYSE,65.6500015258789,,,,,,,False,2026-08-31,66.76000213623047,65.33000183105469
2026-08-31,2026-09-06T00:24:25.773185+00:00,TRU,NYSE,79.87999725341797,77.9,ブレイク接近,-12.4,0.88,111.5,6.0,True,2026-08-31,86.4000015258789,75.18000030517578
2026-08-31,2026-09-06T00:24:25.773223+00:00,TRUP,NASDAQ,27.799999237060547,73.3,右肩上がり確認,-38.5,1.41,82.6,5.0,True,2026-08-31,29.56999969482422,27.56999969482422
2026-08-31,2026-09-06T00:24:25.773240+00:00,TSLX,NYSE,18.3799991607666,,,,,,,False,2026-08-31,19.100000381469727,17.979999542236328
2026-08-31,2026-09-06T00:24:25.773295+00:00,TTC,NYSE,93.33000183105467,69.7,底固め中,-7.5,1.07,46.3,15.0,True,2026-08-31,100.18000030517578,91.0250015258789
2026-08-31,2026-09-06T00:24:25.773332+00:00,TWI,NYSE,8.329999923706055,69.5,底固め中,-24.7,1.33,36.3,11.0,True,2026-08-31,8.329999923706055,7.03000020980835
2026-08-31,2026-09-06T00:24:25.773346+00:00,TWIN,NASDAQ,23.850000381469727,,,,,,,False,2026-08-31,23.89999961853028,22.15999984741211
2026-08-31,2026-09-06T00:24:25.773403+00:00,TXO,NYSE,15.0600004196167,61.7,ブレイク接近,0.0,1.42,270.7,10.0,True,2026-08-31,15.270000457763672,14.4399995803833
2026-08-31,2026-09-06T00:24:25.773417+00:00,UBSI,NASDAQ,47.83000183105469,,,,,,,False,2026-08-31,48.02999877929688,46.31999969482422
2026-08-31,2026-09-06T00:24:25.773459+00:00,UCB,NYSE,35.63999938964844,,,,,,,False,2026-08-31,35.72999954223633,34.0
2026-08-31,2026-09-06T00:24:25.773515+00:00,UGI,NYSE,37.93999862670898,80.8,ブレイク接近,-3.4,1.77,99.7,5.0,True,2026-08-31,38.70000076293945,37.59999847412109
2026-08-31,2026-09-06T00:24:25.773553+00:00,UL,NYSE,64.19999694824219,77.7,底固め中,-11.7,0.92,53.4,13.0,True,2026-08-31,65.55000305175781,63.68999862670898
2026-08-31,2026-09-06T00:24:25.773567+00:00,ULTA,NASDAQ,564.1199951171875,,,,,,,False,2026-08-31,568.4400024414062,518.9500122070312
2026-08-31,2026-09-06T00:24:25.773601+00:00,UMH,NYSE,15.949999809265137,,,,,,,False,2026-08-31,16.5,15.829999923706056
2026-08-31,2026-09-06T00:24:25.773633+00:00,UNP,NYSE,289.6199951171875,,,,,,,False,2026-08-31,306.3599853515625,285.69000244140625
2026-08-31,2026-09-06T00:24:25.773664+00:00,UNTY,NASDAQ,59.959999084472656,,,,,,,False,2026-08-31,60.06999969482422,57.36000061035156
2026-08-31,2026-09-06T00:24:25.773695+00:00,UPBD,NASDAQ,18.979999542236328,,,,,,,False,2026-08-31,19.309999465942383,17.899999618530273
2026-08-31,2026-09-06T00:24:25.773726+00:00,URBN,NASDAQ,80.97000122070312,,,,,,,False,2026-08-31,81.37000274658203,76.87000274658203
2026-08-31,2026-09-06T00:24:25.773757+00:00,USB,NYSE,63.369998931884766,,,,,,,False,2026-08-31,63.709999084472656,60.79999923706055
2026-08-31,2026-09-06T00:24:25.773788+00:00,USCB,NASDAQ,23.479999542236328,,,,,,,False,2026-08-31,23.5,21.770000457763672
2026-08-31,2026-09-06T00:24:25.773844+00:00,USFD,NYSE,104.04000091552734,74.9,ブレイク接近,-5.1,0.69,121.1,5.0,True,2026-08-31,107.66999816894533,102.5
2026-08-31,2026-09-06T00:24:25.773881+00:00,USPH,NYSE,79.3499984741211,72.1,右肩上がり確認,-12.6,0.76,77.8,5.0,True,2026-08-31,79.94000244140625,77.37999725341797
2026-08-31,2026-09-06T00:24:25.773919+00:00,UTZ,NYSE,14.210000038146973,75.0,ブレイク接近,0.0,0.64,283.0,12.0,True,2026-08-31,14.25,14.18000030517578
2026-08-31,2026-09-06T00:24:25.773933+00:00,V,NYSE,375.0700073242188,,,,,,,False,2026-08-31,382.4800109863281,372.2200012207031
2026-08-31,2026-09-06T00:24:25.773988+00:00,VEEV,NYSE,275.0899963378906,81.6,ブレイク接近,-7.2,0.9,280.7,6.0,True,2026-08-31,290.4700012207031,273.6000061035156
2026-08-31,2026-09-06T00:24:25.774025+00:00,VEON,NASDAQ,64.20500183105469,75.4,ブレイク接近,0.0,1.24,181.5,4.0,True,2026-08-31,67.36000061035156,59.97999954223633
2026-08-31,2026-09-06T00:24:25.774063+00:00,VLTO,NYSE,96.30999755859376,75.9,ブレイク接近,-11.2,0.72,94.5,12.0,True,2026-08-31,99.43000030517578,95.62999725341795
2026-08-31,2026-09-06T00:24:25.774077+00:00,VOD,NASDAQ,16.899999618530273,,,,,,,False,2026-08-31,17.149999618530273,15.890000343322754
2026-08-31,2026-09-06T00:24:25.774110+00:00,VRSK,NASDAQ,185.7899932861328,,,,,,,False,2026-08-31,197.2100067138672,182.5
2026-08-31,2026-09-06T00:24:25.774142+00:00,VRTX,NASDAQ,546.1199951171875,,,,,,,False,2026-08-31,560.25,532.22998046875
2026-08-31,2026-09-06T00:24:25.774174+00:00,VSEC,NASDAQ,203.91000366210932,,,,,,,False,2026-08-31,214.4199981689453,189.3699951171875
2026-08-31,2026-09-06T00:24:25.774229+00:00,VYX,NYSE,9.140000343322754,75.2,ブレイク接近,-30.4,1.17,86.7,6.0,True,2026-08-31,9.350000381469728,8.229999542236328
2026-08-31,2026-09-06T00:24:25.774267+00:00,VZ,NYSE,50.13999938964844,75.6,ブレイク接近,0.0,0.64,104.7,5.0,True,2026-08-31,50.93000030517578,49.90999984741211
2026-08-31,2026-09-06T00:24:25.774281+00:00,VZLA,NYSE American,4.0,,,,,,,False,2026-08-31,4.28000020980835,3.839999914169312
2026-08-31,2026-09-06T00:24:25.774313+00:00,WASH,NASDAQ,40.2599983215332,,,,,,,False,2026-08-31,40.540000915527344,38.470001220703125
2026-08-31,2026-09-06T00:24:25.774369+00:00,WBD,NASDAQ,28.25,74.5,右肩上がり確認,-5.8,0.87,83.2,22.0,True,2026-08-31,28.799999237060547,28.209999084472656
2026-08-31,2026-09-06T00:24:25.774383+00:00,WCN,NYSE,164.8699951171875,,,,,,,False,2026-08-31,167.24000549316406,162.3699951171875
2026-08-31,2026-09-06T00:24:25.774414+00:00,WFC,NYSE,89.97000122070312,,,,,,,False,2026-08-31,90.33999633789062,85.87999725341797
2026-08-31,2026-09-06T00:24:25.774454+00:00,WFG,NYSE,68.72000122070312,,,,,,,False,2026-08-31,69.37000274658203,65.55999755859375
2026-08-31,2026-09-06T00:24:25.774488+00:00,WHD,NYSE,70.16000366210938,,,,,,,False,2026-08-31,72.6500015258789,68.63999938964844
2026-08-31,2026-09-06T00:24:25.774520+00:00,WMS,NYSE,135.75999450683594,,,,,,,False,2026-08-31,138.1649932861328,130.22000122070312
2026-08-31,2026-09-06T00:24:25.774551+00:00,WPP,NYSE,25.31999969482422,,,,,,,False,2026-08-31,26.06999969482422,23.96999931335449
2026-08-31,2026-09-06T00:24:25.774583+00:00,WSBC,NASDAQ,41.33000183105469,,,,,,,False,2026-08-31,41.619998931884766,39.31999969482422
2026-08-31,2026-09-06T00:24:25.774616+00:00,WSM,NYSE,227.4199981689453,,,,,,,False,2026-08-31,232.259994506836,218.6000061035156
2026-08-31,2026-09-06T00:24:25.774648+00:00,WTBA,NASDAQ,29.290000915527344,,,,,,,False,2026-08-31,29.350000381469727,27.88999938964844
2026-08-31,2026-09-06T00:24:25.774703+00:00,WTW,NASDAQ,334.739990234375,72.3,ブレイク接近,-2.9,0.82,157.0,9.0,True,2026-08-31,344.29998779296875,333.29998779296875
2026-08-31,2026-09-06T00:24:25.774742+00:00,WWW,NYSE,20.76000022888184,71.6,ブレイク接近,-30.5,1.0,205.1,8.0,True,2026-08-31,20.88999938964844,19.100000381469727
2026-08-31,2026-09-06T00:24:25.774756+00:00,WY,NYSE,23.020000457763672,,,,,,,False,2026-08-31,23.68000030517578,22.739999771118164
2026-08-31,2026-09-06T00:24:25.774787+00:00,XNCR,NASDAQ,26.61000061035156,,,,,,,False,2026-08-31,28.979999542236328,25.39999961853028
2026-08-31,2026-09-06T00:24:25.774818+00:00,YMM,NYSE,8.649999618530273,,,,,,,False,2026-08-31,8.850000381469727,8.399999618530273
2026-08-31,2026-09-06T00:24:25.774875+00:00,YORW,NASDAQ,34.04999923706055,67.9,ブレイク接近,-0.2,0.8,125.3,17.0,True,2026-08-31,34.43000030517578,33.72999954223633
2026-08-31,2026-09-06T00:24:25.774913+00:00,ZBH,NYSE,98.06999969482422,72.9,ブレイク接近,-4.0,0.78,99.1,11.0,True,2026-08-31,102.86000061035156,96.83999633789062
2026-08-31,2026-09-06T00:24:25.774927+00:00,ZBIO,NASDAQ,32.880001068115234,,,,,,,False,2026-08-31,33.65999984741211,29.8799991607666
2026-08-31,2026-09-06T00:24:25.774986+00:00,ZBRA,NASDAQ,362.739990234375,73.4,ブレイク接近,-3.7,0.66,258.3,4.0,True,2026-08-31,365.0,341.9700012207031
2026-08-31,2026-09-06T00:24:25.774999+00:00,ZWS,NYSE,47.61000061035156,,,,,,,False,2026-08-31,48.04999923706055,46.38999938964844
2026-09-07,2026-09-13T00:20:24.930736+00:00,AB,NYSE,36.09000015258789,,,,,,,False,2026-09-07,37.380001068115234,35.900001525878906
2026-09-07,2026-09-13T00:20:24.930870+00:00,ABG,NYSE,208.5,,,,,,,False,2026-09-07,223.5,207.02999877929688
2026-09-07,2026-09-13T00:20:24.930937+00:00,ABM,NYSE,49.43000030517578,,,,,,,False,2026-09-07,51.290000915527344,45.77000045776367
2026-09-07,2026-09-13T00:20:24.930981+00:00,ABT,NYSE,101.9499969482422,,,,,,,False,2026-09-07,108.38999938964844,101.48999786376952
2026-09-07,2026-09-13T00:20:24.931020+00:00,ACAD,NASDAQ,27.82999992370605,,,,,,,False,2026-09-07,28.239999771118164,27.100000381469727
2026-09-07,2026-09-13T00:20:24.931056+00:00,ADPT,NASDAQ,24.200000762939453,,,,,,,False,2026-09-07,24.790000915527344,23.530000686645508
2026-09-07,2026-09-13T00:20:24.931094+00:00,ADSK,NASDAQ,212.3999938964844,,,,,,,False,2026-09-07,214.77999877929688,206.3300018310547
2026-09-07,2026-09-13T00:20:24.931133+00:00,ADT,NYSE,7.050000190734863,,,,,,,False,2026-09-07,7.429999828338623,6.96999979019165
2026-09-07,2026-09-13T00:20:24.931213+00:00,ADUS,NASDAQ,117.08999633789062,77.2,ブレイク接近,-3.7,0.81,106.6,12.0,True,2026-09-07,120.58000183105467,116.91000366210938
2026-09-07,2026-09-13T00:20:24.931235+00:00,AER,NYSE,141.5,,,,,,,False,2026-09-07,146.1300048828125,139.91000366210938
2026-09-07,2026-09-13T00:20:24.931273+00:00,AES,NYSE,14.789999961853027,,,,,,,False,2026-09-07,14.850000381469728,14.779999732971191
2026-09-07,2026-09-13T00:20:24.931308+00:00,AGM,NYSE,225.50999450683597,,,,,,,False,2026-09-07,229.8800048828125,221.4900054931641
2026-09-07,2026-09-13T00:20:24.931342+00:00,AGNC,NASDAQ,10.149999618530272,,,,,,,False,2026-09-07,10.869999885559082,10.149999618530272
2026-09-07,2026-09-13T00:20:24.931376+00:00,AIR,NYSE,125.4800033569336,,,,,,,False,2026-09-07,130.9199981689453,122.76000213623048
2026-09-07,2026-09-13T00:20:24.931409+00:00,AJG,NYSE,240.32000732421875,,,,,,,False,2026-09-07,258.3900146484375,240.32000732421875
2026-09-07,2026-09-13T00:20:24.931469+00:00,ALG,NYSE,169.0800018310547,67.9,底固め中,-20.5,1.06,33.7,5.0,True,2026-09-07,174.9499969482422,166.72000122070312
2026-09-07,2026-09-13T00:20:24.931484+00:00,ALGT,NASDAQ,78.2699966430664,,,,,,,False,2026-09-07,78.97000122070312,74.33999633789062
2026-09-07,2026-09-13T00:20:24.931544+00:00,ALLE,NYSE,153.35000610351562,82.4,右肩上がり確認,-14.0,1.13,79.0,8.0,True,2026-09-07,158.3000030517578,150.69000244140625
2026-09-07,2026-09-13T00:20:24.931559+00:00,ALRM,NASDAQ,55.36000061035156,,,,,,,False,2026-09-07,56.15499877929688,54.209999084472656
2026-09-07,2026-09-13T00:20:24.931596+00:00,AMAL,NASDAQ,47.869998931884766,,,,,,,False,2026-09-07,49.5099983215332,47.13999938964844
2026-09-07,2026-09-13T00:20:24.931630+00:00,AMBA,NASDAQ,67.86000061035156,,,,,,,False,2026-09-07,71.23999786376953,61.59000015258789
2026-09-07,2026-09-13T00:20:24.931665+00:00,AMBP,NYSE,4.840000152587891,,,,,,,False,2026-09-07,4.985000133514404,4.730000019073486
2026-09-07,2026-09-13T00:20:24.931697+00:00,AMCR,NYSE,42.31999969482422,,,,,,,False,2026-09-07,44.9900016784668,42.27000045776367
2026-09-07,2026-09-13T00:20:24.931729+00:00,AME,NYSE,241.8699951171875,,,,,,,False,2026-09-07,243.0399932861328,232.5
2026-09-07,2026-09-13T00:20:24.931761+00:00,AMGN,NASDAQ,377.3500061035156,,,,,,,False,2026-09-07,410.0299987792969,377.2200012207031
2026-09-07,2026-09-13T00:20:24.931817+00:00,AMP,NYSE,557.6099853515625,66.7,ブレイク接近,-2.1,0.68,337.6,15.0,True,2026-09-07,563.6500244140625,546.8400268554688
2026-09-07,2026-09-13T00:20:24.931832+00:00,AMRX,NASDAQ,17.010000228881836,,,,,,,False,2026-09-07,17.395000457763672,16.729999542236328
2026-09-07,2026-09-13T00:20:24.931866+00:00,AMTB,NYSE,29.31999969482422,,,,,,,False,2026-09-07,29.71999931335449,28.520000457763672
2026-09-07,2026-09-13T00:20:24.931898+00:00,AN,NYSE,203.6699981689453,,,,,,,False,2026-09-07,212.8500061035156,202.97999572753903
2026-09-07,2026-09-13T00:20:24.931943+00:00,ANNX,NASDAQ,3.940000057220459,,,,,,,False,2026-09-07,4.784999847412109,3.920000076293945
2026-09-07,2026-09-13T00:20:24.931976+00:00,AON,NYSE,302.69000244140625,,,,,,,False,2026-09-07,321.57000732421875,302.44000244140625
2026-09-07,2026-09-13T00:20:24.932013+00:00,APAM,NYSE,37.90999984741211,,,,,,,False,2026-09-07,41.56999969482422,37.494998931884766
2026-09-07,2026-09-13T00:20:24.932049+00:00,APH,NYSE,83.91999816894531,,,,,,,False,2026-09-07,84.4800033569336,79.2300033569336
2026-09-07,2026-09-13T00:20:24.932085+00:00,APO,NYSE,128.97999572753906,,,,,,,False,2026-09-07,135.07000732421875,127.7300033569336
2026-09-07,2026-09-13T00:20:24.932147+00:00,ARLP,NASDAQ,26.530000686645508,71.1,右肩上がり確認,-4.0,0.76,76.3,14.0,True,2026-09-07,26.940000534057617,26.420000076293945
2026-09-07,2026-09-13T00:20:24.932163+00:00,AS,NYSE,28.06999969482422,,,,,,,False,2026-09-07,29.479999542236328,27.209999084472656
2026-09-07,2026-09-13T00:20:24.932200+00:00,ASB,NYSE,30.040000915527344,,,,,,,False,2026-09-07,31.06999969482422,29.84000015258789
2026-09-07,2026-09-13T00:20:24.932234+00:00,ATAI,NASDAQ,7.349999904632568,,,,,,,False,2026-09-07,7.400000095367432,7.230000019073486
2026-09-07,2026-09-13T00:20:24.932292+00:00,ATHM,NYSE,21.68000030517578,75.1,右肩上がり確認,-22.9,1.05,131.1,7.0,True,2026-09-07,22.15999984741211,21.15999984741211
2026-09-07,2026-09-13T00:20:24.932307+00:00,ATNI,NASDAQ,30.31999969482422,,,,,,,False,2026-09-07,31.0,29.540000915527344
2026-09-07,2026-09-13T00:20:24.932341+00:00,ATR,NYSE,124.83999633789062,,,,,,,False,2026-09-07,126.98999786376952,120.73999786376952
2026-09-07,2026-09-13T00:20:24.932374+00:00,ATRC,NASDAQ,54.540000915527344,,,,,,,False,2026-09-07,55.720001220703125,51.7400016784668
2026-09-07,2026-09-13T00:20:24.932407+00:00,AUB,NYSE,39.720001220703125,,,,,,,False,2026-09-07,41.16999816894531,39.130001068115234
2026-09-07,2026-09-13T00:20:24.932438+00:00,AVNT,NYSE,41.40999984741211,,,,,,,False,2026-09-07,43.560001373291016,41.119998931884766
2026-09-07,2026-09-13T00:20:24.932494+00:00,AVY,NYSE,169.3800048828125,80.5,底固め中,-12.5,1.42,38.4,16.0,True,2026-09-07,173.80999755859375,166.85000610351562
2026-09-07,2026-09-13T00:20:24.932534+00:00,AWI,NYSE,163.8699951171875,64.4,底固め中,-18.8,0.7,22.7,16.0,True,2026-09-07,172.6699981689453,161.10000610351562
2026-09-07,2026-09-13T00:20:24.932548+00:00,AX,NYSE,93.26000213623048,,,,,,,False,2026-09-07,97.7699966430664,91.47000122070312
2026-09-07,2026-09-13T00:20:24.932580+00:00,AXP,NYSE,324.69000244140625,,,,,,,False,2026-09-07,328.0400085449219,318.3500061035156
2026-09-07,2026-09-13T00:20:24.932613+00:00,AXTA,NYSE,34.15999984741211,,,,,,,False,2026-09-07,36.43000030517578,33.849998474121094
2026-09-07,2026-09-13T00:20:24.932667+00:00,B,NYSE,43.68000030517578,79.8,底固め中,-13.2,0.99,57.2,6.0,True,2026-09-07,45.38999938964844,43.06999969482422
2026-09-07,2026-09-13T00:20:24.932682+00:00,BAC,NYSE,62.68999862670898,,,,,,,False,2026-09-07,63.83000183105469,61.43000030517578
2026-09-07,2026-09-13T00:20:24.932715+00:00,BAM,NYSE,47.2599983215332,,,,,,,False,2026-09-07,50.81999969482422,46.810001373291016
2026-09-07,2026-09-13T00:20:24.932749+00:00,BANF,NASDAQ,110.9000015258789,,,,,,,False,2026-09-07,112.8499984741211,109.51000213623048
2026-09-07,2026-09-13T00:20:24.932780+00:00,BANR,NASDAQ,71.30000305175781,,,,,,,False,2026-09-07,71.45999908447266,69.22000122070312
2026-09-07,2026-09-13T00:20:24.932812+00:00,BAP,NYSE,377.8999938964844,,,,,,,False,2026-09-07,385.7200012207031,370.8999938964844
2026-09-07,2026-09-13T00:20:24.932843+00:00,BBDC,NYSE,8.770000457763672,,,,,,,False,2026-09-07,9.0600004196167,8.6899995803833
2026-09-07,2026-09-13T00:20:24.932875+00:00,BBT,NYSE,31.34000015258789,,,,,,,False,2026-09-07,31.944000244140625,30.600000381469727
2026-09-07,2026-09-13T00:20:24.932906+00:00,BBVA,NYSE,29.549999237060547,,,,,,,False,2026-09-07,29.549999237060547,28.780000686645508
2026-09-07,2026-09-13T00:20:24.932950+00:00,BBY,NYSE,90.8000030517578,,,,,,,False,2026-09-07,91.37000274658205,86.7699966430664
2026-09-07,2026-09-13T00:20:24.932981+00:00,BCC,NYSE,75.44000244140625,,,,,,,False,2026-09-07,78.8499984741211,73.8499984741211
2026-09-07,2026-09-13T00:20:24.933037+00:00,BCE,NYSE,23.38999938964844,64.1,底固め中,-8.8,0.67,48.0,7.0,True,2026-09-07,23.75,23.030000686645508
2026-09-07,2026-09-13T00:20:24.933052+00:00,BCH,NYSE,41.720001220703125,,,,,,,False,2026-09-07,42.84000015258789,41.4900016784668
2026-09-07,2026-09-13T00:20:24.933084+00:00,BCO,NYSE,111.9800033569336,,,,,,,False,2026-09-07,112.4800033569336,103.98999786376952
2026-09-07,2026-09-13T00:20:24.933117+00:00,BCPC,NASDAQ,164.38999938964844,,,,,,,False,2026-09-07,171.27000427246094,164.16000366210938
2026-09-07,2026-09-13T00:20:24.933149+00:00,BCX,NYSE,12.920000076293944,,,,,,,False,2026-09-07,13.34000015258789,12.81999969482422
2026-09-07,2026-09-13T00:20:24.933181+00:00,BDC,NYSE,122.26000213623048,,,,,,,False,2026-09-07,123.51000213623048,114.38999938964844
2026-09-07,2026-09-13T00:20:24.933214+00:00,BDJ,NYSE,9.6899995803833,,,,,,,False,2026-09-07,9.920000076293944,9.619999885559082
2026-09-07,2026-09-13T00:20:24.933278+00:00,BDX,NYSE,177.85000610351562,81.1,ブレイク接近,-6.8,0.74,90.1,14.0,True,2026-09-07,182.1999969482422,175.1999969482422
2026-09-07,2026-09-13T00:20:24.933293+00:00,BEKE,NYSE,16.93000030517578,,,,,,,False,2026-09-07,17.5,16.649999618530273
2026-09-07,2026-09-13T00:20:24.933328+00:00,BFC,NASDAQ,154.41000366210938,,,,,,,False,2026-09-07,157.63999938964844,152.4499969482422
2026-09-07,2026-09-13T00:20:24.933362+00:00,BFST,NASDAQ,31.420000076293945,,,,,,,False,2026-09-07,31.899999618530277,30.950000762939453
2026-09-07,2026-09-13T00:20:24.933394+00:00,BGT,NYSE,10.989999771118164,,,,,,,False,2026-09-07,11.09000015258789,10.93000030517578
2026-09-07,2026-09-13T00:20:24.933427+00:00,BGY,NYSE,5.820000171661377,,,,,,,False,2026-09-07,5.940000057220459,5.789999961853027
2026-09-07,2026-09-13T00:20:24.933459+00:00,BHB,NYSE American,40.560001373291016,,,,,,,False,2026-09-07,40.84999847412109,39.5
2026-09-07,2026-09-13T00:20:24.933491+00:00,BHRB,NASDAQ,71.52999877929688,,,,,,,False,2026-09-07,72.7300033569336,70.44000244140625
2026-09-07,2026-09-13T00:20:24.933523+00:00,BIO,NYSE,369.3200073242188,,,,,,,False,2026-09-07,390.7300109863281,368.55999755859375
2026-09-07,2026-09-13T00:20:24.933555+00:00,BIPC,NYSE,37.0099983215332,,,,,,,False,2026-09-07,37.95000076293945,36.52000045776367
2026-09-07,2026-09-13T00:20:24.933588+00:00,BKNG,NASDAQ,173.9199981689453,,,,,,,False,2026-09-07,192.0,170.1199951171875
2026-09-07,2026-09-13T00:20:24.933645+00:00,BLCO,NYSE,17.25,80.6,右肩上がり確認,-5.7,1.08,69.4,8.0,True,2026-09-07,18.20499992370605,17.010000228881836
2026-09-07,2026-09-13T00:20:24.933685+00:00,BLTE,NASDAQ,173.7899932861328,86.4,右肩上がり確認,-10.2,1.0,68.8,7.0,True,2026-09-07,198.5800018310547,171.2100067138672
2026-09-07,2026-09-13T00:20:24.933700+00:00,BLW,NYSE,12.380000114440918,,,,,,,False,2026-09-07,12.600000381469728,12.329999923706056
2026-09-07,2026-09-13T00:20:24.933734+00:00,BME,NYSE,44.220001220703125,,,,,,,False,2026-09-07,45.540000915527344,44.0
2026-09-07,2026-09-13T00:20:24.933768+00:00,BMEZ,NYSE,16.450000762939453,,,,,,,False,2026-09-07,17.059999465942383,16.399999618530273
2026-09-07,2026-09-13T00:20:24.933800+00:00,BMRC,NASDAQ,27.790000915527344,,,,,,,False,2026-09-07,28.030000686645508,26.920000076293945
2026-09-07,2026-09-13T00:20:24.933832+00:00,BMRN,NASDAQ,65.68000030517578,,,,,,,False,2026-09-07,66.26000213623047,63.56999969482422
2026-09-07,2026-09-13T00:20:24.933888+00:00,BMY,NYSE,63.63999938964844,71.6,右肩上がり確認,-5.0,0.64,133.9,11.0,True,2026-09-07,65.88999938964844,63.27000045776367
2026-09-07,2026-09-13T00:20:24.933903+00:00,BNTC,NASDAQ,12.1899995803833,,,,,,,False,2026-09-07,13.0,12.0
2026-09-07,2026-09-13T00:20:24.933946+00:00,BNTX,NASDAQ,96.7300033569336,,,,,,,False,2026-09-07,101.33000183105467,95.8499984741211
2026-09-07,2026-09-13T00:20:24.933983+00:00,BOE,NYSE,12.170000076293944,,,,,,,False,2026-09-07,12.489999771118164,12.050000190734863
2026-09-07,2026-09-13T00:20:24.934016+00:00,BOKF,NASDAQ,135.69000244140625,,,,,,,False,2026-09-07,137.3800048828125,133.0
2026-09-07,2026-09-13T00:20:24.934048+00:00,BR,NYSE,167.74000549316406,,,,,,,False,2026-09-07,172.0,164.6999969482422
2026-09-07,2026-09-13T00:20:24.934080+00:00,BRBS,NYSE American,4.090000152587891,,,,,,,False,2026-09-07,4.195000171661377,3.930000066757202
2026-09-07,2026-09-13T00:20:24.934112+00:00,BRO,NYSE,66.19000244140625,,,,,,,False,2026-09-07,70.02999877929688,65.41000366210938
2026-09-07,2026-09-13T00:20:24.934144+00:00,BSAC,NYSE,35.189998626708984,,,,,,,False,2026-09-07,36.11000061035156,34.939998626708984
2026-09-07,2026-09-13T00:20:24.934177+00:00,BSET,NASDAQ,17.690000534057617,,,,,,,False,2026-09-07,19.059999465942383,17.479999542236328
2026-09-07,2026-09-13T00:20:24.934233+00:00,BSM,NYSE,14.989999771118164,70.2,ブレイク接近,0.0,0.86,116.2,16.0,True,2026-09-07,15.039999961853027,14.6850004196167
2026-09-07,2026-09-13T00:20:24.934248+00:00,BSVN,NASDAQ,54.88999938964844,,,,,,,False,2026-09-07,57.41999816894531,53.95000076293945
2026-09-07,2026-09-13T00:20:24.934304+00:00,BTU,NYSE,28.209999084472656,64.9,底固め中,-28.1,0.72,38.6,4.0,True,2026-09-07,30.06999969482422,27.90999984741211
2026-09-07,2026-09-13T00:20:24.934319+00:00,BTZ,NYSE,9.699999809265137,,,,,,,False,2026-09-07,9.989999771118164,9.699999809265137
2026-09-07,2026-09-13T00:20:24.934352+00:00,BULL,NASDAQ,9.220000267028809,,,,,,,False,2026-09-07,10.010000228881836,9.125
2026-09-07,2026-09-13T00:20:24.934384+00:00,BVN,NYSE,34.040000915527344,,,,,,,False,2026-09-07,35.84000015258789,33.70000076293945
2026-09-07,2026-09-13T00:20:24.934415+00:00,BWB,NASDAQ,21.38999938964844,,,,,,,False,2026-09-07,22.0,21.01000022888184
2026-09-07,2026-09-13T00:20:24.934447+00:00,BWMN,NASDAQ,42.41999816894531,,,,,,,False,2026-09-07,42.95000076293945,42.40999984741211
2026-09-07,2026-09-13T00:20:24.934479+00:00,BX,NYSE,128.50999450683594,,,,,,,False,2026-09-07,137.07000732421875,125.02999877929688
2026-09-07,2026-09-13T00:20:24.934510+00:00,BY,NYSE,38.66999816894531,,,,,,,False,2026-09-07,38.95000076293945,37.59000015258789
2026-09-07,2026-09-13T00:20:24.934566+00:00,BZ,NASDAQ,16.440000534057617,89.8,右肩上がり確認,-31.8,2.41,76.8,15.0,True,2026-09-07,17.15999984741211,15.96500015258789
2026-09-07,2026-09-13T00:20:24.934581+00:00,CAC,NASDAQ,57.93999862670898,,,,,,,False,2026-09-07,58.869998931884766,55.34000015258789
2026-09-07,2026-09-13T00:20:24.934638+00:00,CACI,NYSE,621.1699829101562,86.3,ブレイク接近,-7.4,0.88,103.2,7.0,True,2026-09-07,631.4000244140625,604.8599853515625
2026-09-07,2026-09-13T00:20:24.934652+00:00,CBAN,NYSE,21.459999084472656,,,,,,,False,2026-09-07,21.690000534057617,20.979999542236328
2026-09-07,2026-09-13T00:20:24.934684+00:00,CBNK,NASDAQ,36.25,,,,,,,False,2026-09-07,36.97999954223633,35.709999084472656
2026-09-07,2026-09-13T00:20:24.934716+00:00,CBSH,NASDAQ,58.25,,,,,,,False,2026-09-07,59.09000015258789,57.560001373291016
2026-09-07,2026-09-13T00:20:24.934771+00:00,CCC,NASDAQ,6.889999866485596,79.5,ブレイク接近,-27.8,1.06,132.5,5.0,True,2026-09-07,7.532999992370605,6.695000171661377
2026-09-07,2026-09-13T00:20:24.934786+00:00,CCEP,NASDAQ,102.7699966430664,,,,,,,False,2026-09-07,107.66000366210938,102.4499969482422
2026-09-07,2026-09-13T00:20:24.934818+00:00,CCK,NYSE,112.63999938964844,,,,,,,False,2026-09-07,114.9800033569336,111.22000122070312
2026-09-07,2026-09-13T00:20:24.934851+00:00,CCU,NYSE,11.640000343322754,,,,,,,False,2026-09-07,12.289999961853027,11.59000015258789
2026-09-07,2026-09-13T00:20:24.934887+00:00,CDRE,NYSE,28.57999992370605,,,,,,,False,2026-09-07,30.149999618530277,28.243000030517575
2026-09-07,2026-09-13T00:20:24.934930+00:00,CFBK,NASDAQ,35.18000030517578,,,,,,,False,2026-09-07,36.09000015258789,35.06999969482422
2026-09-07,2026-09-13T00:20:24.934965+00:00,CFG,NYSE,70.4800033569336,,,,,,,False,2026-09-07,71.0,68.4520034790039
2026-09-07,2026-09-13T00:20:24.934997+00:00,CFR,NYSE,162.9199981689453,,,,,,,False,2026-09-07,166.75,160.75999450683594
2026-09-07,2026-09-13T00:20:24.935030+00:00,CG,NASDAQ,42.34000015258789,,,,,,,False,2026-09-07,47.130001068115234,42.33000183105469
2026-09-07,2026-09-13T00:20:24.935063+00:00,CHCO,NASDAQ,143.9600067138672,,,,,,,False,2026-09-07,145.94000244140625,142.85000610351562
2026-09-07,2026-09-13T00:20:24.935096+00:00,CHD,NYSE,94.1500015258789,,,,,,,False,2026-09-07,98.13999938964844,93.03500366210938
2026-09-07,2026-09-13T00:20:24.935128+00:00,CHE,NYSE,515.969970703125,,,,,,,False,2026-09-07,530.1799926757812,509.0299987792969
2026-09-07,2026-09-13T00:20:24.935160+00:00,CLMB,NASDAQ,27.5,,,,,,,False,2026-09-07,28.86000061035156,26.63999938964844
2026-09-07,2026-09-13T00:20:24.935192+00:00,CLW,NYSE,20.239999771118164,,,,,,,False,2026-09-07,20.65999984741211,19.489999771118164
2026-09-07,2026-09-13T00:20:24.935223+00:00,CLX,NYSE,87.76000213623047,,,,,,,False,2026-09-07,93.8499984741211,85.72000122070312
2026-09-07,2026-09-13T00:20:24.935255+00:00,CMC,NYSE,67.16999816894531,,,,,,,False,2026-09-07,71.80999755859375,64.87999725341797
2026-09-07,2026-09-13T00:20:24.935286+00:00,CMCO,NASDAQ,17.739999771118164,,,,,,,False,2026-09-07,19.020000457763672,16.90999984741211
2026-09-07,2026-09-13T00:20:24.935318+00:00,CNH,NYSE,13.579999923706056,,,,,,,False,2026-09-07,14.3100004196167,13.369999885559082
2026-09-07,2026-09-13T00:20:24.935350+00:00,COF,NYSE,208.3000030517578,,,,,,,False,2026-09-07,218.63999938964844,205.3000030517578
2026-09-07,2026-09-13T00:20:24.935406+00:00,COKE,NASDAQ,192.6100006103516,72.2,底固め中,-11.0,0.9,48.8,10.0,True,2026-09-07,193.50999450683597,184.47000122070312
2026-09-07,2026-09-13T00:20:24.935421+00:00,COO,NASDAQ,53.90999984741211,,,,,,,False,2026-09-07,68.98999786376953,51.0099983215332
2026-09-07,2026-09-13T00:20:24.935479+00:00,COR,NYSE,321.57000732421875,73.3,底固め中,-13.2,0.76,56.8,6.0,True,2026-09-07,330.0,317.9599914550781
2026-09-07,2026-09-13T00:20:24.935493+00:00,CP,NYSE,89.2300033569336,,,,,,,False,2026-09-07,92.29000091552734,88.51000213623047
2026-09-07,2026-09-13T00:20:24.935528+00:00,CPK,NYSE,129.82000732421875,,,,,,,False,2026-09-07,133.86000061035156,128.92999267578125
2026-09-07,2026-09-13T00:20:24.935561+00:00,CPS,NYSE,24.100000381469727,,,,,,,False,2026-09-07,27.61000061035156,23.25
2026-09-07,2026-09-13T00:20:24.935595+00:00,CR,NYSE,201.82000732421875,,,,,,,False,2026-09-07,206.8600006103516,196.5200042724609
2026-09-07,2026-09-13T00:20:24.935651+00:00,CRAI,NASDAQ,161.8800048828125,63.0,右肩上がり確認,-24.5,0.7,64.6,8.0,True,2026-09-07,170.8800048828125,161.39999389648438
2026-09-07,2026-09-13T00:20:24.935665+00:00,CRCT,NASDAQ,5.619999885559082,,,,,,,False,2026-09-07,5.730000019073486,5.320000171661377
2026-09-07,2026-09-13T00:20:24.935698+00:00,CRL,NYSE,278.260009765625,,,,,,,False,2026-09-07,285.94000244140625,272.0599975585937
2026-09-07,2026-09-13T00:20:24.935730+00:00,CRM,NYSE,247.72000122070312,,,,,,,False,2026-09-07,254.8000030517578,241.75
2026-09-07,2026-09-13T00:20:24.935761+00:00,CRNX,NASDAQ,84.94999694824219,,,,,,,False,2026-08-31,85.01000213623047,84.91999816894531
2026-09-07,2026-09-13T00:20:24.935792+00:00,CRON,NASDAQ,3.140000104904175,,,,,,,False,2026-09-07,3.255000114440918,3.109999895095825
2026-09-07,2026-09-13T00:20:24.935825+00:00,CRSP,NASDAQ,51.720001220703125,,,,,,,False,2026-09-07,55.09999847412109,51.619998931884766
2026-09-07,2026-09-13T00:20:24.935857+00:00,CSL,NYSE,335.239990234375,,,,,,,False,2026-09-07,353.6499938964844,327.2099914550781
2026-09-07,2026-09-13T00:20:24.935888+00:00,CSW,NYSE,300.7099914550781,,,,,,,False,2026-09-07,313.3299865722656,288.2699890136719
2026-09-07,2026-09-13T00:20:24.935928+00:00,CTAS,NASDAQ,201.5,,,,,,,False,2026-09-07,202.97999572753903,197.2899932861328
2026-09-07,2026-09-13T00:20:24.935960+00:00,CTBI,NASDAQ,77.66999816894531,,,,,,,False,2026-09-07,78.9000015258789,75.97000122070312
2026-09-07,2026-09-13T00:20:24.936016+00:00,CTNM,NASDAQ,14.81999969482422,78.0,右肩上がり確認,-13.8,1.24,81.4,4.0,True,2026-09-07,16.950000762939453,14.609999656677246
2026-09-07,2026-09-13T00:20:24.936032+00:00,CTRN,NASDAQ,60.619998931884766,,,,,,,False,2026-09-07,71.01000213623047,58.900001525878906
2026-09-07,2026-09-13T00:20:24.936063+00:00,CVBF,NASDAQ,22.440000534057617,,,,,,,False,2026-09-07,22.780000686645508,21.93000030517578
2026-09-07,2026-09-13T00:20:24.936095+00:00,CZFS,NASDAQ,82.20999908447266,,,,,,,False,2026-09-07,84.13999938964844,81.0
2026-09-07,2026-09-13T00:20:24.936125+00:00,CZNC,NASDAQ,25.96999931335449,,,,,,,False,2026-09-07,26.229999542236328,25.18000030517578
2026-09-07,2026-09-13T00:20:24.936156+00:00,DAKT,NASDAQ,17.889999389648438,,,,,,,False,2026-09-07,19.950000762939453,17.84000015258789
2026-09-07,2026-09-13T00:20:24.936187+00:00,DASH,NASDAQ,201.9499969482422,,,,,,,False,2026-09-07,209.0,191.7449951171875
2026-09-07,2026-09-13T00:20:24.936219+00:00,DCH,NYSE,6.480000019073486,,,,,,,False,2026-09-07,7.550000190734863,6.449999809265137
2026-09-07,2026-09-13T00:20:24.936250+00:00,DCI,NYSE,89.25,,,,,,,False,2026-09-07,91.79000091552734,87.98999786376953
2026-09-07,2026-09-13T00:20:24.936281+00:00,DD,NYSE,126.98999786376952,,,,,,,False,2026-09-07,132.38999938964844,126.2300033569336
2026-09-07,2026-09-13T00:20:24.936334+00:00,DDS,NYSE,650.5700073242188,88.0,ブレイク接近,-4.4,1.32,87.2,10.0,True,2026-09-07,661.989990234375,610.02001953125
2026-09-07,2026-09-13T00:20:24.936348+00:00,DE,NYSE,675.739990234375,,,,,,,False,2026-09-07,692.6900024414062,671.4000244140625
2026-09-07,2026-09-13T00:20:24.936403+00:00,DEO,NYSE,86.62999725341797,73.1,底固め中,-12.8,0.85,52.4,5.0,True,2026-09-07,88.93000030517578,85.73999786376953
2026-09-07,2026-09-13T00:20:24.936418+00:00,DGICA,NASDAQ,19.36000061035156,,,,,,,False,2026-09-07,19.450000762939453,18.6200008392334
2026-09-07,2026-09-13T00:20:24.936450+00:00,DGX,NYSE,235.0200042724609,,,,,,,False,2026-09-07,237.55999755859372,228.57000732421875
2026-09-07,2026-09-13T00:20:24.936481+00:00,DIS,NYSE,106.5500030517578,,,,,,,False,2026-09-07,107.36000061035156,102.98999786376952
2026-09-07,2026-09-13T00:20:24.936513+00:00,DJCO,NASDAQ,661.9000244140625,,,,,,,False,2026-09-07,666.3200073242188,610.0
2026-09-07,2026-09-13T00:20:24.936576+00:00,DKL,NYSE,56.900001525878906,68.3,ブレイク接近,-3.8,1.16,193.8,17.0,True,2026-09-07,57.959999084472656,55.540000915527344
2026-09-07,2026-09-13T00:20:24.936591+00:00,DLTR,NASDAQ,118.16999816894533,,,,,,,False,2026-09-07,130.88999938964844,116.25
2026-09-07,2026-09-13T00:20:24.936625+00:00,DOO,NASDAQ,60.9900016784668,,,,,,,False,2026-09-07,66.97000122070312,59.7400016784668
2026-09-07,2026-09-13T00:20:24.936658+00:00,DRI,NYSE,209.88999938964844,,,,,,,False,2026-09-07,217.0,206.8300018310547
2026-09-07,2026-09-13T00:20:24.936690+00:00,DSGX,NASDAQ,76.04000091552734,,,,,,,False,2026-09-07,79.0,70.55000305175781
2026-09-07,2026-09-13T00:20:24.936722+00:00,DX,NYSE,12.520000457763672,,,,,,,False,2026-09-07,13.020000457763672,12.470000267028809
2026-09-07,2026-09-13T00:20:24.936754+00:00,DXPE,NASDAQ,187.08999633789065,,,,,,,False,2026-09-07,189.9600067138672,181.9499969482422
2026-09-07,2026-09-13T00:20:24.936785+00:00,DYN,NASDAQ,18.209999084472656,,,,,,,False,2026-09-07,20.90999984741211,17.00200080871582
2026-09-07,2026-09-13T00:20:24.936817+00:00,EARN,NYSE,4.320000171661377,,,,,,,False,2026-09-07,4.360000133514404,4.289999961853027
2026-09-07,2026-09-13T00:20:24.936848+00:00,EAT,NYSE,212.4900054931641,,,,,,,False,2026-09-07,230.3600006103516,210.2700042724609
2026-09-07,2026-09-13T00:20:24.936880+00:00,EBC,NASDAQ,21.600000381469727,,,,,,,False,2026-09-07,22.09000015258789,21.36000061035156
2026-09-07,2026-09-13T00:20:24.936919+00:00,ECL,NYSE,276.17999267578125,,,,,,,False,2026-09-07,280.510009765625,268.5199890136719
2026-09-07,2026-09-13T00:20:24.936952+00:00,EE,NYSE,38.40999984741211,,,,,,,False,2026-09-07,40.060001373291016,38.0
2026-09-07,2026-09-13T00:20:24.936983+00:00,EEFT,NASDAQ,72.18000030517578,,,,,,,False,2026-09-07,73.69999694824219,69.70999908447266
2026-09-07,2026-09-13T00:20:24.937014+00:00,EHC,NYSE,121.70999908447266,,,,,,,False,2026-09-07,124.25,119.0
2026-09-07,2026-09-13T00:20:24.937045+00:00,EMN,NYSE,68.11000061035156,,,,,,,False,2026-09-07,71.48999786376953,67.47000122070312
2026-09-07,2026-09-13T00:20:24.937076+00:00,EMR,NYSE,152.19000244140625,,,,,,,False,2026-09-07,153.9499969482422,146.50999450683594
2026-09-07,2026-09-13T00:20:24.937106+00:00,ENR,NYSE,20.57999992370605,,,,,,,False,2026-09-07,21.229999542236328,19.7549991607666
2026-09-07,2026-09-13T00:20:24.937136+00:00,EPAC,NYSE,35.220001220703125,,,,,,,False,2026-09-07,37.2400016784668,35.16999816894531
2026-09-07,2026-09-13T00:20:24.937168+00:00,EQBK,NYSE,50.04999923706055,,,,,,,False,2026-09-07,50.959999084472656,49.34000015258789
2026-09-07,2026-09-13T00:20:24.937201+00:00,EQH,NYSE,53.34000015258789,,,,,,,False,2026-09-07,53.869998931884766,51.45000076293945
2026-09-07,2026-09-13T00:20:24.937233+00:00,ERIE,NASDAQ,245.02999877929688,,,,,,,False,2026-09-07,253.33999633789065,235.9499969482422
2026-09-07,2026-09-13T00:20:24.937264+00:00,ERO,NYSE,35.470001220703125,,,,,,,False,2026-09-07,39.36000061035156,34.400001525878906
2026-09-07,2026-09-13T00:20:24.937296+00:00,ESNT,NYSE,68.18000030517578,,,,,,,False,2026-09-07,69.06999969482422,67.5
2026-09-07,2026-09-13T00:20:24.937326+00:00,ESQ,NASDAQ,119.86000061035156,,,,,,,False,2026-09-07,121.1999969482422,115.62999725341795
2026-09-07,2026-09-13T00:20:24.937357+00:00,EXLS,NASDAQ,35.2599983215332,,,,,,,False,2026-09-07,36.43000030517578,34.33000183105469
2026-09-07,2026-09-13T00:20:24.937412+00:00,EXPO,NASDAQ,67.20999908447266,71.7,右肩上がり確認,-14.6,0.68,75.3,4.0,True,2026-09-07,68.29000091552734,66.30999755859375
2026-09-07,2026-09-13T00:20:24.937427+00:00,EYPT,NASDAQ,4.230000019073486,,,,,,,False,2026-09-07,4.690000057220459,4.099999904632568
2026-09-07,2026-09-13T00:20:24.937459+00:00,FBIZ,NASDAQ,72.76000213623047,,,,,,,False,2026-09-07,72.95999908447266,70.9800033569336
2026-09-07,2026-09-13T00:20:24.937490+00:00,FBK,NYSE,54.7599983215332,,,,,,,False,2026-09-07,56.959999084472656,54.02000045776367
2026-09-07,2026-09-13T00:20:24.937521+00:00,FBNC,NASDAQ,64.30000305175781,,,,,,,False,2026-09-07,65.5,63.43999862670898
2026-09-07,2026-09-13T00:20:24.937553+00:00,FCF,NYSE,21.309999465942383,,,,,,,False,2026-09-07,21.520000457763672,20.8700008392334
2026-09-07,2026-09-13T00:20:24.937584+00:00,FCNCA,NASDAQ,2173.0,,,,,,,False,2026-09-07,2211.889892578125,2118.969970703125
2026-09-07,2026-09-13T00:20:24.937618+00:00,FELE,NASDAQ,97.83000183105467,,,,,,,False,2026-09-07,100.1500015258789,95.7699966430664
2026-09-07,2026-09-13T00:20:24.937649+00:00,FERG,NYSE,222.5399932861328,,,,,,,False,2026-09-07,230.44000244140625,220.0399932861328
2026-09-07,2026-09-13T00:20:24.937681+00:00,FHN,NYSE,24.46999931335449,,,,,,,False,2026-09-07,24.989999771118164,24.334999084472656
2026-09-07,2026-09-13T00:20:24.937714+00:00,FIZZ,NASDAQ,31.3700008392334,,,,,,,False,2026-09-07,31.96999931335449,28.96999931335449
2026-09-07,2026-09-13T00:20:24.937745+00:00,FMBH,NASDAQ,51.02000045776367,,,,,,,False,2026-09-07,51.45000076293945,50.0
2026-09-07,2026-09-13T00:20:24.937776+00:00,FMNB,NASDAQ,15.739999771118164,,,,,,,False,2026-09-07,16.0,15.59000015258789
2026-09-07,2026-09-13T00:20:24.937807+00:00,FNB,NYSE,18.309999465942383,,,,,,,False,2026-09-07,18.6299991607666,18.0
2026-09-07,2026-09-13T00:20:24.937837+00:00,FNLC,NASDAQ,34.95000076293945,,,,,,,False,2026-09-07,35.540000915527344,34.29999923706055
2026-09-07,2026-09-13T00:20:24.937890+00:00,FNV,NYSE,266.0,81.2,右肩上がり確認,-4.7,1.03,83.4,6.0,True,2026-09-07,271.75,256.7799987792969
2026-09-07,2026-09-13T00:20:24.937904+00:00,FRBA,NASDAQ,17.93000030517578,,,,,,,False,2026-09-07,18.399999618530277,17.68000030517578
2026-09-07,2026-09-13T00:20:24.937966+00:00,FRME,NASDAQ,41.11000061035156,,,,,,,False,2026-09-07,41.91999816894531,40.369998931884766
2026-09-07,2026-09-13T00:20:24.938024+00:00,FRNM,NASDAQ,14.369999885559082,88.3,ブレイク接近,-11.9,2.29,141.1,23.0,True,2026-09-07,16.739999771118164,14.369999885559082
2026-09-07,2026-09-13T00:20:24.938088+00:00,FRPT,NASDAQ,63.7400016784668,70.8,底固め中,-24.5,0.79,41.0,6.0,True,2026-09-07,70.2699966430664,63.369998931884766
2026-09-07,2026-09-13T00:20:24.938105+00:00,FSS,NYSE,113.9800033569336,,,,,,,False,2026-09-07,120.87999725341795,112.79000091552734
2026-09-07,2026-09-13T00:20:24.938139+00:00,FSUN,NASDAQ,40.15999984741211,,,,,,,False,2026-09-07,41.11000061035156,39.5099983215332
2026-09-07,2026-09-13T00:20:24.938172+00:00,FULT,NASDAQ,23.600000381469727,,,,,,,False,2026-09-07,23.979999542236328,23.13999938964844
2026-09-07,2026-09-13T00:20:24.938204+00:00,FUNC,NASDAQ,44.45000076293945,,,,,,,False,2026-09-07,44.70000076293945,42.7599983215332
2026-09-07,2026-09-13T00:20:24.938236+00:00,FWONA,NASDAQ,87.02999877929688,,,,,,,False,2026-09-07,89.37999725341797,86.23999786376953
2026-09-07,2026-09-13T00:20:24.938282+00:00,FWONK,NASDAQ,95.58999633789062,,,,,,,False,2026-09-07,98.62000274658205,94.68000030517578
2026-09-07,2026-09-13T00:20:24.938315+00:00,GAB,NYSE,5.579999923706055,,,,,,,False,2026-09-07,5.710000038146973,5.570000171661377
2026-09-07,2026-09-13T00:20:24.938346+00:00,GATX,NYSE,178.52999877929688,,,,,,,False,2026-09-07,181.1499938964844,173.92999267578125
2026-09-07,2026-09-13T00:20:24.938377+00:00,GBCI,NYSE,45.83000183105469,,,,,,,False,2026-09-07,46.9900016784668,45.130001068115234
2026-09-07,2026-09-13T00:20:24.938408+00:00,GCMG,NASDAQ,12.84000015258789,,,,,,,False,2026-09-07,13.3100004196167,12.699999809265137
2026-09-07,2026-09-13T00:20:24.938440+00:00,GD,NYSE,355.8999938964844,,,,,,,False,2026-09-07,361.0,352.19000244140625
2026-09-07,2026-09-13T00:20:24.938471+00:00,GDYN,NASDAQ,7.980000019073486,,,,,,,False,2026-09-07,8.050000190734863,7.659999847412109
2026-09-07,2026-09-13T00:20:24.938503+00:00,GE,NYSE,323.6600036621094,,,,,,,False,2026-09-07,342.7300109863281,321.1600036621094
2026-09-07,2026-09-13T00:20:24.938534+00:00,GEF,NYSE,82.31999969482422,,,,,,,False,2026-09-07,85.2699966430664,81.48500061035156
2026-09-07,2026-09-13T00:20:24.938565+00:00,GEHC,NASDAQ,63.93000030517578,,,,,,,False,2026-09-07,68.08999633789062,63.220001220703125
2026-09-07,2026-09-13T00:20:24.938620+00:00,GENC,NYSE American,17.93000030517578,73.8,ブレイク接近,-5.7,2.09,253.0,18.0,True,2026-09-07,19.239999771118164,17.65999984741211
2026-09-07,2026-09-13T00:20:24.938635+00:00,GFF,NYSE,96.02999877929688,,,,,,,False,2026-09-07,99.2300033569336,95.0199966430664
2026-09-07,2026-09-13T00:20:24.938694+00:00,GFL,NYSE,42.84999847412109,81.6,右肩上がり確認,-8.0,0.85,84.6,5.0,True,2026-09-07,44.0,41.375
2026-09-07,2026-09-13T00:20:24.938734+00:00,GGG,NYSE,76.69999694824219,72.6,底固め中,-18.4,1.88,15.3,17.0,True,2026-09-07,77.76000213623047,75.04000091552734
2026-09-07,2026-09-13T00:20:24.938748+00:00,GHC,NYSE,1138.5699462890625,,,,,,,False,2026-09-07,1145.780029296875,1104.3199462890625
2026-09-07,2026-09-13T00:20:24.938780+00:00,GIC,NYSE,38.9900016784668,,,,,,,False,2026-09-07,40.08000183105469,38.36000061035156
2026-09-07,2026-09-13T00:20:24.938835+00:00,GILD,NASDAQ,143.72000122070312,83.6,右肩上がり確認,-6.1,0.71,77.4,16.0,True,2026-09-07,148.64999389648438,143.5
2026-09-07,2026-09-13T00:20:24.938849+00:00,GIS,NYSE,35.849998474121094,,,,,,,False,2026-09-07,38.650001525878906,35.61000061035156
2026-09-07,2026-09-13T00:20:24.938882+00:00,GLBE,NASDAQ,37.18000030517578,,,,,,,False,2026-09-07,37.97499847412109,35.525001525878906
2026-09-07,2026-09-13T00:20:24.938923+00:00,GLP,NYSE,52.75,,,,,,,False,2026-09-07,54.290000915527344,52.1161994934082
2026-09-07,2026-09-13T00:20:24.938983+00:00,GMAB,NASDAQ,32.470001220703125,78.2,ブレイク接近,-5.2,1.17,169.5,14.0,True,2026-09-07,33.84000015258789,32.209999084472656
2026-09-07,2026-09-13T00:20:24.939021+00:00,GOLD,NYSE,48.220001220703125,87.0,底固め中,-20.2,1.87,49.0,8.0,True,2026-09-07,50.09000015258789,44.75
2026-09-07,2026-09-13T00:20:24.939036+00:00,GPC,NYSE,133.67999267578125,,,,,,,False,2026-09-07,136.3800048828125,132.33999633789062
2026-09-07,2026-09-13T00:20:24.939090+00:00,GPN,NYSE,88.29000091552734,76.1,ブレイク接近,-5.3,0.68,136.8,10.0,True,2026-09-07,92.54000091552734,86.18000030517578
2026-09-07,2026-09-13T00:20:24.939104+00:00,GRFS,NASDAQ,7.550000190734863,,,,,,,False,2026-09-07,7.889999866485596,7.550000190734863
2026-09-07,2026-09-13T00:20:24.939159+00:00,GRVY,NASDAQ,71.29000091552734,,,,,,,False,2026-09-07,75.0,70.12000274658203
2026-09-07,2026-09-13T00:20:24.939212+00:00,GSL,NYSE,45.81999969482422,,,,,,,False,2026-09-07,46.18999862670898,44.27999877929688
2026-09-07,2026-09-13T00:20:24.939263+00:00,HALO,NASDAQ,107.1999969482422,,,,,,,False,2026-09-07,109.95999908447266,106.06999969482422
2026-09-07,2026-09-13T00:20:24.939310+00:00,HAYW,NYSE,13.109999656677246,,,,,,,False,2026-09-07,14.050000190734863,12.835000038146973
2026-09-07,2026-09-13T00:20:24.939348+00:00,HBAN,NASDAQ,16.860000610351562,,,,,,,False,2026-09-07,17.020000457763672,16.420000076293945
2026-09-07,2026-09-13T00:20:24.939383+00:00,HBT,NASDAQ,36.5099983215332,,,,,,,False,2026-09-07,36.86000061035156,35.75
2026-09-07,2026-09-13T00:20:24.939415+00:00,HCI,NYSE,185.72999572753903,,,,,,,False,2026-09-07,190.5399932861328,182.8300018310547
2026-09-07,2026-09-13T00:20:24.939448+00:00,HD,NYSE,308.739990234375,,,,,,,False,2026-09-07,321.5,304.29998779296875
2026-09-07,2026-09-13T00:20:24.939479+00:00,HFWA,NASDAQ,28.40999984741211,,,,,,,False,2026-09-07,29.209999084472656,28.13999938964844
2026-09-07,2026-09-13T00:20:24.939511+00:00,HGTY,NYSE,13.550000190734863,,,,,,,False,2026-09-07,13.84000015258789,12.010000228881836
2026-09-07,2026-09-13T00:20:24.939542+00:00,HIFS,NASDAQ,312.489990234375,,,,,,,False,2026-09-07,313.17999267578125,300.3500061035156
2026-09-07,2026-09-13T00:20:24.939574+00:00,HIG,NYSE,136.36000061035156,,,,,,,False,2026-09-07,138.5,134.24000549316406
2026-09-07,2026-09-13T00:20:24.939605+00:00,HIPO,NYSE,32.0,,,,,,,False,2026-09-07,33.77000045776367,31.56999969482422
2026-09-07,2026-09-13T00:20:24.939637+00:00,HLN,NYSE,9.1899995803833,,,,,,,False,2026-09-07,9.359999656677246,9.100000381469728
2026-09-07,2026-09-13T00:20:24.939671+00:00,HNI,NYSE,46.869998931884766,,,,,,,False,2026-09-07,49.18999862670898,46.06999969482422
2026-09-07,2026-09-13T00:20:24.939705+00:00,HOMB,NYSE,29.96999931335449,,,,,,,False,2026-09-07,30.200000762939453,29.420000076293945
2026-09-07,2026-09-13T00:20:24.939736+00:00,HQH,NYSE,21.76000022888184,,,,,,,False,2026-09-07,22.649999618530277,21.75
2026-09-07,2026-09-13T00:20:24.939767+00:00,HRL,NYSE,20.56999969482422,,,,,,,False,2026-09-07,21.6200008392334,20.434999465942383
2026-09-07,2026-09-13T00:20:24.939797+00:00,HROW,NASDAQ,34.47999954223633,,,,,,,False,2026-09-07,38.52999877929688,34.189998626708984
2026-09-07,2026-09-13T00:20:24.939828+00:00,HRZN,NASDAQ,4.900000095367432,,,,,,,False,2026-09-07,4.929999828338623,4.760000228881836
2026-09-07,2026-09-13T00:20:24.939858+00:00,HSBC,NYSE,105.3000030517578,,,,,,,False,2026-09-07,107.16000366210938,103.33999633789062
2026-09-07,2026-09-13T00:20:24.939889+00:00,HSIC,NASDAQ,88.36000061035156,,,,,,,False,2026-09-07,89.98999786376953,87.11000061035156
2026-09-07,2026-09-13T00:20:24.939931+00:00,HSY,NYSE,173.32000732421875,,,,,,,False,2026-09-07,176.1999969482422,169.7100067138672
2026-09-07,2026-09-13T00:20:24.939964+00:00,HTGC,NYSE,17.40999984741211,,,,,,,False,2026-09-07,17.799999237060547,17.344999313354492
2026-09-07,2026-09-13T00:20:24.939994+00:00,HTH,NYSE,38.68000030517578,,,,,,,False,2026-09-07,39.29999923706055,38.11000061035156
2026-09-07,2026-09-13T00:20:24.940025+00:00,HVT,NYSE,27.600000381469727,,,,,,,False,2026-09-07,28.34000015258789,26.989999771118164
2026-09-07,2026-09-13T00:20:24.940055+00:00,HWC,NASDAQ,75.25,,,,,,,False,2026-09-07,75.80000305175781,73.37999725341797
2026-09-07,2026-09-13T00:20:24.940088+00:00,IBCP,NASDAQ,37.06999969482422,,,,,,,False,2026-09-07,37.52000045776367,36.36000061035156
2026-09-07,2026-09-13T00:20:24.940119+00:00,IBEX,NASDAQ,39.79999923706055,,,,,,,False,2026-09-07,40.0,32.0
2026-09-07,2026-09-13T00:20:24.940150+00:00,IBN,NYSE,29.38999938964844,,,,,,,False,2026-09-07,30.09000015258789,28.76000022888184
2026-09-07,2026-09-13T00:20:24.940181+00:00,IBOC,NASDAQ,70.94000244140625,,,,,,,False,2026-09-07,71.95999908447266,69.87000274658203
2026-09-07,2026-09-13T00:20:24.940213+00:00,ICUI,NASDAQ,156.47999572753906,,,,,,,False,2026-09-07,166.60000610351562,155.47999572753906
2026-09-07,2026-09-13T00:20:24.940246+00:00,IDXX,NASDAQ,504.7000122070313,,,,,,,False,2026-09-07,529.02001953125,500.6099853515625
2026-09-07,2026-09-13T00:20:24.940278+00:00,IEX,NYSE,224.2100067138672,,,,,,,False,2026-09-07,227.3699951171875,219.75
2026-09-07,2026-09-13T00:20:24.940310+00:00,IFF,NYSE,83.61000061035156,,,,,,,False,2026-09-07,86.54000091552734,82.5999984741211
2026-09-07,2026-09-13T00:20:24.940341+00:00,IFS,NYSE,54.72999954223633,,,,,,,False,2026-09-07,55.619998931884766,54.22999954223633
2026-09-07,2026-09-13T00:20:24.940372+00:00,III,NASDAQ,5.190000057220459,,,,,,,False,2026-09-07,5.210000038146973,5.0
2026-09-07,2026-09-13T00:20:24.940403+00:00,IMCR,NASDAQ,32.599998474121094,,,,,,,False,2026-09-07,35.83000183105469,32.47999954223633
2026-09-07,2026-09-13T00:20:24.940433+00:00,IMMR,NASDAQ,7.400000095367432,,,,,,,False,2026-09-07,7.71999979019165,7.260000228881836
2026-09-07,2026-09-13T00:20:24.940465+00:00,IMNM,NASDAQ,24.670000076293945,,,,,,,False,2026-09-07,27.2450008392334,24.600000381469727
2026-09-07,2026-09-13T00:20:24.940496+00:00,INCY,NASDAQ,121.47000122070312,,,,,,,False,2026-09-07,127.72000122070312,121.41999816894533
2026-09-07,2026-09-13T00:20:24.940526+00:00,INDB,NASDAQ,82.73999786376953,,,,,,,False,2026-09-07,84.0199966430664,81.30999755859375
2026-09-07,2026-09-13T00:20:24.940557+00:00,INMD,NASDAQ,14.899999618530272,,,,,,,False,2026-09-07,14.949000358581545,14.600000381469728
2026-09-07,2026-09-13T00:20:24.940589+00:00,INTA,NASDAQ,37.22999954223633,,,,,,,False,2026-09-07,40.875,36.79999923706055
2026-09-07,2026-09-13T00:20:24.940621+00:00,IPAR,NASDAQ,112.01000213623048,,,,,,,False,2026-09-07,116.1999969482422,109.51000213623048
2026-09-07,2026-09-13T00:20:24.940652+00:00,IQV,NYSE,261.7699890136719,,,,,,,False,2026-09-07,264.7900085449219,252.52999877929688
2026-09-07,2026-09-13T00:20:24.940686+00:00,IRTC,NASDAQ,111.43000030517578,,,,,,,False,2026-09-07,124.91000366210938,110.1999969482422
2026-09-07,2026-09-13T00:20:24.940718+00:00,ISTR,NASDAQ,30.8700008392334,,,,,,,False,2026-09-07,31.21999931335449,30.239999771118164
2026-09-07,2026-09-13T00:20:24.940750+00:00,ITIC,NASDAQ,297.5299987792969,,,,,,,False,2026-09-07,303.989990234375,288.07000732421875
2026-09-07,2026-09-13T00:20:24.940806+00:00,ITRI,NASDAQ,93.5500030517578,77.7,右肩上がり確認,-31.2,0.6,70.5,12.0,True,2026-09-07,97.63999938964844,92.68000030517578
2026-09-07,2026-09-13T00:20:24.940820+00:00,ITW,NYSE,268.1600036621094,,,,,,,False,2026-09-07,271.239990234375,261.3500061035156
2026-09-07,2026-09-13T00:20:24.940853+00:00,JCI,NYSE,146.00999450683594,,,,,,,False,2026-09-07,147.0500030517578,142.42999267578125
2026-09-07,2026-09-13T00:20:24.940917+00:00,JOE,NYSE,65.86000061035156,71.5,底固め中,-8.1,0.85,48.5,14.0,True,2026-09-07,65.91999816894531,63.08000183105469
2026-09-07,2026-09-13T00:20:24.940932+00:00,JOYY,NASDAQ,77.26000213623047,,,,,,,False,2026-09-07,77.5999984741211,73.2699966430664
2026-09-07,2026-09-13T00:20:24.940965+00:00,JPM,NYSE,356.2300109863281,,,,,,,False,2026-09-07,360.04998779296875,348.69000244140625
2026-09-07,2026-09-13T00:20:24.940997+00:00,JXN,NYSE,138.1199951171875,,,,,,,False,2026-09-07,140.89999389648438,135.5500030517578
2026-09-07,2026-09-13T00:20:24.941051+00:00,KB,NYSE,132.00999450683594,65.8,ブレイク接近,0.0,0.63,174.2,9.0,True,2026-09-07,132.9499969482422,126.19000244140624
2026-09-07,2026-09-13T00:20:24.941065+00:00,KEY,NYSE,21.84000015258789,,,,,,,False,2026-09-07,22.170000076293945,21.489999771118164
2026-09-07,2026-09-13T00:20:24.941097+00:00,KHC,NASDAQ,24.600000381469727,,,,,,,False,2026-09-07,25.065000534057617,24.149999618530277
2026-09-07,2026-09-13T00:20:24.941128+00:00,KINS,NASDAQ,19.21999931335449,,,,,,,False,2026-09-07,19.950000762939453,19.020000457763672
2026-09-07,2026-09-13T00:20:24.941160+00:00,KKR,NYSE,101.08000183105467,,,,,,,False,2026-09-07,108.2699966430664,99.77999877929688
2026-09-07,2026-09-13T00:20:24.941215+00:00,KNSA,NASDAQ,76.2699966430664,62.9,ブレイク接近,-3.5,0.64,555.2,7.0,True,2026-09-07,80.22000122070312,75.0
2026-09-07,2026-09-13T00:20:24.941229+00:00,KNSL,NYSE,360.010009765625,,,,,,,False,2026-09-07,371.1900024414063,356.4024963378906
2026-09-07,2026-09-13T00:20:24.941260+00:00,KYMR,NASDAQ,114.95999908447266,,,,,,,False,2026-09-07,120.66500091552734,113.1780014038086
2026-09-07,2026-09-13T00:20:24.941291+00:00,LAD,NYSE,358.0199890136719,,,,,,,False,2026-09-07,388.4400024414063,356.4599914550781
2026-09-07,2026-09-13T00:20:24.941322+00:00,LAUR,NASDAQ,36.130001068115234,,,,,,,False,2026-09-07,36.91999816894531,35.2599983215332
2026-09-07,2026-09-13T00:20:24.941353+00:00,LAZ,NYSE,41.09999847412109,,,,,,,False,2026-09-07,46.95000076293945,40.880001068115234
2026-09-07,2026-09-13T00:20:24.941408+00:00,LB,NYSE,86.8499984741211,67.6,ブレイク接近,-3.1,0.79,214.7,8.0,True,2026-09-07,89.1500015258789,85.93000030517578
2026-09-07,2026-09-13T00:20:24.941446+00:00,LECO,NASDAQ,253.05999755859372,69.6,底固め中,-14.8,1.25,23.9,18.0,True,2026-09-07,279.9800109863281,247.8000030517578
2026-09-07,2026-09-13T00:20:24.941461+00:00,LH,NYSE,311.5400085449219,,,,,,,False,2026-09-07,328.07000732421875,305.45001220703125
2026-09-07,2026-09-13T00:20:24.941492+00:00,LIF,NASDAQ,42.68000030517578,,,,,,,False,2026-09-07,43.56999969482422,41.16999816894531
2026-09-07,2026-09-13T00:20:24.941524+00:00,LKFN,NASDAQ,60.58000183105469,,,,,,,False,2026-09-07,61.43000030517578,59.08000183105469
2026-09-07,2026-09-13T00:20:24.941579+00:00,LMNR,NASDAQ,13.045000076293944,61.0,底固め中,-13.0,1.25,53.8,4.0,True,2026-09-07,15.220000267028809,12.78499984741211
2026-09-07,2026-09-13T00:20:24.941593+00:00,LMT,NYSE,524.1900024414062,,,,,,,False,2026-09-07,543.5900268554688,521.8699951171875
2026-09-07,2026-09-13T00:20:24.941625+00:00,LNC,NYSE,43.84000015258789,,,,,,,False,2026-09-07,45.2599983215332,42.92499923706055
2026-09-07,2026-09-13T00:20:24.941657+00:00,LOAR,NYSE,66.51000213623047,,,,,,,False,2026-09-07,68.91999816894531,64.5
2026-09-07,2026-09-13T00:20:24.941690+00:00,LPLA,NASDAQ,353.7799987792969,,,,,,,False,2026-09-07,357.1000061035156,344.6499938964844
2026-09-07,2026-09-13T00:20:24.941721+00:00,LSPD,NYSE,9.9399995803833,,,,,,,False,2026-09-07,10.5,9.664999961853027
2026-09-07,2026-09-13T00:20:24.941751+00:00,LTM,NYSE,51.290000915527344,,,,,,,False,2026-09-07,53.040000915527344,50.400001525878906
2026-09-07,2026-09-13T00:20:24.941782+00:00,LW,NYSE,47.84999847412109,,,,,,,False,2026-09-07,49.76499938964844,46.81999969482422
2026-09-07,2026-09-13T00:20:24.941813+00:00,LXP,NYSE,60.84000015258789,,,,,,,False,2026-09-07,60.9900016784668,60.650001525878906
2026-09-07,2026-09-13T00:20:24.941844+00:00,LYFT,NASDAQ,15.31999969482422,,,,,,,False,2026-09-07,16.639999389648438,14.53499984741211
2026-09-07,2026-09-13T00:20:24.941876+00:00,LYG,NYSE,6.010000228881836,,,,,,,False,2026-09-07,6.090000152587891,5.860000133514404
2026-09-07,2026-09-13T00:20:24.941906+00:00,MA,NYSE,569.1900024414062,,,,,,,False,2026-09-07,575.6699829101562,563.1699829101562
2026-09-07,2026-09-13T00:20:24.941969+00:00,MAIN,NYSE,56.220001220703125,74.4,ブレイク接近,-8.2,0.67,111.5,11.0,True,2026-09-07,57.91999816894531,55.7599983215332
2026-09-07,2026-09-13T00:20:24.941983+00:00,MAN,NYSE,56.459999084472656,,,,,,,False,2026-09-07,60.650001525878906,54.97999954223633
2026-09-07,2026-09-13T00:20:24.942014+00:00,MAT,NASDAQ,14.010000228881836,,,,,,,False,2026-09-07,14.600000381469728,13.520000457763672
2026-09-07,2026-09-13T00:20:24.942045+00:00,MBUU,NASDAQ,24.88999938964844,,,,,,,False,2026-09-07,27.809999465942383,24.479999542236328
2026-09-07,2026-09-13T00:20:24.942076+00:00,MBWM,NASDAQ,61.7400016784668,,,,,,,False,2026-09-07,62.41999816894531,59.15999984741211
2026-09-07,2026-09-13T00:20:24.942106+00:00,MCHB,NASDAQ,15.369999885559082,,,,,,,False,2026-09-07,15.829999923706056,15.220000267028809
2026-09-07,2026-09-13T00:20:24.942160+00:00,MCK,NYSE,881.510009765625,82.9,底固め中,-10.5,0.87,58.8,9.0,True,2026-09-07,904.8300170898438,874.3099975585938
2026-09-07,2026-09-13T00:20:24.942174+00:00,MCO,NYSE,474.9500122070313,,,,,,,False,2026-09-07,489.75,466.4299926757813
2026-09-07,2026-09-13T00:20:24.942228+00:00,MDT,NYSE,90.95999908447266,74.0,右肩上がり確認,-11.5,0.88,77.9,5.0,True,2026-09-07,93.38999938964844,90.26000213623048
2026-09-07,2026-09-13T00:20:24.942241+00:00,MDXG,NASDAQ,4.570000171661377,,,,,,,False,2026-09-07,4.730000019073486,4.429999828338623
2026-09-07,2026-09-13T00:20:24.942296+00:00,MELI,NASDAQ,1897.3699951171875,75.8,右肩上がり確認,-23.1,0.92,77.9,9.0,True,2026-09-07,1969.4000244140625,1840.0
2026-09-07,2026-09-13T00:20:24.942310+00:00,MESO,NASDAQ,15.479999542236328,,,,,,,False,2026-09-07,16.719999313354492,15.425000190734863
2026-09-07,2026-09-13T00:20:24.942342+00:00,MGEE,NASDAQ,76.4800033569336,,,,,,,False,2026-09-07,78.43000030517578,76.0199966430664
2026-09-07,2026-09-13T00:20:24.942373+00:00,MGRC,NASDAQ,110.4000015258789,,,,,,,False,2026-09-07,111.97000122070312,109.45999908447266
2026-09-07,2026-09-13T00:20:24.942404+00:00,MHK,NYSE,126.79000091552734,,,,,,,False,2026-09-07,133.27999877929688,121.4499969482422
2026-09-07,2026-09-13T00:20:24.942436+00:00,MKC,NYSE,51.31999969482422,,,,,,,False,2026-09-07,52.40999984741211,50.70000076293945
2026-09-07,2026-09-13T00:20:24.942467+00:00,MKL,NYSE,1784.1800537109375,,,,,,,False,2026-09-07,1812.989990234375,1767.5999755859375
2026-09-07,2026-09-13T00:20:24.942498+00:00,MLKN,NASDAQ,21.190000534057617,,,,,,,False,2026-09-07,22.920000076293945,20.71999931335449
2026-09-07,2026-09-13T00:20:24.942529+00:00,MMM,NYSE,164.97000122070312,,,,,,,False,2026-09-07,168.55999755859375,161.3000030517578
2026-09-07,2026-09-13T00:20:24.942561+00:00,MMSI,NASDAQ,86.36000061035156,,,,,,,False,2026-09-07,88.91000366210938,85.19000244140625
2026-09-07,2026-09-13T00:20:24.942615+00:00,MOS,NYSE,25.190000534057617,80.8,底固め中,-26.1,0.99,54.2,12.0,True,2026-09-07,26.959999084472656,25.049999237060547
2026-09-07,2026-09-13T00:20:24.942629+00:00,MPB,NASDAQ,37.06999969482422,,,,,,,False,2026-09-07,37.45000076293945,36.13999938964844
2026-09-07,2026-09-13T00:20:24.942660+00:00,MQ,NASDAQ,16.329999923706055,,,,,,,False,2026-09-07,16.540000915527344,15.704999923706056
2026-09-07,2026-09-13T00:20:24.942693+00:00,MRK,NYSE,143.92999267578125,,,,,,,False,2026-09-07,149.60000610351562,143.67999267578125
2026-09-07,2026-09-13T00:20:24.942725+00:00,MRP,NYSE,29.690000534057617,,,,,,,False,2026-09-07,32.16999816894531,29.350000381469727
2026-09-07,2026-09-13T00:20:24.942782+00:00,MRSH,NYSE,176.91000366210938,63.1,右肩上がり確認,-13.2,0.83,69.5,13.0,True,2026-09-07,184.72000122070312,175.52000427246094
2026-09-07,2026-09-13T00:20:24.942820+00:00,MSA,NYSE,182.17999267578125,81.7,右肩上がり確認,-9.2,0.67,62.4,18.0,True,2026-09-07,190.5500030517578,180.6499938964844
2026-09-07,2026-09-13T00:20:24.942835+00:00,MSEX,NASDAQ,56.68999862670898,,,,,,,False,2026-09-07,58.77999877929688,56.36000061035156
2026-09-07,2026-09-13T00:20:24.942868+00:00,MSFT,NASDAQ,495.6300048828125,,,,,,,False,2026-09-07,498.9700012207031,486.0
2026-09-07,2026-09-13T00:20:24.942932+00:00,MSI,NYSE,466.1600036621094,84.3,ブレイク接近,-4.1,1.01,86.2,9.0,True,2026-09-07,470.989990234375,458.5499877929688
2026-09-07,2026-09-13T00:20:24.942947+00:00,MTB,NYSE,239.8300018310547,,,,,,,False,2026-09-07,242.83999633789065,235.38999938964844
2026-09-07,2026-09-13T00:20:24.942983+00:00,MTN,NYSE,140.08999633789062,,,,,,,False,2026-09-07,141.32000732421875,129.00999450683594
2026-09-07,2026-09-13T00:20:24.943015+00:00,MTW,NYSE,20.780000686645508,,,,,,,False,2026-09-07,21.43000030517578,20.0
2026-09-07,2026-09-13T00:20:24.943045+00:00,MVBF,NASDAQ,31.32999992370605,,,,,,,False,2026-09-07,31.750999450683597,30.059999465942383
2026-09-07,2026-09-13T00:20:24.943100+00:00,NAVI,NASDAQ,9.420000076293944,63.5,ブレイク接近,-24.1,0.95,146.9,16.0,True,2026-09-07,9.710000038146973,9.104999542236328
2026-09-07,2026-09-13T00:20:24.943114+00:00,NBBK,NASDAQ,22.790000915527344,,,,,,,False,2026-09-07,23.25,22.57200050354004
2026-09-07,2026-09-13T00:20:24.943146+00:00,NBTB,NASDAQ,51.72999954223633,,,,,,,False,2026-09-07,52.27000045776367,50.77000045776367
2026-09-07,2026-09-13T00:20:24.943177+00:00,NDSN,NASDAQ,314.4700012207031,,,,,,,False,2026-09-07,319.1199951171875,306.9200134277344
2026-09-07,2026-09-13T00:20:24.943208+00:00,NIC,NYSE,170.3699951171875,,,,,,,False,2026-09-07,173.8800048828125,168.14999389648438
2026-09-07,2026-09-13T00:20:24.943261+00:00,NKSH,NASDAQ,42.84000015258789,63.0,ブレイク接近,0.0,1.14,245.8,19.0,True,2026-09-07,43.0,41.25
2026-09-07,2026-09-13T00:20:24.943275+00:00,NLY,NYSE,21.899999618530277,,,,,,,False,2026-09-07,22.950000762939453,21.86000061035156
2026-09-07,2026-09-13T00:20:24.943309+00:00,NMIH,NASDAQ,43.88999938964844,,,,,,,False,2026-09-07,44.92499923706055,43.720001220703125
2026-09-07,2026-09-13T00:20:24.943341+00:00,NMR,NYSE,10.859999656677246,,,,,,,False,2026-09-07,10.9399995803833,10.43000030517578
2026-09-07,2026-09-13T00:20:24.943372+00:00,NMRK,NASDAQ,14.420000076293944,,,,,,,False,2026-09-07,15.06999969482422,14.085000038146973
2026-09-07,2026-09-13T00:20:24.943402+00:00,NOMD,NYSE,10.979999542236328,,,,,,,False,2026-09-07,11.68000030517578,10.94499969482422
2026-09-07,2026-09-13T00:20:24.943433+00:00,NOV,NYSE,21.100000381469727,,,,,,,False,2026-09-07,21.93000030517578,20.774999618530277
2026-09-07,2026-09-13T00:20:24.943463+00:00,NRIM,NASDAQ,26.15999984741211,,,,,,,False,2026-09-07,26.46999931335449,25.540000915527344
2026-09-07,2026-09-13T00:20:24.943494+00:00,NRIX,NASDAQ,25.100000381469727,,,,,,,False,2026-09-07,26.69499969482422,25.0
2026-09-07,2026-09-13T00:20:24.943524+00:00,NSC,NYSE,320.2699890136719,,,,,,,False,2026-09-07,330.70001220703125,320.2699890136719
2026-09-07,2026-09-13T00:20:24.943555+00:00,NTES,NASDAQ,115.61000061035156,,,,,,,False,2026-09-07,120.3000030517578,115.20999908447266
2026-09-07,2026-09-13T00:20:24.943586+00:00,NTRA,NASDAQ,328.92999267578125,,,,,,,False,2026-09-07,331.8800048828125,320.6499938964844
2026-09-07,2026-09-13T00:20:24.943642+00:00,NU,NYSE,14.619999885559082,72.8,底固め中,-19.0,0.98,47.7,5.0,True,2026-09-07,15.81999969482422,14.4399995803833
2026-09-07,2026-09-13T00:20:24.943656+00:00,NUVB,NYSE,6.070000171661377,,,,,,,False,2026-09-07,6.745999813079834,5.949999809265137
2026-09-07,2026-09-13T00:20:24.943686+00:00,NVRI,NYSE,22.309999465942383,,,,,,,False,2026-09-07,23.459999084472656,22.040000915527344
2026-09-07,2026-09-13T00:20:24.943718+00:00,NVST,NYSE,25.549999237060547,,,,,,,False,2026-09-07,27.350000381469727,25.21500015258789
2026-09-07,2026-09-13T00:20:24.943748+00:00,NWG,NYSE,18.88999938964844,,,,,,,False,2026-09-07,18.940000534057617,18.34000015258789
2026-09-07,2026-09-13T00:20:24.943778+00:00,NWL,NASDAQ,5.849999904632568,,,,,,,False,2026-09-07,6.46999979019165,5.715000152587891
2026-09-07,2026-09-13T00:20:24.943809+00:00,OBDC,NYSE,11.079999923706056,,,,,,,False,2026-09-07,11.470000267028809,11.020000457763672
2026-09-07,2026-09-13T00:20:24.943839+00:00,OC,NYSE,131.89999389648438,,,,,,,False,2026-09-07,138.57000732421875,124.9800033569336
2026-09-07,2026-09-13T00:20:24.943869+00:00,OCFC,NASDAQ,18.780000686645508,,,,,,,False,2026-09-07,19.3700008392334,18.520000457763672
2026-09-07,2026-09-13T00:20:24.943900+00:00,OESX,NASDAQ,27.25,,,,,,,False,2026-09-07,31.0,25.700000762939453
2026-09-07,2026-09-13T00:20:24.943963+00:00,OMC,NYSE,79.01000213623047,69.3,右肩上がり確認,-10.5,0.64,66.3,11.0,True,2026-09-07,82.33999633789062,77.05000305175781
2026-09-07,2026-09-13T00:20:24.943978+00:00,OMF,NYSE,62.75,,,,,,,False,2026-09-07,64.41999816894531,61.63999938964844
2026-09-07,2026-09-13T00:20:24.944009+00:00,ONC,NASDAQ,346.510009765625,,,,,,,False,2026-09-07,352.0,336.95001220703125
2026-09-07,2026-09-13T00:20:24.944040+00:00,ORC,NYSE,6.329999923706055,,,,,,,False,2026-09-07,6.619999885559082,6.289999961853027
2026-09-07,2026-09-13T00:20:24.944070+00:00,ORI,NYSE,40.959999084472656,,,,,,,False,2026-09-07,41.59000015258789,40.25
2026-09-07,2026-09-13T00:20:24.944101+00:00,ORRF,NASDAQ,42.34000015258789,,,,,,,False,2026-09-07,43.380001068115234,41.630001068115234
2026-09-07,2026-09-13T00:20:24.944132+00:00,OTEX,NASDAQ,23.059999465942383,,,,,,,False,2026-09-07,23.670000076293945,22.32999992370605
2026-09-07,2026-09-13T00:20:24.944164+00:00,OWL,NYSE,10.5600004196167,,,,,,,False,2026-09-07,11.779999732971191,10.359999656677246
2026-09-07,2026-09-13T00:20:24.944196+00:00,OZK,NASDAQ,49.09000015258789,,,,,,,False,2026-09-07,50.18000030517578,48.16999816894531
2026-09-07,2026-09-13T00:20:24.944227+00:00,P,NYSE,98.18000030517578,,,,,,,False,2026-09-07,103.5,94.05999755859376
2026-09-07,2026-09-13T00:20:24.944257+00:00,PANL,NASDAQ,8.40999984741211,,,,,,,False,2026-09-07,8.574999809265137,8.100000381469727
2026-09-07,2026-09-13T00:20:24.944288+00:00,PAYO,NASDAQ,7.119999885559082,,,,,,,False,2026-09-07,7.159999847412109,7.090000152587891
2026-09-07,2026-09-13T00:20:24.944318+00:00,PB,NYSE,71.3499984741211,,,,,,,False,2026-09-07,72.72000122070312,70.68000030517578
2026-09-07,2026-09-13T00:20:24.944350+00:00,PBYI,NASDAQ,9.119999885559082,,,,,,,False,2026-09-07,9.56999969482422,8.850000381469727
2026-09-07,2026-09-13T00:20:24.944381+00:00,PCAR,NASDAQ,122.7300033569336,,,,,,,False,2026-09-07,124.66999816894533,120.44000244140624
2026-09-07,2026-09-13T00:20:24.944435+00:00,PCTY,NASDAQ,141.66000366210938,75.3,ブレイク接近,-13.7,0.73,186.2,4.0,True,2026-09-07,151.57000732421875,140.38999938964844
2026-09-07,2026-09-13T00:20:24.944450+00:00,PFS,NYSE,23.299999237060547,,,,,,,False,2026-09-07,23.71999931335449,22.86000061035156
2026-09-07,2026-09-13T00:20:24.944480+00:00,PGY,NASDAQ,19.96999931335449,,,,,,,False,2026-09-07,23.045000076293945,19.8799991607666
2026-09-07,2026-09-13T00:20:24.944511+00:00,PH,NYSE,950.22998046875,,,,,,,False,2026-09-07,971.4400024414062,929.239990234375
2026-09-07,2026-09-13T00:20:24.944542+00:00,PHM,NYSE,118.26000213623048,,,,,,,False,2026-09-07,124.37000274658205,114.77999877929688
2026-09-07,2026-09-13T00:20:24.944573+00:00,PKG,NYSE,234.3999938964844,,,,,,,False,2026-09-07,238.1699981689453,225.3300018310547
2026-09-07,2026-09-13T00:20:24.944603+00:00,PLUS,NASDAQ,91.83000183105467,,,,,,,False,2026-09-07,92.06999969482422,87.48999786376953
2026-09-07,2026-09-13T00:20:24.944635+00:00,PNC,NYSE,244.2400054931641,,,,,,,False,2026-09-07,246.9600067138672,239.72000122070312
2026-09-07,2026-09-13T00:20:24.944667+00:00,PRI,NYSE,292.44000244140625,,,,,,,False,2026-09-07,294.0299987792969,286.7799987792969
2026-09-07,2026-09-13T00:20:24.944698+00:00,PRK,NYSE American,187.44000244140625,,,,,,,False,2026-09-07,195.3000030517578,184.9199981689453
2026-09-07,2026-09-13T00:20:24.944728+00:00,PRVA,NASDAQ,20.420000076293945,,,,,,,False,2026-09-07,21.43000030517578,20.165000915527344
2026-09-07,2026-09-13T00:20:24.944760+00:00,PTC,NASDAQ,130.77999877929688,,,,,,,False,2026-09-07,140.24000549316406,126.79000091552734
2026-09-07,2026-09-13T00:20:24.944790+00:00,PUK,NYSE,26.68000030517578,,,,,,,False,2026-09-07,27.88999938964844,26.584999084472656
2026-09-07,2026-09-13T00:20:24.944821+00:00,QCRH,NASDAQ,102.56999969482422,,,,,,,False,2026-09-07,103.52999877929688,100.5500030517578
2026-09-07,2026-09-13T00:20:24.944852+00:00,QGEN,NYSE,42.5,,,,,,,False,2026-09-07,42.7400016784668,41.88999938964844
2026-09-07,2026-09-13T00:20:24.944907+00:00,QTWO,NYSE,60.88999938964844,70.4,ブレイク接近,-22.1,0.7,180.4,7.0,True,2026-09-07,61.33000183105469,59.04999923706055
2026-09-07,2026-09-13T00:20:24.944931+00:00,RACE,NYSE,413.7799987792969,,,,,,,False,2026-09-07,414.7099914550781,400.8200073242188
2026-09-07,2026-09-13T00:20:24.944988+00:00,RCBC,NASDAQ,52.2400016784668,74.0,ブレイク接近,-1.5,3.0,279.5,19.0,True,2026-09-07,54.880001068115234,51.209999084472656
2026-09-07,2026-09-13T00:20:24.945026+00:00,RCEL,NASDAQ,9.880000114440918,71.3,ブレイク接近,-11.8,0.86,431.5,5.0,True,2026-09-07,11.229999542236328,9.600000381469728
2026-09-07,2026-09-13T00:20:24.945065+00:00,RCI,NYSE,36.209999084472656,71.3,右肩上がり確認,-7.4,0.75,62.8,6.0,True,2026-09-07,37.43999862670898,35.630001068115234
2026-09-07,2026-09-13T00:20:24.945079+00:00,RCL,NYSE,260.1400146484375,,,,,,,False,2026-09-07,270.8299865722656,256.7099914550781
2026-09-07,2026-09-13T00:20:24.945110+00:00,RDNT,NASDAQ,75.48999786376953,,,,,,,False,2026-09-07,75.90730285644531,70.08000183105469
2026-09-07,2026-09-13T00:20:24.945141+00:00,REAL,NASDAQ,9.829999923706056,,,,,,,False,2026-09-07,10.130000114440918,9.25
2026-09-07,2026-09-13T00:20:24.945172+00:00,RERE,NYSE,3.9700000286102295,,,,,,,False,2026-09-07,4.175000190734863,3.900000095367432
2026-09-07,2026-09-13T00:20:24.945203+00:00,REXR,NYSE,38.040000915527344,,,,,,,False,2026-09-07,38.04999923706055,36.70000076293945
2026-09-07,2026-09-13T00:20:24.945236+00:00,REYN,NASDAQ,21.75,,,,,,,False,2026-09-07,22.049999237060547,21.26499938964844
2026-09-07,2026-09-13T00:20:24.945267+00:00,RF,NYSE,30.1299991607666,,,,,,,False,2026-09-07,30.440000534057617,29.559999465942383
2026-09-07,2026-09-13T00:20:24.945297+00:00,RGA,NYSE,248.72000122070312,,,,,,,False,2026-09-07,252.27999877929688,244.47999572753903
2026-09-07,2026-09-13T00:20:24.945328+00:00,RIGL,NASDAQ,47.2400016784668,,,,,,,False,2026-09-07,48.11000061035156,46.27999877929688
2026-09-07,2026-09-13T00:20:24.945358+00:00,RITM,NYSE,9.739999771118164,,,,,,,False,2026-09-07,10.140000343322754,9.619999885559082
2026-09-07,2026-09-13T00:20:24.945389+00:00,RJF,NYSE,173.4600067138672,,,,,,,False,2026-09-07,178.63999938964844,172.0
2026-09-07,2026-09-13T00:20:24.945419+00:00,RLI,NYSE,60.47999954223633,,,,,,,False,2026-09-07,62.040000915527344,59.790000915527344
2026-09-07,2026-09-13T00:20:24.945472+00:00,RMD,NYSE,218.2700042724609,72.3,底固め中,-20.8,0.89,43.4,8.0,True,2026-09-07,226.6699981689453,215.8000030517578
2026-09-07,2026-09-13T00:20:24.945486+00:00,RPC,NYSE,8.109999656677246,,,,,,,False,2026-09-07,8.5,7.880000114440918
2026-09-07,2026-09-13T00:20:24.945517+00:00,RPM,NYSE,100.20999908447266,,,,,,,False,2026-09-07,104.63999938964844,98.0
2026-09-07,2026-09-13T00:20:24.945548+00:00,RRR,NASDAQ,55.900001525878906,,,,,,,False,2026-09-07,57.34000015258789,54.34999847412109
2026-09-07,2026-09-13T00:20:24.945602+00:00,RSG,NYSE,222.7400054931641,68.6,右肩上がり確認,-3.0,1.03,76.9,15.0,True,2026-09-07,224.25999450683597,219.5800018310547
2026-09-07,2026-09-13T00:20:24.945616+00:00,RTX,NYSE,197.67999267578125,,,,,,,False,2026-09-07,201.75,196.30999755859372
2026-09-07,2026-09-13T00:20:24.945647+00:00,RWAY,NASDAQ,6.610000133514404,,,,,,,False,2026-09-07,6.679999828338623,6.494999885559082
2026-09-07,2026-09-13T00:20:24.945677+00:00,RYAN,NYSE,38.119998931884766,,,,,,,False,2026-09-07,41.470001220703125,37.20000076293945
2026-09-07,2026-09-13T00:20:24.945708+00:00,RYN,NYSE,20.21999931335449,,,,,,,False,2026-09-07,20.549999237060547,20.0
2026-09-07,2026-09-13T00:20:24.945739+00:00,SA,NYSE,31.01000022888184,,,,,,,False,2026-09-07,33.150001525878906,30.61000061035156
2026-09-07,2026-09-13T00:20:24.945769+00:00,SABS,NASDAQ,3.4100000858306885,,,,,,,False,2026-09-07,3.75,3.380000114440918
2026-09-07,2026-09-13T00:20:24.945822+00:00,SAFT,NASDAQ,103.41999816894533,65.2,ブレイク接近,0.0,0.64,485.8,15.0,True,2026-09-07,103.52999877929688,103.08999633789062
2026-09-07,2026-09-13T00:20:24.945836+00:00,SAN,NYSE,14.960000038146973,,,,,,,False,2026-09-07,14.989999771118164,14.539999961853027
2026-09-07,2026-09-13T00:20:24.945870+00:00,SAP,NYSE,206.3600006103516,,,,,,,False,2026-09-07,215.8500061035156,203.7400054931641
2026-09-07,2026-09-13T00:20:24.945901+00:00,SARO,NYSE,24.040000915527344,,,,,,,False,2026-09-07,25.65900039672852,23.51499938964844
2026-09-07,2026-09-13T00:20:24.945939+00:00,SBCF,NASDAQ,33.97999954223633,,,,,,,False,2026-09-07,34.650001525878906,32.81999969482422
2026-09-07,2026-09-13T00:20:24.945970+00:00,SBFG,NASDAQ,29.13999938964844,,,,,,,False,2026-09-07,30.049999237060547,28.309999465942383
2026-09-07,2026-09-13T00:20:24.946000+00:00,SCHW,NYSE,107.25,,,,,,,False,2026-09-07,109.31999969482422,106.08499908447266
2026-09-07,2026-09-13T00:20:24.946031+00:00,SD,NYSE,14.630000114440918,,,,,,,False,2026-09-07,15.100000381469728,14.399999618530272
2026-09-07,2026-09-13T00:20:24.946064+00:00,SE,NYSE,106.23999786376952,,,,,,,False,2026-09-07,114.13999938964844,106.18000030517578
2026-09-07,2026-09-13T00:20:24.946097+00:00,SEIC,NASDAQ,106.93000030517578,,,,,,,False,2026-09-07,110.75,105.68599700927734
2026-09-07,2026-09-13T00:20:24.946128+00:00,SF,NYSE,79.76000213623047,,,,,,,False,2026-09-07,82.05000305175781,78.8499984741211
2026-09-07,2026-09-13T00:20:24.946159+00:00,SFBS,NYSE,42.130001068115234,,,,,,,False,2026-09-07,43.11000061035156,41.53499984741211
2026-09-07,2026-09-13T00:20:24.946192+00:00,SFIX,NASDAQ,2.950000047683716,,,,,,,False,2026-09-07,3.055000066757202,2.819999933242798
2026-09-07,2026-09-13T00:20:24.946224+00:00,SFST,NASDAQ,63.119998931884766,,,,,,,False,2026-09-07,64.4000015258789,61.56999969482422
2026-09-07,2026-09-13T00:20:24.946256+00:00,SHW,NYSE,323.3099975585937,,,,,,,False,2026-09-07,332.3399963378906,315.4200134277344
2026-09-07,2026-09-13T00:20:24.946288+00:00,SKWD,NASDAQ,56.7400016784668,,,,,,,False,2026-09-07,57.40999984741211,55.38999938964844
2026-09-07,2026-09-13T00:20:24.946319+00:00,SKYW,NASDAQ,96.13999938964844,,,,,,,False,2026-09-07,98.56999969482422,93.66999816894533
2026-09-07,2026-09-13T00:20:24.946349+00:00,SLGN,NYSE,38.630001068115234,,,,,,,False,2026-09-07,40.709999084472656,37.59999847412109
2026-09-07,2026-09-13T00:20:24.946380+00:00,SLM,NASDAQ,26.040000915527344,,,,,,,False,2026-09-07,26.86000061035156,25.32999992370605
2026-09-07,2026-09-13T00:20:24.946410+00:00,SMBK,NYSE,52.2400016784668,,,,,,,False,2026-09-07,52.2400016784668,50.310001373291016
2026-09-07,2026-09-13T00:20:24.946440+00:00,SOFI,NASDAQ,17.31999969482422,,,,,,,False,2026-09-07,18.350000381469727,16.93000030517578
2026-09-07,2026-09-13T00:20:24.946470+00:00,SONO,NASDAQ,15.119999885559082,,,,,,,False,2026-09-07,15.229999542236328,14.199999809265137
2026-09-07,2026-09-13T00:20:24.946525+00:00,SONY,NYSE,23.899999618530277,75.0,ブレイク接近,-20.7,0.75,125.1,14.0,True,2026-09-07,23.90999984741211,23.3799991607666
2026-09-07,2026-09-13T00:20:24.946539+00:00,SOPH,NASDAQ,7.869999885559082,,,,,,,False,2026-09-07,8.390000343322754,7.53000020980835
2026-09-07,2026-09-13T00:20:24.946571+00:00,SPB,NYSE,86.22000122070312,,,,,,,False,2026-09-07,88.9800033569336,84.54000091552734
2026-09-07,2026-09-13T00:20:24.946602+00:00,SPFI,NASDAQ,44.7599983215332,,,,,,,False,2026-09-07,45.720001220703125,44.2400016784668
2026-09-07,2026-09-13T00:20:24.946632+00:00,SPGI,NYSE,410.7099914550781,,,,,,,False,2026-09-07,442.5299987792969,407.4400024414063
2026-09-07,2026-09-13T00:20:24.946687+00:00,SPOK,NASDAQ,10.649999618530272,62.7,底固め中,-31.9,0.93,28.0,24.0,True,2026-09-07,10.729999542236328,10.520000457763672
2026-09-07,2026-09-13T00:20:24.946701+00:00,SSB,NYSE,105.9800033569336,,,,,,,False,2026-09-07,108.16999816894533,104.5
2026-09-07,2026-09-13T00:20:24.946756+00:00,SSNC,NASDAQ,80.2699966430664,78.1,ブレイク接近,-9.4,0.76,142.9,13.0,True,2026-09-07,82.7699966430664,78.73999786376953
2026-09-07,2026-09-13T00:20:24.946770+00:00,STE,NYSE,210.75999450683597,,,,,,,False,2026-09-07,222.97000122070312,209.58999633789065
2026-09-07,2026-09-13T00:20:24.946802+00:00,STRA,NASDAQ,81.66000366210938,,,,,,,False,2026-09-07,82.25,80.0
2026-09-07,2026-09-13T00:20:24.946833+00:00,SYBT,NASDAQ,79.73999786376953,,,,,,,False,2026-09-07,79.91000366210938,76.88999938964844
2026-09-07,2026-09-13T00:20:24.946864+00:00,SYF,NYSE,75.98999786376953,,,,,,,False,2026-09-07,79.44499969482422,74.7699966430664
2026-09-07,2026-09-13T00:20:24.946895+00:00,SYK,NYSE,275.5599975585937,,,,,,,False,2026-09-07,301.510009765625,267.0
2026-09-07,2026-09-13T00:20:24.946957+00:00,TAK,NYSE,18.26000022888184,78.7,右肩上がり確認,-2.6,0.66,84.4,12.0,True,2026-09-07,18.649999618530277,18.100000381469727
2026-09-07,2026-09-13T00:20:24.946972+00:00,TAP,NYSE,38.93000030517578,,,,,,,False,2026-09-07,41.27000045776367,37.7599983215332
2026-09-07,2026-09-13T00:20:24.947026+00:00,TARS,NASDAQ,79.30999755859375,85.5,ブレイク接近,-12.6,0.82,121.8,11.0,True,2026-09-07,90.75,79.17500305175781
2026-09-07,2026-09-13T00:20:24.947040+00:00,TAYD,NASDAQ,59.97999954223633,,,,,,,False,2026-09-07,62.04999923706055,58.68000030517578
2026-09-07,2026-09-13T00:20:24.947071+00:00,TBBK,NASDAQ,50.630001068115234,,,,,,,False,2026-09-07,65.91000366210938,48.40999984741211
2026-09-07,2026-09-13T00:20:24.947102+00:00,TCBK,NASDAQ,53.52999877929688,,,,,,,False,2026-09-07,54.43999862670898,52.84000015258789
2026-09-07,2026-09-13T00:20:24.947133+00:00,TCBX,NYSE,45.0,,,,,,,False,2026-09-07,46.0099983215332,44.34999847412109
2026-09-07,2026-09-13T00:20:24.947164+00:00,TDY,NYSE,603.7899780273438,,,,,,,False,2026-09-07,611.4600219726562,590.0999755859375
2026-09-07,2026-09-13T00:20:24.947194+00:00,TEL,NYSE,211.9600067138672,,,,,,,False,2026-09-07,213.7100067138672,200.5
2026-09-07,2026-09-13T00:20:24.947224+00:00,TEM,NASDAQ,59.0099983215332,,,,,,,False,2026-09-07,65.79000091552734,58.02000045776367
2026-09-07,2026-09-13T00:20:24.947254+00:00,TFC,NYSE,50.400001525878906,,,,,,,False,2026-09-07,51.63999938964844,49.7599983215332
2026-09-07,2026-09-13T00:20:24.947307+00:00,TFPM,NYSE,33.779998779296875,72.5,底固め中,-17.9,1.0,46.7,6.0,True,2026-09-07,35.0,32.6619987487793
2026-09-07,2026-09-13T00:20:24.947346+00:00,THC,NYSE,263.69000244140625,79.8,ブレイク接近,-6.1,0.59,131.4,4.0,True,2026-09-07,270.6099853515625,256.4599914550781
2026-09-07,2026-09-13T00:20:24.947360+00:00,TMO,NYSE,609.8200073242188,,,,,,,False,2026-09-07,615.239990234375,594.8200073242188
2026-09-07,2026-09-13T00:20:24.947391+00:00,TOL,NYSE,134.9199981689453,,,,,,,False,2026-09-07,140.9499969482422,130.25999450683594
2026-09-07,2026-09-13T00:20:24.947422+00:00,TOWN,NASDAQ,37.0,,,,,,,False,2026-09-07,37.61000061035156,36.630001068115234
2026-09-07,2026-09-13T00:20:24.947453+00:00,TPC,NYSE,89.12999725341797,,,,,,,False,2026-09-07,90.79000091552734,85.83999633789062
2026-09-07,2026-09-13T00:20:24.947507+00:00,TPG,NASDAQ,47.68999862670898,67.8,右肩上がり確認,-26.3,1.03,157.9,6.0,True,2026-09-07,52.97999954223633,46.869998931884766
2026-09-07,2026-09-13T00:20:24.947521+00:00,TRI,NASDAQ,97.3499984741211,,,,,,,False,2026-09-07,105.19000244140624,95.66000366210938
2026-09-07,2026-09-13T00:20:24.947552+00:00,TRIN,NYSE,17.93000030517578,,,,,,,False,2026-09-07,18.26000022888184,17.725000381469727
2026-09-07,2026-09-13T00:20:24.947583+00:00,TRNO,NYSE,65.2699966430664,,,,,,,False,2026-09-07,66.41000366210938,64.68000030517578
2026-09-07,2026-09-13T00:20:24.947637+00:00,TRU,NYSE,77.69999694824219,73.7,右肩上がり確認,-13.0,0.84,95.7,6.0,True,2026-09-07,80.20999908447266,75.86000061035156
2026-09-07,2026-09-13T00:20:24.947651+00:00,TRUP,NASDAQ,24.88999938964844,,,,,,,False,2026-09-07,27.479999542236328,24.5
2026-09-07,2026-09-13T00:20:24.947683+00:00,TSLX,NYSE,17.889999389648438,,,,,,,False,2026-09-07,18.399999618530277,17.65999984741211
2026-09-07,2026-09-13T00:20:24.947737+00:00,TTC,NYSE,92.72000122070312,63.6,底固め中,-8.1,1.15,41.9,16.0,True,2026-09-07,95.12999725341795,92.0250015258789
2026-09-07,2026-09-13T00:20:24.947775+00:00,TTEK,NASDAQ,36.4900016784668,79.7,ブレイク接近,-11.1,0.74,103.4,5.0,True,2026-09-07,36.52000045776367,35.29999923706055
2026-09-07,2026-09-13T00:20:24.947788+00:00,TWI,NYSE,7.190000057220459,,,,,,,False,2026-09-07,8.350000381469727,7.159999847412109
2026-09-07,2026-09-13T00:20:24.947819+00:00,TWIN,NASDAQ,24.540000915527344,,,,,,,False,2026-09-07,24.899999618530277,23.51000022888184
2026-09-07,2026-09-13T00:20:24.947873+00:00,TXO,NYSE,15.4399995803833,62.5,ブレイク接近,0.0,1.13,295.3,9.0,True,2026-09-07,15.5600004196167,14.970000267028809
2026-09-07,2026-09-13T00:20:24.947887+00:00,UBSI,NASDAQ,47.220001220703125,,,,,,,False,2026-09-07,47.7400016784668,46.47999954223633
2026-09-07,2026-09-13T00:20:24.947926+00:00,UCB,NYSE,35.290000915527344,,,,,,,False,2026-09-07,35.709999084472656,34.689998626708984
2026-09-07,2026-09-13T00:20:24.947959+00:00,UGI,NYSE,37.9900016784668,,,,,,,False,2026-09-07,39.11000061035156,37.83000183105469
2026-09-07,2026-09-13T00:20:24.948015+00:00,UL,NYSE,62.02000045776367,70.4,底固め中,-14.7,0.97,42.0,13.0,True,2026-09-07,64.22000122070312,61.52000045776367
2026-09-07,2026-09-13T00:20:24.948028+00:00,ULTA,NASDAQ,546.780029296875,,,,,,,False,2026-09-07,564.8400268554688,530.7999877929688
2026-09-07,2026-09-13T00:20:24.948060+00:00,UMH,NYSE,15.510000228881836,,,,,,,False,2026-09-07,15.989999771118164,15.4399995803833
2026-09-07,2026-09-13T00:20:24.948090+00:00,UNP,NYSE,284.3999938964844,,,,,,,False,2026-09-07,291.07000732421875,282.9800109863281
2026-09-07,2026-09-13T00:20:24.948121+00:00,UNTY,NASDAQ,60.130001068115234,,,,,,,False,2026-09-07,61.22999954223633,58.2599983215332
2026-09-07,2026-09-13T00:20:24.948151+00:00,UPBD,NASDAQ,18.309999465942383,,,,,,,False,2026-09-07,18.90999984741211,17.790000915527344
2026-09-07,2026-09-13T00:20:24.948181+00:00,URBN,NASDAQ,78.58000183105469,,,,,,,False,2026-09-07,82.73999786376953,74.18000030517578
2026-09-07,2026-09-13T00:20:24.948212+00:00,USB,NYSE,62.84000015258789,,,,,,,False,2026-09-07,63.36000061035156,61.709999084472656
2026-09-07,2026-09-13T00:20:24.948246+00:00,USCB,NASDAQ,23.15999984741211,,,,,,,False,2026-09-07,23.530000686645508,22.51000022888184
2026-09-07,2026-09-13T00:20:24.948280+00:00,USFD,NYSE,95.33999633789062,,,,,,,False,2026-09-07,104.41500091552734,93.88999938964844
2026-09-07,2026-09-13T00:20:24.948313+00:00,USPH,NYSE,78.72000122070312,,,,,,,False,2026-09-07,79.5999984741211,76.97000122070312
2026-09-07,2026-09-13T00:20:24.948367+00:00,UTZ,NYSE,14.279999732971191,76.5,ブレイク接近,0.0,0.61,285.7,12.0,True,2026-09-07,14.279999732971191,14.199999809265137
2026-09-07,2026-09-13T00:20:24.948381+00:00,V,NYSE,370.4500122070313,,,,,,,False,2026-09-07,373.5,365.5199890136719
2026-09-07,2026-09-13T00:20:24.948434+00:00,VEEV,NYSE,262.3999938964844,75.1,ブレイク接近,-11.4,0.79,251.9,6.0,True,2026-09-07,271.6499938964844,258.19000244140625
2026-09-07,2026-09-13T00:20:24.948448+00:00,VEON,NASDAQ,67.87000274658203,,,,,,,False,2026-09-07,69.5,63.9900016784668
2026-09-07,2026-09-13T00:20:24.948501+00:00,VLTO,NYSE,94.0999984741211,70.4,右肩上がり確認,-11.8,0.73,79.8,12.0,True,2026-09-07,96.43000030517578,92.91999816894533
2026-09-07,2026-09-13T00:20:24.948514+00:00,VOD,NASDAQ,17.399999618530273,,,,,,,False,2026-09-07,17.5,17.110000610351562
2026-09-07,2026-09-13T00:20:24.948568+00:00,VREX,NASDAQ,18.459999084472656,80.3,ブレイク接近,-0.3,1.15,223.9,6.0,True,2026-09-07,18.530000686645508,18.459999084472656
2026-09-07,2026-09-13T00:20:24.948582+00:00,VRSK,NASDAQ,176.1999969482422,,,,,,,False,2026-09-07,184.52999877929688,171.7899932861328
2026-09-07,2026-09-13T00:20:24.948613+00:00,VRTX,NASDAQ,515.4400024414062,,,,,,,False,2026-09-07,535.0,511.80999755859375
2026-09-07,2026-09-13T00:20:24.948643+00:00,VSEC,NASDAQ,194.97999572753903,,,,,,,False,2026-09-07,211.6699981689453,190.80999755859372
2026-09-07,2026-09-13T00:20:24.948674+00:00,VYX,NYSE,8.550000190734863,,,,,,,False,2026-09-07,9.229999542236328,8.069999694824219
2026-09-07,2026-09-13T00:20:24.948710+00:00,VZ,NYSE,50.61000061035156,,,,,,,False,2026-09-07,50.81999969482422,48.81999969482422
2026-09-07,2026-09-13T00:20:24.948741+00:00,VZLA,NYSE American,3.9700000286102295,,,,,,,False,2026-09-07,4.184999942779541,3.890000104904175
2026-09-07,2026-09-13T00:20:24.948771+00:00,WASH,NASDAQ,39.9900016784668,,,,,,,False,2026-09-07,40.27999877929688,39.040000915527344
2026-09-07,2026-09-13T00:20:24.948827+00:00,WBD,NASDAQ,28.040000915527344,72.9,右肩上がり確認,-6.5,0.78,76.2,22.0,True,2026-09-07,28.600000381469727,27.90999984741211
2026-09-07,2026-09-13T00:20:24.948841+00:00,WCN,NYSE,159.74000549316406,,,,,,,False,2026-09-07,164.3800048828125,158.85000610351562
2026-09-07,2026-09-13T00:20:24.948872+00:00,WFC,NYSE,90.29000091552734,,,,,,,False,2026-09-07,91.16000366210938,87.19999694824219
2026-09-07,2026-09-13T00:20:24.948902+00:00,WFG,NYSE,69.04000091552734,,,,,,,False,2026-09-07,69.19000244140625,67.41999816894531
2026-09-07,2026-09-13T00:20:24.948942+00:00,WHD,NYSE,69.54000091552734,,,,,,,False,2026-09-07,71.38999938964844,67.9000015258789
2026-09-07,2026-09-13T00:20:24.948996+00:00,WK,NYSE,71.86000061035156,78.7,ブレイク接近,-22.4,0.91,139.7,7.0,True,2026-09-07,75.30000305175781,70.69999694824219
2026-09-07,2026-09-13T00:20:24.949010+00:00,WMS,NYSE,127.87999725341795,,,,,,,False,2026-09-07,136.05999755859375,126.3949966430664
2026-09-07,2026-09-13T00:20:24.949040+00:00,WPP,NYSE,24.96999931335449,,,,,,,False,2026-09-07,25.59000015258789,24.5049991607666
2026-09-07,2026-09-13T00:20:24.949070+00:00,WSBC,NASDAQ,40.18000030517578,,,,,,,False,2026-09-07,41.38999938964844,39.59000015258789
2026-09-07,2026-09-13T00:20:24.949100+00:00,WSM,NYSE,226.22999572753903,,,,,,,False,2026-09-07,230.8999938964844,221.1499938964844
2026-09-07,2026-09-13T00:20:24.949130+00:00,WTBA,NASDAQ,29.3700008392334,,,,,,,False,2026-09-07,29.5,28.63999938964844
2026-09-07,2026-09-13T00:20:24.949160+00:00,WTW,NASDAQ,315.6099853515625,,,,,,,False,2026-09-07,330.6499938964844,311.4800109863281
2026-09-07,2026-09-13T00:20:24.949191+00:00,WWW,NYSE,19.93000030517578,,,,,,,False,2026-09-07,20.770000457763672,19.18000030517578
2026-09-07,2026-09-13T00:20:24.949221+00:00,WY,NYSE,22.059999465942383,,,,,,,False,2026-09-07,22.940000534057617,21.82999992370605
2026-09-07,2026-09-13T00:20:24.949252+00:00,XNCR,NASDAQ,24.40999984741211,,,,,,,False,2026-09-07,26.48500061035156,23.86000061035156
2026-09-07,2026-09-13T00:20:24.949283+00:00,YMM,NYSE,8.170000076293945,,,,,,,False,2026-09-07,8.595000267028809,8.104999542236328
2026-09-07,2026-09-13T00:20:24.949336+00:00,YORW,NASDAQ,33.16999816894531,67.2,ブレイク接近,-2.8,0.78,114.1,17.0,True,2026-09-07,34.27000045776367,33.0
2026-09-07,2026-09-13T00:20:24.949350+00:00,ZBH,NYSE,93.48999786376952,,,,,,,False,2026-09-07,97.2300033569336,91.4499969482422
2026-09-07,2026-09-13T00:20:24.949380+00:00,ZBIO,NASDAQ,31.1200008392334,,,,,,,False,2026-09-07,33.84000015258789,30.729999542236328
2026-09-07,2026-09-13T00:20:24.949411+00:00,ZBRA,NASDAQ,350.3699951171875,,,,,,,False,2026-09-07,359.5799865722656,336.3999938964844
2026-09-07,2026-09-13T00:20:24.949464+00:00,ZIM,NYSE,29.56999969482422,83.5,ブレイク接近,0.0,1.5,126.0,8.0,True,2026-09-07,30.399999618530277,28.850000381469727
2026-09-07,2026-09-13T00:20:24.949478+00:00,ZWS,NYSE,46.18000030517578,,,,,,,False,2026-09-07,48.18000030517578,45.400001525878906
2026-09-14,2026-09-20T03:19:32.005541+00:00,AB,NYSE,36.310001373291016,,,,,,,False,2026-09-14,36.5,35.290000915527344
2026-09-14,2026-09-20T03:19:32.005711+00:00,ABG,NYSE,183.05999755859375,,,,,,,False,2026-09-14,211.52999877929688,177.75999450683594
2026-09-14,2026-09-20T03:19:32.005791+00:00,ABM,NYSE,49.77000045776367,,,,,,,False,2026-09-14,51.04999923706055,48.54999923706055
2026-09-14,2026-09-20T03:19:32.005863+00:00,ABT,NYSE,102.61000061035156,,,,,,,False,2026-09-14,104.44000244140625,100.33000183105469
2026-09-14,2026-09-20T03:19:32.005965+00:00,ACAD,NASDAQ,27.290000915527344,,,,,,,False,2026-09-14,28.100000381469727,26.639999389648438
2026-09-14,2026-09-20T03:19:32.006091+00:00,ACFN,NASDAQ,22.209999084472656,85.6,ブレイク接近,-24.1,3.04,122.0,7,True,2026-09-14,22.299999237060547,19.280000686645508
2026-09-14,2026-09-20T03:19:32.006129+00:00,ADPT,NASDAQ,28.610000610351562,,,,,,,False,2026-09-14,28.719999313354492,23.96500015258789
2026-09-14,2026-09-20T03:19:32.006203+00:00,ADSK,NASDAQ,216.9499969482422,,,,,,,False,2026-09-14,232.63999938964844,216.07000732421875
2026-09-14,2026-09-20T03:19:32.006280+00:00,ADT,NYSE,6.900000095367432,,,,,,,False,2026-09-14,7.224999904632568,6.869999885559082
2026-09-14,2026-09-20T03:19:32.006349+00:00,ADUS,NASDAQ,117.06999969482422,,,,,,,False,2026-09-14,119.44999694824219,114.13999938964844
2026-09-14,2026-09-20T03:19:32.006415+00:00,AER,NYSE,141.63999938964844,,,,,,,False,2026-09-14,144.5500030517578,136.77000427246094
2026-09-14,2026-09-20T03:19:32.006479+00:00,AES,NYSE,14.829999923706055,,,,,,,False,2026-09-14,14.880000114440918,14.800000190734863
2026-09-14,2026-09-20T03:19:32.006592+00:00,AGCO,NYSE,119.79000091552734,88.0,底固め中,-14.3,1.74,53.6,5,True,2026-09-14,125.5999984741211,118.0
2026-09-14,2026-09-20T03:19:32.006617+00:00,AGM,NYSE,220.94000244140625,,,,,,,False,2026-09-14,226.47000122070312,216.27000427246094
2026-09-14,2026-09-20T03:19:32.006682+00:00,AGNC,NASDAQ,9.869999885559082,,,,,,,False,2026-09-14,10.199999809265137,9.789999961853027
2026-09-14,2026-09-20T03:19:32.006746+00:00,AIR,NYSE,112.7699966430664,,,,,,,False,2026-09-14,122.5,110.36000061035156
2026-09-14,2026-09-20T03:19:32.006810+00:00,AJG,NYSE,239.47999572753906,,,,,,,False,2026-09-14,254.58999633789062,238.75
2026-09-14,2026-09-20T03:19:32.006873+00:00,ALG,NYSE,166.64999389648438,,,,,,,False,2026-09-14,171.77000427246094,165.5
2026-09-14,2026-09-20T03:19:32.006967+00:00,ALGT,NASDAQ,78.16000366210938,,,,,,,False,2026-09-14,82.25,76.0
2026-09-14,2026-09-20T03:19:32.007034+00:00,ALLE,NYSE,152.27999877929688,,,,,,,False,2026-09-14,156.49000549316406,151.14999389648438
2026-09-14,2026-09-20T03:19:32.007098+00:00,ALRM,NASDAQ,53.959999084472656,,,,,,,False,2026-09-14,56.939998626708984,53.29999923706055
2026-09-14,2026-09-20T03:19:32.007160+00:00,AMAL,NASDAQ,47.400001525878906,,,,,,,False,2026-09-14,48.560001373291016,45.7400016784668
2026-09-14,2026-09-20T03:19:32.007223+00:00,AMBA,NASDAQ,66.1500015258789,,,,,,,False,2026-09-14,68.98999786376953,61.90999984741211
2026-09-14,2026-09-20T03:19:32.007286+00:00,AMBP,NYSE,4.630000114440918,,,,,,,False,2026-09-14,4.849999904632568,4.489999771118164
2026-09-14,2026-09-20T03:19:32.007347+00:00,AMCR,NYSE,41.900001525878906,,,,,,,False,2026-09-14,42.869998931884766,41.70000076293945
2026-09-14,2026-09-20T03:19:32.007409+00:00,AME,NYSE,237.63999938964844,,,,,,,False,2026-09-14,238.6699981689453,230.00999450683594
2026-09-14,2026-09-20T03:19:32.007471+00:00,AMGN,NASDAQ,385.6499938964844,,,,,,,False,2026-09-14,386.5,374.4599914550781
2026-09-14,2026-09-20T03:19:32.007533+00:00,AMP,NYSE,544.3300170898438,,,,,,,False,2026-09-14,562.3499755859375,531.6099853515625
2026-09-14,2026-09-20T03:19:32.007595+00:00,AMRX,NASDAQ,18.709999084472656,,,,,,,False,2026-09-14,19.18000030517578,16.559999465942383
2026-09-14,2026-09-20T03:19:32.007658+00:00,AMTB,NYSE,29.799999237060547,,,,,,,False,2026-09-14,29.90999984741211,28.510000228881836
2026-09-14,2026-09-20T03:19:32.007723+00:00,AN,NYSE,168.2899932861328,,,,,,,False,2026-09-14,208.61000061035156,167.0500030517578
2026-09-14,2026-09-20T03:19:32.007787+00:00,ANNX,NASDAQ,4.230000019073486,,,,,,,False,2026-09-14,4.309999942779541,3.7899999618530273
2026-09-14,2026-09-20T03:19:32.007851+00:00,AON,NYSE,295.6400146484375,,,,,,,False,2026-09-14,312.3900146484375,293.0
2026-09-14,2026-09-20T03:19:32.007940+00:00,APAM,NYSE,36.68000030517578,,,,,,,False,2026-09-14,38.45000076293945,35.810001373291016
2026-09-14,2026-09-20T03:19:32.008008+00:00,APH,NYSE,77.55000305175781,,,,,,,False,2026-09-14,81.5999984741211,76.73999786376953
2026-09-14,2026-09-20T03:19:32.008072+00:00,APO,NYSE,125.91000366210938,,,,,,,False,2026-09-14,130.0,122.72000122070312
2026-09-14,2026-09-20T03:19:32.008181+00:00,ARLP,NASDAQ,25.8700008392334,74.4,右肩上がり確認,-6.4,0.74,62.2,14,True,2026-09-14,26.559999465942383,25.700000762939453
2026-09-14,2026-09-20T03:19:32.008205+00:00,AS,NYSE,26.729999542236328,,,,,,,False,2026-09-14,28.18000030517578,26.100000381469727
2026-09-14,2026-09-20T03:19:32.008267+00:00,ASB,NYSE,29.65999984741211,,,,,,,False,2026-09-14,30.43000030517578,29.149999618530273
2026-09-14,2026-09-20T03:19:32.008330+00:00,ATAI,NASDAQ,7.349999904632568,,,,,,,False,2026-09-07,7.400000095367432,7.230000019073486
2026-09-14,2026-09-20T03:19:32.008392+00:00,ATHM,NYSE,20.979999542236328,,,,,,,False,2026-09-14,21.889999389648438,20.959999084472656
2026-09-14,2026-09-20T03:19:32.008455+00:00,ATNI,NASDAQ,28.729999542236328,,,,,,,False,2026-09-14,30.739999771118164,28.229999542236328
2026-09-14,2026-09-20T03:19:32.008518+00:00,ATR,NYSE,124.44000244140625,,,,,,,False,2026-09-14,126.25,123.19999694824219
2026-09-14,2026-09-20T03:19:32.008582+00:00,ATRC,NASDAQ,58.099998474121094,,,,,,,False,2026-09-14,59.880001068115234,54.650001525878906
2026-09-14,2026-09-20T03:19:32.008645+00:00,AUB,NYSE,39.029998779296875,,,,,,,False,2026-09-14,40.349998474121094,38.459999084472656
2026-09-14,2026-09-20T03:19:32.008707+00:00,AVNT,NYSE,40.36000061035156,,,,,,,False,2026-09-14,41.95000076293945,39.720001220703125
2026-09-14,2026-09-20T03:19:32.008816+00:00,AVY,NYSE,167.7100067138672,76.7,底固め中,-13.4,1.74,34.7,16,True,2026-09-14,174.6300048828125,167.69000244140625
2026-09-14,2026-09-20T03:19:32.008841+00:00,AWI,NYSE,159.6300048828125,,,,,,,False,2026-09-14,163.61000061035156,156.91000366210938
2026-09-14,2026-09-20T03:19:32.008927+00:00,AX,NYSE,90.79000091552734,,,,,,,False,2026-09-14,94.4800033569336,90.2300033569336
2026-09-14,2026-09-20T03:19:32.008994+00:00,AXP,NYSE,311.55999755859375,,,,,,,False,2026-09-14,328.30999755859375,308.6700134277344
2026-09-14,2026-09-20T03:19:32.009056+00:00,AXTA,NYSE,32.20000076293945,,,,,,,False,2026-09-14,33.85499954223633,32.06999969482422
2026-09-14,2026-09-20T03:19:32.009120+00:00,B,NYSE,43.33000183105469,,,,,,,False,2026-09-14,44.02000045776367,41.880001068115234
2026-09-14,2026-09-20T03:19:32.009183+00:00,BAC,NYSE,57.72999954223633,,,,,,,False,2026-09-14,62.439998626708984,57.18000030517578
2026-09-14,2026-09-20T03:19:32.009245+00:00,BAM,NYSE,46.060001373291016,,,,,,,False,2026-09-14,47.470001220703125,44.650001525878906
2026-09-14,2026-09-20T03:19:32.009308+00:00,BANF,NASDAQ,108.29000091552734,,,,,,,False,2026-09-14,112.5199966430664,107.58000183105469
2026-09-14,2026-09-20T03:19:32.009371+00:00,BANR,NASDAQ,70.7300033569336,,,,,,,False,2026-09-14,72.58999633789062,69.91000366210938
2026-09-14,2026-09-20T03:19:32.009432+00:00,BAP,NYSE,381.8299865722656,,,,,,,False,2026-09-14,387.0400085449219,369.7099914550781
2026-09-14,2026-09-20T03:19:32.009493+00:00,BBDC,NYSE,8.739999771118164,,,,,,,False,2026-09-14,9.069999694824219,8.619999885559082
2026-09-14,2026-09-20T03:19:32.009555+00:00,BBT,NYSE,30.829999923706055,,,,,,,False,2026-09-14,31.719999313354492,30.5
2026-09-14,2026-09-20T03:19:32.009618+00:00,BBVA,NYSE,28.360000610351562,,,,,,,False,2026-09-14,29.229999542236328,27.940000534057617
2026-09-14,2026-09-20T03:19:32.009679+00:00,BBY,NYSE,92.8499984741211,,,,,,,False,2026-09-14,95.8499984741211,90.52999877929688
2026-09-14,2026-09-20T03:19:32.009740+00:00,BCC,NYSE,75.69000244140625,,,,,,,False,2026-09-14,77.02999877929688,74.2699966430664
2026-09-14,2026-09-20T03:19:32.009801+00:00,BCE,NYSE,22.059999465942383,,,,,,,False,2026-09-14,23.65999984741211,21.78499984741211
2026-09-14,2026-09-20T03:19:32.009862+00:00,BCH,NYSE,40.79999923706055,,,,,,,False,2026-09-14,41.849998474121094,40.25
2026-09-14,2026-09-20T03:19:32.009949+00:00,BCO,NYSE,106.12000274658203,,,,,,,False,2026-09-14,113.88999938964844,105.2750015258789
2026-09-14,2026-09-20T03:19:32.010015+00:00,BCPC,NASDAQ,167.0500030517578,,,,,,,False,2026-09-14,170.3699951171875,163.88999938964844
2026-09-14,2026-09-20T03:19:32.010078+00:00,BCX,NYSE,12.470000267028809,,,,,,,False,2026-09-14,13.0,12.300000190734863
2026-09-14,2026-09-20T03:19:32.010138+00:00,BDC,NYSE,110.91999816894531,,,,,,,False,2026-09-14,117.52999877929688,110.83000183105469
2026-09-14,2026-09-20T03:19:32.010200+00:00,BDJ,NYSE,9.59000015258789,,,,,,,False,2026-09-14,9.84000015258789,9.51990032196045
2026-09-14,2026-09-20T03:19:32.010310+00:00,BDX,NYSE,180.94000244140625,79.3,ブレイク接近,-5.2,0.97,124.9,14,True,2026-09-14,186.6300048828125,179.4199981689453
2026-09-14,2026-09-20T03:19:32.010334+00:00,BEKE,NYSE,16.280000686645508,,,,,,,False,2026-09-14,16.920000076293945,15.859999656677246
2026-09-14,2026-09-20T03:19:32.010399+00:00,BFC,NASDAQ,152.22000122070312,,,,,,,False,2026-09-14,155.17999267578125,149.00999450683594
2026-09-14,2026-09-20T03:19:32.010462+00:00,BFST,NASDAQ,30.81999969482422,,,,,,,False,2026-09-14,31.729999542236328,30.489999771118164
2026-09-14,2026-09-20T03:19:32.010524+00:00,BGT,NYSE,10.75,,,,,,,False,2026-09-14,10.989999771118164,10.670000076293945
2026-09-14,2026-09-20T03:19:32.010588+00:00,BGY,NYSE,5.78000020980835,,,,,,,False,2026-09-14,5.840000152587891,5.670000076293945
2026-09-14,2026-09-20T03:19:32.010650+00:00,BHB,NYSE American,40.04999923706055,,,,,,,False,2026-09-14,41.119998931884766,39.439998626708984
2026-09-14,2026-09-20T03:19:32.010713+00:00,BHRB,NASDAQ,69.9000015258789,,,,,,,False,2026-09-14,72.80000305175781,69.51000213623047
2026-09-14,2026-09-20T03:19:32.010776+00:00,BIO,NYSE,376.4100036621094,,,,,,,False,2026-09-14,385.7099914550781,365.6600036621094
2026-09-14,2026-09-20T03:19:32.010838+00:00,BIPC,NYSE,36.38999938964844,,,,,,,False,2026-09-14,36.970001220703125,35.099998474121094
2026-09-14,2026-09-20T03:19:32.010924+00:00,BKNG,NASDAQ,167.89999389648438,,,,,,,False,2026-09-14,182.0,166.89999389648438
2026-09-14,2026-09-20T03:19:32.011039+00:00,BLCO,NYSE,16.850000381469727,72.1,底固め中,-7.9,1.0,57.7,8,True,2026-09-14,17.65999984741211,16.600000381469727
2026-09-14,2026-09-20T03:19:32.011112+00:00,BLTE,NASDAQ,170.9600067138672,87.4,右肩上がり確認,-11.7,1.05,63.5,7,True,2026-09-14,178.0449981689453,166.25999450683594
2026-09-14,2026-09-20T03:19:32.011135+00:00,BLW,NYSE,11.970000267028809,,,,,,,False,2026-09-14,12.369999885559082,11.9399995803833
2026-09-14,2026-09-20T03:19:32.011198+00:00,BME,NYSE,44.4900016784668,,,,,,,False,2026-09-14,44.91999816894531,43.849998474121094
2026-09-14,2026-09-20T03:19:32.011260+00:00,BMEZ,NYSE,16.5,,,,,,,False,2026-09-14,16.690000534057617,15.930000305175781
2026-09-14,2026-09-20T03:19:32.011323+00:00,BMRC,NASDAQ,28.229999542236328,,,,,,,False,2026-09-14,28.809999465942383,27.360000610351562
2026-09-14,2026-09-20T03:19:32.011385+00:00,BMRN,NASDAQ,63.939998626708984,,,,,,,False,2026-09-14,66.87999725341797,63.84000015258789
2026-09-14,2026-09-20T03:19:32.011492+00:00,BMY,NYSE,63.060001373291016,68.0,右肩上がり確認,-5.9,0.89,126.4,11,True,2026-09-14,65.29000091552734,62.189998626708984
2026-09-14,2026-09-20T03:19:32.011516+00:00,BNTC,NASDAQ,11.020000457763672,,,,,,,False,2026-09-14,12.414999961853027,10.859999656677246
2026-09-14,2026-09-20T03:19:32.011578+00:00,BNTX,NASDAQ,96.05999755859375,,,,,,,False,2026-09-14,103.0,95.31500244140625
2026-09-14,2026-09-20T03:19:32.011638+00:00,BOE,NYSE,12.1899995803833,,,,,,,False,2026-09-14,12.289999961853027,12.0600004196167
2026-09-14,2026-09-20T03:19:32.011700+00:00,BOKF,NASDAQ,132.75,,,,,,,False,2026-09-14,137.36000061035156,131.02000427246094
2026-09-14,2026-09-20T03:19:32.011806+00:00,BR,NYSE,163.1300048828125,71.4,底固め中,-29.3,0.93,46.6,7,True,2026-09-14,175.1999969482422,162.2899932861328
2026-09-14,2026-09-20T03:19:32.011830+00:00,BRBS,NYSE American,3.950000047683716,,,,,,,False,2026-09-14,4.170000076293945,3.8812999725341797
2026-09-14,2026-09-20T03:19:32.011930+00:00,BRO,NYSE,65.0199966430664,,,,,,,False,2026-09-14,68.69999694824219,64.4000015258789
2026-09-14,2026-09-20T03:19:32.012019+00:00,BSAC,NYSE,33.84000015258789,,,,,,,False,2026-09-14,35.0099983215332,33.56999969482422
2026-09-14,2026-09-20T03:19:32.012085+00:00,BSET,NASDAQ,17.790000915527344,,,,,,,False,2026-09-14,17.799999237060547,16.860000610351562
2026-09-14,2026-09-20T03:19:32.012194+00:00,BSM,NYSE,14.819999694824219,73.8,ブレイク接近,-1.1,1.11,106.2,16,True,2026-09-14,15.199999809265137,14.670000076293945
2026-09-14,2026-09-20T03:19:32.012217+00:00,BSVN,NASDAQ,54.150001525878906,,,,,,,False,2026-09-14,57.279998779296875,53.5099983215332
2026-09-14,2026-09-20T03:19:32.012278+00:00,BTU,NYSE,25.219999313354492,,,,,,,False,2026-09-14,28.450000762939453,25.049999237060547
2026-09-14,2026-09-20T03:19:32.012340+00:00,BTZ,NYSE,9.649999618530273,,,,,,,False,2026-09-14,9.729999542236328,9.510000228881836
2026-09-14,2026-09-20T03:19:32.012409+00:00,BULL,NASDAQ,8.25,,,,,,,False,2026-09-14,9.359999656677246,7.625
2026-09-14,2026-09-20T03:19:32.012482+00:00,BVN,NYSE,34.33000183105469,,,,,,,False,2026-09-14,34.959999084472656,32.2400016784668
2026-09-14,2026-09-20T03:19:32.012544+00:00,BWB,NASDAQ,20.790000915527344,,,,,,,False,2026-09-14,21.6299991607666,20.520000457763672
2026-09-14,2026-09-20T03:19:32.012606+00:00,BWMN,NASDAQ,42.459999084472656,,,,,,,False,2026-09-14,42.54999923706055,42.38999938964844
2026-09-14,2026-09-20T03:19:32.012666+00:00,BX,NYSE,124.95999908447266,,,,,,,False,2026-09-14,129.5800018310547,121.41999816894531
2026-09-14,2026-09-20T03:19:32.012727+00:00,BY,NYSE,37.52000045776367,,,,,,,False,2026-09-14,39.11600112915039,37.130001068115234
2026-09-14,2026-09-20T03:19:32.012832+00:00,BZ,NASDAQ,14.800000190734863,72.2,底固め中,-36.5,2.95,58.4,15,True,2026-09-14,16.030000686645508,14.75
2026-09-14,2026-09-20T03:19:32.012856+00:00,CAC,NASDAQ,57.54999923706055,,,,,,,False,2026-09-14,58.689998626708984,56.25
2026-09-14,2026-09-20T03:19:32.012991+00:00,CACI,NYSE,626.8499755859375,89.4,ブレイク接近,-6.5,1.04,106.7,7,True,2026-09-14,646.1199951171875,614.7999877929688
2026-09-14,2026-09-20T03:19:32.013017+00:00,CBAN,NYSE,20.709999084472656,,,,,,,False,2026-09-14,21.709999084472656,20.5
2026-09-14,2026-09-20T03:19:32.013080+00:00,CBNK,NASDAQ,35.869998931884766,,,,,,,False,2026-09-14,36.77000045776367,35.5
2026-09-14,2026-09-20T03:19:32.013141+00:00,CBSH,NASDAQ,57.09000015258789,,,,,,,False,2026-09-14,59.099998474121094,56.650001525878906
2026-09-14,2026-09-20T03:19:32.013203+00:00,CCC,NASDAQ,6.550000190734863,,,,,,,False,2026-09-14,7.079999923706055,6.239999771118164
2026-09-14,2026-09-20T03:19:32.013264+00:00,CCEP,NASDAQ,99.7699966430664,,,,,,,False,2026-09-14,105.19999694824219,99.36000061035156
2026-09-14,2026-09-20T03:19:32.013325+00:00,CCK,NYSE,109.19999694824219,,,,,,,False,2026-09-14,114.27999877929688,109.06999969482422
2026-09-14,2026-09-20T03:19:32.013385+00:00,CCU,NYSE,11.239999771118164,,,,,,,False,2026-09-14,11.680000305175781,11.210000038146973
2026-09-14,2026-09-20T03:19:32.013444+00:00,CDRE,NYSE,26.290000915527344,,,,,,,False,2026-09-14,28.760000228881836,25.899999618530273
2026-09-14,2026-09-20T03:19:32.013504+00:00,CFBK,NASDAQ,34.5,,,,,,,False,2026-09-14,38.11000061035156,34.08000183105469
2026-09-14,2026-09-20T03:19:32.013565+00:00,CFG,NYSE,67.04000091552734,,,,,,,False,2026-09-14,71.11000061035156,65.66000366210938
2026-09-14,2026-09-20T03:19:32.013626+00:00,CFR,NYSE,159.8000030517578,,,,,,,False,2026-09-14,165.39999389648438,157.5500030517578
2026-09-14,2026-09-20T03:19:32.013687+00:00,CG,NASDAQ,40.099998474121094,,,,,,,False,2026-09-14,42.810001373291016,39.15999984741211
2026-09-14,2026-09-20T03:19:32.013749+00:00,CHCO,NASDAQ,143.2100067138672,,,,,,,False,2026-09-14,146.02000427246094,141.3000030517578
2026-09-14,2026-09-20T03:19:32.013809+00:00,CHD,NYSE,94.75,,,,,,,False,2026-09-14,96.27999877929688,93.37999725341797
2026-09-14,2026-09-20T03:19:32.013869+00:00,CHE,NYSE,504.05999755859375,,,,,,,False,2026-09-14,521.5,498.2300109863281
2026-09-14,2026-09-20T03:19:32.013957+00:00,CLMB,NASDAQ,27.899999618530273,,,,,,,False,2026-09-14,28.760000228881836,27.200000762939453
2026-09-14,2026-09-20T03:19:32.014021+00:00,CLW,NYSE,20.889999389648438,,,,,,,False,2026-09-14,21.600000381469727,20.260000228881836
2026-09-14,2026-09-20T03:19:32.014083+00:00,CLX,NYSE,83.0999984741211,,,,,,,False,2026-09-14,89.91999816894531,83.08999633789062
2026-09-14,2026-09-20T03:19:32.014147+00:00,CMC,NYSE,64.5,,,,,,,False,2026-09-14,67.91999816894531,64.43000030517578
2026-09-14,2026-09-20T03:19:32.014211+00:00,CMCO,NASDAQ,15.760000228881836,,,,,,,False,2026-09-14,17.350000381469727,15.399999618530273
2026-09-14,2026-09-20T03:19:32.014273+00:00,CNH,NYSE,13.449999809265137,,,,,,,False,2026-09-14,14.359999656677246,13.279999732971191
2026-09-14,2026-09-20T03:19:32.014378+00:00,CNR,NYSE,91.08000183105469,70.1,底固め中,-19.4,0.91,35.0,11,True,2026-09-14,97.51000213623047,89.88999938964844
2026-09-14,2026-09-20T03:19:32.014402+00:00,COF,NYSE,202.42999267578125,,,,,,,False,2026-09-14,208.86000061035156,200.27999877929688
2026-09-14,2026-09-20T03:19:32.014463+00:00,COKE,NASDAQ,192.0800018310547,,,,,,,False,2026-09-14,202.0,190.8000030517578
2026-09-14,2026-09-20T03:19:32.014524+00:00,COO,NASDAQ,55.290000915527344,,,,,,,False,2026-09-14,55.91999816894531,52.779998779296875
2026-09-14,2026-09-20T03:19:32.014583+00:00,COR,NYSE,308.7799987792969,,,,,,,False,2026-09-14,327.7900085449219,304.45001220703125
2026-09-14,2026-09-20T03:19:32.014645+00:00,CP,NYSE,87.4800033569336,,,,,,,False,2026-09-14,90.25,87.1500015258789
2026-09-14,2026-09-20T03:19:32.014707+00:00,CPK,NYSE,131.3800048828125,,,,,,,False,2026-09-14,131.8000030517578,127.5
2026-09-14,2026-09-20T03:19:32.014769+00:00,CPS,NYSE,22.899999618530273,,,,,,,False,2026-09-14,24.299999237060547,22.200000762939453
2026-09-14,2026-09-20T03:19:32.014842+00:00,CR,NYSE,197.6199951171875,,,,,,,False,2026-09-14,201.58999633789062,194.55999755859375
2026-09-14,2026-09-20T03:19:32.014929+00:00,CRAI,NASDAQ,165.3800048828125,,,,,,,False,2026-09-14,170.1999969482422,161.27000427246094
2026-09-14,2026-09-20T03:19:32.014996+00:00,CRCT,NASDAQ,5.639999866485596,,,,,,,False,2026-09-14,5.730000019073486,5.519999980926514
2026-09-14,2026-09-20T03:19:32.015103+00:00,CRESY,NASDAQ,12.760000228881836,74.3,ブレイク接近,-5.6,1.07,109.0,18,True,2026-09-14,12.890000343322754,11.760000228881836
2026-09-14,2026-09-20T03:19:32.015127+00:00,CRL,NYSE,278.05999755859375,,,,,,,False,2026-09-14,285.5799865722656,267.2699890136719
2026-09-14,2026-09-20T03:19:32.015188+00:00,CRM,NYSE,237.9199981689453,,,,,,,False,2026-09-14,262.3399963378906,236.5449981689453
2026-09-14,2026-09-20T03:19:32.015249+00:00,CRNX,NASDAQ,84.94999694824219,,,,,,,False,2026-08-31,85.01000213623047,84.91999816894531
2026-09-14,2026-09-20T03:19:32.015309+00:00,CRON,NASDAQ,3.3499999046325684,,,,,,,False,2026-09-14,3.4100000858306885,3.0899999141693115
2026-09-14,2026-09-20T03:19:32.015371+00:00,CRSP,NASDAQ,56.560001373291016,,,,,,,False,2026-09-14,59.34000015258789,51.33000183105469
2026-09-14,2026-09-20T03:19:32.015433+00:00,CSL,NYSE,314.70001220703125,,,,,,,False,2026-09-14,333.4200134277344,313.69000244140625
2026-09-14,2026-09-20T03:19:32.015495+00:00,CSW,NYSE,287.67999267578125,,,,,,,False,2026-09-14,299.9800109863281,283.7099914550781
2026-09-14,2026-09-20T03:19:32.015557+00:00,CTAS,NASDAQ,197.63999938964844,,,,,,,False,2026-09-14,204.6199951171875,195.10000610351562
2026-09-14,2026-09-20T03:19:32.015618+00:00,CTBI,NASDAQ,75.93000030517578,,,,,,,False,2026-09-14,78.16000366210938,74.5
2026-09-14,2026-09-20T03:19:32.015723+00:00,CTNM,NASDAQ,13.529999732971191,63.1,底固め中,-21.3,1.43,53.0,4,True,2026-09-14,15.510000228881836,12.859999656677246
2026-09-14,2026-09-20T03:19:32.015747+00:00,CTRN,NASDAQ,55.38999938964844,,,,,,,False,2026-09-14,60.5099983215332,55.279998779296875
2026-09-14,2026-09-20T03:19:32.015809+00:00,CVBF,NASDAQ,22.700000762939453,,,,,,,False,2026-09-14,23.040000915527344,22.309999465942383
2026-09-14,2026-09-20T03:19:32.015870+00:00,CZFS,NASDAQ,81.3499984741211,,,,,,,False,2026-09-14,83.8499984741211,80.01000213623047
2026-09-14,2026-09-20T03:19:32.015957+00:00,CZNC,NASDAQ,25.809999465942383,,,,,,,False,2026-09-14,26.3700008392334,25.450000762939453
2026-09-14,2026-09-20T03:19:32.016020+00:00,DAKT,NASDAQ,17.40999984741211,,,,,,,False,2026-09-14,18.31999969482422,17.270000457763672
2026-09-14,2026-09-20T03:19:32.016082+00:00,DASH,NASDAQ,192.94000244140625,,,,,,,False,2026-09-14,204.08999633789062,192.35000610351562
2026-09-14,2026-09-20T03:19:32.016143+00:00,DCH,NYSE,5.889999866485596,,,,,,,False,2026-09-14,6.400000095367432,5.820000171661377
2026-09-14,2026-09-20T03:19:32.016205+00:00,DCI,NYSE,86.44000244140625,,,,,,,False,2026-09-14,89.02999877929688,85.23999786376953
2026-09-14,2026-09-20T03:19:32.016267+00:00,DD,NYSE,129.00999450683594,,,,,,,False,2026-09-14,129.82000732421875,122.80000305175781
2026-09-14,2026-09-20T03:19:32.016373+00:00,DDS,NYSE,636.260009765625,78.0,ブレイク接近,-6.5,1.46,137.8,10,True,2026-09-14,665.25,620.3800048828125
2026-09-14,2026-09-20T03:19:32.016397+00:00,DE,NYSE,683.989990234375,,,,,,,False,2026-09-14,689.3699951171875,665.4500122070312
2026-09-14,2026-09-20T03:19:32.016459+00:00,DEO,NYSE,85.58999633789062,,,,,,,False,2026-09-14,89.45999908447266,85.5199966430664
2026-09-14,2026-09-20T03:19:32.016521+00:00,DGICA,NASDAQ,18.729999542236328,,,,,,,False,2026-09-14,19.709999084472656,18.5
2026-09-14,2026-09-20T03:19:32.016615+00:00,DGX,NYSE,246.4499969482422,,,,,,,False,2026-09-14,248.6999969482422,234.6699981689453
2026-09-14,2026-09-20T03:19:32.016684+00:00,DIS,NYSE,102.66999816894531,,,,,,,False,2026-09-14,109.41999816894531,102.37000274658203
2026-09-14,2026-09-20T03:19:32.016747+00:00,DJCO,NASDAQ,651.530029296875,,,,,,,False,2026-09-14,692.5,648.1900024414062
2026-09-14,2026-09-20T03:19:32.016853+00:00,DKL,NYSE,57.709999084472656,65.4,ブレイク接近,-2.5,2.15,240.2,17,True,2026-09-14,57.709999084472656,55.83000183105469
2026-09-14,2026-09-20T03:19:32.016899+00:00,DLTR,NASDAQ,111.95999908447266,,,,,,,False,2026-09-14,120.80000305175781,111.43000030517578
2026-09-14,2026-09-20T03:19:32.017016+00:00,DOCU,NASDAQ,69.06999969482422,69.7,ブレイク接近,-15.3,1.1,451.4,9,True,2026-09-14,74.06500244140625,66.44999694824219
2026-09-14,2026-09-20T03:19:32.017040+00:00,DOO,NASDAQ,58.0099983215332,,,,,,,False,2026-09-14,62.31999969482422,57.560001373291016
2026-09-14,2026-09-20T03:19:32.017103+00:00,DRI,NYSE,209.27999877929688,,,,,,,False,2026-09-14,219.69000244140625,205.6999969482422
2026-09-14,2026-09-20T03:19:32.017165+00:00,DSGX,NASDAQ,77.30000305175781,,,,,,,False,2026-09-14,81.25,75.47000122070312
2026-09-14,2026-09-20T03:19:32.017231+00:00,DX,NYSE,12.180000305175781,,,,,,,False,2026-09-14,12.569999694824219,12.029999732971191
2026-09-14,2026-09-20T03:19:32.017294+00:00,DXPE,NASDAQ,185.25999450683594,,,,,,,False,2026-09-14,188.7899932861328,177.36000061035156
2026-09-14,2026-09-20T03:19:32.017356+00:00,DYN,NASDAQ,17.110000610351562,,,,,,,False,2026-09-14,19.145000457763672,16.959999084472656
2026-09-14,2026-09-20T03:19:32.017417+00:00,EARN,NYSE,4.230000019073486,,,,,,,False,2026-09-14,4.340000152587891,4.099999904632568
2026-09-14,2026-09-20T03:19:32.017479+00:00,EAT,NYSE,196.7100067138672,,,,,,,False,2026-09-14,217.52999877929688,192.5
2026-09-14,2026-09-20T03:19:32.017541+00:00,EBC,NASDAQ,21.600000381469727,,,,,,,False,2026-09-14,22.100000381469727,21.15999984741211
2026-09-14,2026-09-20T03:19:32.017603+00:00,ECL,NYSE,269.4599914550781,,,,,,,False,2026-09-14,278.1499938964844,267.9100036621094
2026-09-14,2026-09-20T03:19:32.017664+00:00,EE,NYSE,36.02000045776367,,,,,,,False,2026-09-14,38.790000915527344,35.650001525878906
2026-09-14,2026-09-20T03:19:32.017726+00:00,EEFT,NASDAQ,66.02999877929688,,,,,,,False,2026-09-14,73.81999969482422,65.86499786376953
2026-09-14,2026-09-20T03:19:32.017787+00:00,EHC,NYSE,121.75,,,,,,,False,2026-09-14,124.77999877929688,119.69999694824219
2026-09-14,2026-09-20T03:19:32.017849+00:00,EMN,NYSE,65.69000244140625,,,,,,,False,2026-09-14,67.86000061035156,64.41999816894531
2026-09-14,2026-09-20T03:19:32.017934+00:00,EMR,NYSE,149.9199981689453,,,,,,,False,2026-09-14,149.99000549316406,144.39999389648438
2026-09-14,2026-09-20T03:19:32.018000+00:00,ENR,NYSE,21.3799991607666,,,,,,,False,2026-09-14,21.8700008392334,20.0
2026-09-14,2026-09-20T03:19:32.018063+00:00,EPAC,NYSE,35.36000061035156,,,,,,,False,2026-09-14,36.43000030517578,34.16999816894531
2026-09-14,2026-09-20T03:19:32.018123+00:00,EQBK,NYSE,49.029998779296875,,,,,,,False,2026-09-14,50.79999923706055,48.45000076293945
2026-09-14,2026-09-20T03:19:32.018184+00:00,EQH,NYSE,53.95000076293945,,,,,,,False,2026-09-14,55.060001373291016,52.86000061035156
2026-09-14,2026-09-20T03:19:32.018244+00:00,ERIE,NASDAQ,239.0500030517578,,,,,,,False,2026-09-14,254.5800018310547,238.80999755859375
2026-09-14,2026-09-20T03:19:32.018305+00:00,ERO,NYSE,34.16999816894531,,,,,,,False,2026-09-14,34.220001220703125,31.639999389648438
2026-09-14,2026-09-20T03:19:32.018365+00:00,ESNT,NYSE,67.19000244140625,,,,,,,False,2026-09-14,69.19000244140625,66.22000122070312
2026-09-14,2026-09-20T03:19:32.018425+00:00,ESQ,NASDAQ,123.19999694824219,,,,,,,False,2026-09-14,125.6500015258789,118.76499938964844
2026-09-14,2026-09-20T03:19:32.018487+00:00,EXLS,NASDAQ,35.150001525878906,,,,,,,False,2026-09-14,36.83000183105469,34.720001220703125
2026-09-14,2026-09-20T03:19:32.018593+00:00,EXPO,NASDAQ,68.30000305175781,71.3,右肩上がり確認,-13.2,0.94,81.2,4,True,2026-09-14,70.20999908447266,66.41500091552734
2026-09-14,2026-09-20T03:19:32.018617+00:00,EYPT,NASDAQ,3.8499999046325684,,,,,,,False,2026-09-14,4.340000152587891,3.4200000762939453
2026-09-14,2026-09-20T03:19:32.018678+00:00,FBIZ,NASDAQ,70.80000305175781,,,,,,,False,2026-09-14,73.73999786376953,70.23999786376953
2026-09-14,2026-09-20T03:19:32.018739+00:00,FBK,NYSE,53.36000061035156,,,,,,,False,2026-09-14,55.779998779296875,53.0
2026-09-14,2026-09-20T03:19:32.018803+00:00,FBNC,NASDAQ,63.380001068115234,,,,,,,False,2026-09-14,65.08000183105469,61.5
2026-09-14,2026-09-20T03:19:32.018921+00:00,FCF,NYSE,21.100000381469727,,,,,,,False,2026-09-14,21.639999389648438,20.850000381469727
2026-09-14,2026-09-20T03:19:32.019026+00:00,FCNCA,NASDAQ,2111.889892578125,,,,,,,False,2026-09-14,2197.68994140625,2060.02001953125
2026-09-14,2026-09-20T03:19:32.019107+00:00,FELE,NASDAQ,95.51000213623047,,,,,,,False,2026-09-14,97.68000030517578,95.41000366210938
2026-09-14,2026-09-20T03:19:32.019170+00:00,FERG,NYSE,214.42999267578125,,,,,,,False,2026-09-14,222.64999389648438,212.82000732421875
2026-09-14,2026-09-20T03:19:32.019232+00:00,FHN,NYSE,23.940000534057617,,,,,,,False,2026-09-14,24.709999084472656,23.530000686645508
2026-09-14,2026-09-20T03:19:32.019293+00:00,FIZZ,NASDAQ,31.600000381469727,,,,,,,False,2026-09-14,32.75,31.040000915527344
2026-09-14,2026-09-20T03:19:32.019355+00:00,FMBH,NASDAQ,49.97999954223633,,,,,,,False,2026-09-14,51.58000183105469,49.290000915527344
2026-09-14,2026-09-20T03:19:32.019416+00:00,FMNB,NASDAQ,15.5600004196167,,,,,,,False,2026-09-14,16.0,15.420000076293945
2026-09-14,2026-09-20T03:19:32.019479+00:00,FNB,NYSE,17.93000030517578,,,,,,,False,2026-09-14,18.459999084472656,17.549999237060547
2026-09-14,2026-09-20T03:19:32.019540+00:00,FNLC,NASDAQ,35.18000030517578,,,,,,,False,2026-09-14,35.83000183105469,34.529998779296875
2026-09-14,2026-09-20T03:19:32.019602+00:00,FNV,NYSE,265.92999267578125,,,,,,,False,2026-09-14,268.30999755859375,255.66000366210938
2026-09-14,2026-09-20T03:19:32.019664+00:00,FRBA,NASDAQ,17.780000686645508,,,,,,,False,2026-09-14,18.170000076293945,17.329999923706055
2026-09-14,2026-09-20T03:19:32.019726+00:00,FRME,NASDAQ,40.869998931884766,,,,,,,False,2026-09-14,41.970001220703125,40.349998474121094
2026-09-14,2026-09-20T03:19:32.019832+00:00,FRNM,NASDAQ,17.110000610351562,79.5,ブレイク接近,0.0,2.72,332.1,23,True,2026-09-14,17.2549991607666,14.25
2026-09-14,2026-09-20T03:19:32.019856+00:00,FRPT,NASDAQ,61.439998626708984,,,,,,,False,2026-09-14,66.0,60.55500030517578
2026-09-14,2026-09-20T03:19:32.019964+00:00,FSS,NYSE,113.83000183105469,,,,,,,False,2026-09-14,117.19000244140625,109.93000030517578
2026-09-14,2026-09-20T03:19:32.020031+00:00,FSUN,NASDAQ,39.34000015258789,,,,,,,False,2026-09-14,40.70000076293945,38.744998931884766
2026-09-14,2026-09-20T03:19:32.020095+00:00,FULT,NASDAQ,23.399999618530273,,,,,,,False,2026-09-14,24.0,23.0
2026-09-14,2026-09-20T03:19:32.020157+00:00,FUNC,NASDAQ,44.310001373291016,,,,,,,False,2026-09-14,45.2400016784668,41.599998474121094
2026-09-14,2026-09-20T03:19:32.020219+00:00,FWONA,NASDAQ,85.73999786376953,,,,,,,False,2026-09-14,88.33999633789062,85.12999725341797
2026-09-14,2026-09-20T03:19:32.020281+00:00,FWONK,NASDAQ,94.54000091552734,,,,,,,False,2026-09-14,96.93000030517578,93.3499984741211
2026-09-14,2026-09-20T03:19:32.020343+00:00,GAB,NYSE,5.409999847412109,,,,,,,False,2026-09-14,5.610000133514404,5.269999980926514
2026-09-14,2026-09-20T03:19:32.020405+00:00,GATX,NYSE,177.88999938964844,,,,,,,False,2026-09-14,182.6199951171875,173.94000244140625
2026-09-14,2026-09-20T03:19:32.020467+00:00,GBCI,NYSE,44.66999816894531,,,,,,,False,2026-09-14,46.41999816894531,44.16999816894531
2026-09-14,2026-09-20T03:19:32.020529+00:00,GCMG,NASDAQ,13.140000343322754,,,,,,,False,2026-09-14,13.15999984741211,12.40999984741211
2026-09-14,2026-09-20T03:19:32.020591+00:00,GD,NYSE,353.04998779296875,,,,,,,False,2026-09-14,362.3900146484375,349.8349914550781
2026-09-14,2026-09-20T03:19:32.020699+00:00,GDDY,NYSE,97.45999908447266,72.5,ブレイク接近,-31.1,0.99,119.8,6,True,2026-09-14,104.9000015258789,95.8030014038086
2026-09-14,2026-09-20T03:19:32.020723+00:00,GDYN,NASDAQ,7.590000152587891,,,,,,,False,2026-09-14,8.430000305175781,7.550000190734863
2026-09-14,2026-09-20T03:19:32.020786+00:00,GE,NYSE,314.2699890136719,,,,,,,False,2026-09-14,320.3599853515625,306.79998779296875
2026-09-14,2026-09-20T03:19:32.020848+00:00,GEF,NYSE,82.70999908447266,,,,,,,False,2026-09-14,84.94000244140625,79.56999969482422
2026-09-14,2026-09-20T03:19:32.020935+00:00,GEHC,NASDAQ,64.12999725341797,,,,,,,False,2026-09-14,65.2699966430664,62.994998931884766
2026-09-14,2026-09-20T03:19:32.021046+00:00,GENC,NYSE American,17.34000015258789,71.0,ブレイク接近,-8.8,1.74,213.9,18,True,2026-09-14,17.739999771118164,16.80500030517578
2026-09-14,2026-09-20T03:19:32.021072+00:00,GFF,NYSE,93.22000122070312,,,,,,,False,2026-09-14,96.4000015258789,91.33000183105469
2026-09-14,2026-09-20T03:19:32.021179+00:00,GFL,NYSE,42.529998779296875,79.9,右肩上がり確認,-8.7,1.04,81.7,5,True,2026-09-14,44.529998779296875,40.959999084472656
2026-09-14,2026-09-20T03:19:32.021203+00:00,GGG,NYSE,76.26000213623047,,,,,,,False,2026-09-14,77.87999725341797,75.68000030517578
2026-09-14,2026-09-20T03:19:32.021265+00:00,GHC,NYSE,1143.4300537109375,,,,,,,False,2026-09-14,1172.3499755859375,1111.6199951171875
2026-09-14,2026-09-20T03:19:32.021328+00:00,GIC,NYSE,40.380001068115234,,,,,,,False,2026-09-14,40.599998474121094,38.97999954223633
2026-09-14,2026-09-20T03:19:32.021434+00:00,GILD,NASDAQ,150.11000061035156,82.8,ブレイク接近,-1.4,0.87,116.3,16,True,2026-09-14,153.22999572753906,142.94000244140625
2026-09-14,2026-09-20T03:19:32.021458+00:00,GIS,NYSE,36.31999969482422,,,,,,,False,2026-09-14,37.290000915527344,35.869998931884766
2026-09-14,2026-09-20T03:19:32.021521+00:00,GLBE,NASDAQ,38.040000915527344,,,,,,,False,2026-09-14,38.599998474121094,36.13999938964844
2026-09-14,2026-09-20T03:19:32.021585+00:00,GLP,NYSE,48.97999954223633,,,,,,,False,2026-09-14,52.900001525878906,48.97999954223633
2026-09-14,2026-09-20T03:19:32.021647+00:00,GMAB,NASDAQ,34.7400016784668,,,,,,,False,2026-09-14,35.150001525878906,32.34000015258789
2026-09-14,2026-09-20T03:19:32.021753+00:00,GOLD,NYSE,45.459999084472656,83.9,底固め中,-22.8,2.0,44.1,8,True,2026-09-14,48.810001373291016,43.897701263427734
2026-09-14,2026-09-20T03:19:32.021777+00:00,GPC,NYSE,128.0800018310547,,,,,,,False,2026-09-14,134.22999572753906,127.58000183105469
2026-09-14,2026-09-20T03:19:32.021839+00:00,GPN,NYSE,85.05999755859375,,,,,,,False,2026-09-14,90.55000305175781,84.13999938964844
2026-09-14,2026-09-20T03:19:32.021923+00:00,GRFS,NASDAQ,7.309999942779541,,,,,,,False,2026-09-14,7.599999904632568,7.289999961853027
2026-09-14,2026-09-20T03:19:32.021992+00:00,GRVY,NASDAQ,69.3499984741211,,,,,,,False,2026-09-14,73.5,69.01000213623047
2026-09-14,2026-09-20T03:19:32.022057+00:00,GSL,NYSE,45.84000015258789,,,,,,,False,2026-09-14,46.56999969482422,44.93000030517578
2026-09-14,2026-09-20T03:19:32.022120+00:00,HALO,NASDAQ,112.44999694824219,,,,,,,False,2026-09-14,112.66000366210938,105.5
2026-09-14,2026-09-20T03:19:32.022182+00:00,HAYW,NYSE,12.989999771118164,,,,,,,False,2026-09-14,13.319999694824219,12.630000114440918
2026-09-14,2026-09-20T03:19:32.022245+00:00,HBAN,NASDAQ,15.880000114440918,,,,,,,False,2026-09-14,16.989999771118164,15.550000190734863
2026-09-14,2026-09-20T03:19:32.022305+00:00,HBT,NASDAQ,36.0099983215332,,,,,,,False,2026-09-14,36.88999938964844,35.400001525878906
2026-09-14,2026-09-20T03:19:32.022419+00:00,HCA,NYSE,427.7099914550781,75.0,底固め中,-20.4,1.1,35.8,8,True,2026-09-14,436.1400146484375,409.739990234375
2026-09-14,2026-09-20T03:19:32.022444+00:00,HCI,NYSE,187.6699981689453,,,,,,,False,2026-09-14,189.30999755859375,184.0399932861328
2026-09-14,2026-09-20T03:19:32.022508+00:00,HD,NYSE,299.9800109863281,,,,,,,False,2026-09-14,312.6700134277344,298.25
2026-09-14,2026-09-20T03:19:32.022570+00:00,HFWA,NASDAQ,28.190000534057617,,,,,,,False,2026-09-14,28.809999465942383,27.549999237060547
2026-09-14,2026-09-20T03:19:32.022631+00:00,HGTY,NYSE,13.9399995803833,,,,,,,False,2026-09-14,14.170000076293945,13.5600004196167
2026-09-14,2026-09-20T03:19:32.022693+00:00,HIFS,NASDAQ,304.0400085449219,,,,,,,False,2026-09-14,315.8699951171875,294.20001220703125
2026-09-14,2026-09-20T03:19:32.022756+00:00,HIG,NYSE,131.88999938964844,,,,,,,False,2026-09-14,138.64999389648438,131.16000366210938
2026-09-14,2026-09-20T03:19:32.022817+00:00,HIPO,NYSE,31.239999771118164,,,,,,,False,2026-09-14,32.571998596191406,31.239999771118164
2026-09-14,2026-09-20T03:19:32.022896+00:00,HLN,NYSE,9.279999732971191,,,,,,,False,2026-09-14,9.4399995803833,9.140000343322754
2026-09-14,2026-09-20T03:19:32.022966+00:00,HNI,NYSE,46.11000061035156,,,,,,,False,2026-09-14,47.20000076293945,45.720001220703125
2026-09-14,2026-09-20T03:19:32.023031+00:00,HOMB,NYSE,29.790000915527344,,,,,,,False,2026-09-14,30.360000610351562,29.280000686645508
2026-09-14,2026-09-20T03:19:32.023093+00:00,HQH,NYSE,21.440000534057617,,,,,,,False,2026-09-14,22.139999389648438,21.190000534057617
2026-09-14,2026-09-20T03:19:32.023156+00:00,HRL,NYSE,20.829999923706055,,,,,,,False,2026-09-14,21.1299991607666,20.6200008392334
2026-09-14,2026-09-20T03:19:32.023217+00:00,HROW,NASDAQ,33.08000183105469,,,,,,,False,2026-09-14,35.33000183105469,31.899999618530273
2026-09-14,2026-09-20T03:19:32.023280+00:00,HRZN,NASDAQ,4.670000076293945,,,,,,,False,2026-09-14,4.96999979019165,4.510000228881836
2026-09-14,2026-09-20T03:19:32.023342+00:00,HSBC,NYSE,101.83000183105469,,,,,,,False,2026-09-14,105.0,99.87000274658203
2026-09-14,2026-09-20T03:19:32.023404+00:00,HSIC,NASDAQ,84.83999633789062,,,,,,,False,2026-09-14,89.12000274658203,84.1500015258789
2026-09-14,2026-09-20T03:19:32.023467+00:00,HSY,NYSE,169.7899932861328,,,,,,,False,2026-09-14,178.02999877929688,166.69000244140625
2026-09-14,2026-09-20T03:19:32.023529+00:00,HTGC,NYSE,17.329999923706055,,,,,,,False,2026-09-14,17.899999618530273,17.260000228881836
2026-09-14,2026-09-20T03:19:32.023591+00:00,HTH,NYSE,38.650001525878906,,,,,,,False,2026-09-14,39.27000045776367,38.0099983215332
2026-09-14,2026-09-20T03:19:32.023652+00:00,HVT,NYSE,27.280000686645508,,,,,,,False,2026-09-14,27.959999084472656,26.979999542236328
2026-09-14,2026-09-20T03:19:32.023714+00:00,HWC,NASDAQ,74.94999694824219,,,,,,,False,2026-09-14,76.5,73.2699966430664
2026-09-14,2026-09-20T03:19:32.023774+00:00,IBCP,NASDAQ,36.22999954223633,,,,,,,False,2026-09-14,37.4900016784668,35.790000915527344
2026-09-14,2026-09-20T03:19:32.023835+00:00,IBEX,NASDAQ,40.20000076293945,,,,,,,False,2026-09-14,41.90999984741211,39.099998474121094
2026-09-14,2026-09-20T03:19:32.023919+00:00,IBN,NYSE,28.149999618530273,,,,,,,False,2026-09-14,29.440000534057617,27.950000762939453
2026-09-14,2026-09-20T03:19:32.023987+00:00,IBOC,NASDAQ,70.23999786376953,,,,,,,False,2026-09-14,72.18000030517578,69.7300033569336
2026-09-14,2026-09-20T03:19:32.024049+00:00,ICUI,NASDAQ,152.64999389648438,,,,,,,False,2026-09-14,158.97999572753906,151.3300018310547
2026-09-14,2026-09-20T03:19:32.024156+00:00,IDCC,NASDAQ,323.04998779296875,78.2,底固め中,-14.1,0.75,59.4,7,True,2026-09-14,349.5,321.42999267578125
2026-09-14,2026-09-20T03:19:32.024181+00:00,IDXX,NASDAQ,511.6499938964844,,,,,,,False,2026-09-14,520.4099731445312,501.9800109863281
2026-09-14,2026-09-20T03:19:32.024243+00:00,IEX,NYSE,223.72000122070312,,,,,,,False,2026-09-14,225.86000061035156,219.44000244140625
2026-09-14,2026-09-20T03:19:32.024305+00:00,IFF,NYSE,82.95999908447266,,,,,,,False,2026-09-14,85.61000061035156,82.69999694824219
2026-09-14,2026-09-20T03:19:32.024369+00:00,IFS,NYSE,54.97999954223633,,,,,,,False,2026-09-14,55.9900016784668,53.310001373291016
2026-09-14,2026-09-20T03:19:32.024431+00:00,III,NASDAQ,5.190000057220459,,,,,,,False,2026-09-14,5.449999809265137,5.179999828338623
2026-09-14,2026-09-20T03:19:32.024492+00:00,IMCR,NASDAQ,32.0,,,,,,,False,2026-09-14,33.849998474121094,31.135000228881836
2026-09-14,2026-09-20T03:19:32.024555+00:00,IMMR,NASDAQ,7.210000038146973,,,,,,,False,2026-09-14,7.590000152587891,7.039999961853027
2026-09-14,2026-09-20T03:19:32.024616+00:00,IMNM,NASDAQ,23.969999313354492,,,,,,,False,2026-09-14,25.260000228881836,23.354999542236328
2026-09-14,2026-09-20T03:19:32.024678+00:00,INCY,NASDAQ,125.30999755859375,,,,,,,False,2026-09-14,128.72000122070312,119.97000122070312
2026-09-14,2026-09-20T03:19:32.024739+00:00,INDB,NASDAQ,82.23999786376953,,,,,,,False,2026-09-14,84.33999633789062,81.06999969482422
2026-09-14,2026-09-20T03:19:32.024800+00:00,INMD,NASDAQ,14.350000381469727,,,,,,,False,2026-09-14,14.970000267028809,14.289999961853027
2026-09-14,2026-09-20T03:19:32.024860+00:00,INTA,NASDAQ,36.209999084472656,,,,,,,False,2026-09-14,38.90999984741211,35.54999923706055
2026-09-14,2026-09-20T03:19:32.024945+00:00,IPAR,NASDAQ,112.51000213623047,,,,,,,False,2026-09-14,114.0,108.19999694824219
2026-09-14,2026-09-20T03:19:32.025009+00:00,IQV,NYSE,266.4200134277344,,,,,,,False,2026-09-14,273.8800048828125,262.55999755859375
2026-09-14,2026-09-20T03:19:32.025070+00:00,IRTC,NASDAQ,109.33000183105469,,,,,,,False,2026-09-14,115.4800033569336,108.58000183105469
2026-09-14,2026-09-20T03:19:32.025131+00:00,ISTR,NASDAQ,30.110000610351562,,,,,,,False,2026-09-14,31.264999389648438,29.81999969482422
2026-09-14,2026-09-20T03:19:32.025192+00:00,ITIC,NASDAQ,289.0,,,,,,,False,2026-09-14,303.989990234375,282.20001220703125
2026-09-14,2026-09-20T03:19:32.025298+00:00,ITRI,NASDAQ,90.44000244140625,66.0,底固め中,-33.5,0.71,58.4,12,True,2026-09-14,94.16000366210938,89.92500305175781
2026-09-14,2026-09-20T03:19:32.025323+00:00,ITW,NYSE,269.4200134277344,,,,,,,False,2026-09-14,270.7900085449219,265.0799865722656
2026-09-14,2026-09-20T03:19:32.025384+00:00,JCI,NYSE,143.27999877929688,,,,,,,False,2026-09-14,143.52000427246094,135.7899932861328
2026-09-14,2026-09-20T03:19:32.025489+00:00,JKHY,NASDAQ,154.85000610351562,73.8,右肩上がり確認,-17.7,0.88,65.1,6,True,2026-09-14,168.27999877929688,151.63999938964844
2026-09-14,2026-09-20T03:19:32.025560+00:00,JOE,NYSE,63.84000015258789,72.1,底固め中,-10.9,1.32,30.5,15,True,2026-09-14,67.0,63.150001525878906
2026-09-14,2026-09-20T03:19:32.025584+00:00,JOYY,NASDAQ,78.7300033569336,,,,,,,False,2026-09-14,79.41000366210938,76.52999877929688
2026-09-14,2026-09-20T03:19:32.025645+00:00,JPM,NYSE,349.6700134277344,,,,,,,False,2026-09-14,355.6000061035156,343.07000732421875
2026-09-14,2026-09-20T03:19:32.025707+00:00,JXN,NYSE,132.6699981689453,,,,,,,False,2026-09-14,140.3249969482422,123.97000122070312
2026-09-14,2026-09-20T03:19:32.025768+00:00,KB,NYSE,126.93000030517578,,,,,,,False,2026-09-14,133.2899932861328,125.31500244140625
2026-09-14,2026-09-20T03:19:32.025831+00:00,KEY,NYSE,20.809999465942383,,,,,,,False,2026-09-14,22.15999984741211,20.5
2026-09-14,2026-09-20T03:19:32.025914+00:00,KHC,NASDAQ,24.43000030517578,,,,,,,False,2026-09-14,25.200000762939453,23.75
2026-09-14,2026-09-20T03:19:32.025982+00:00,KINS,NASDAQ,19.110000610351562,,,,,,,False,2026-09-14,20.110000610351562,18.959999084472656
2026-09-14,2026-09-20T03:19:32.026045+00:00,KKR,NYSE,98.80999755859375,,,,,,,False,2026-09-14,102.79000091552734,95.11000061035156
2026-09-14,2026-09-20T03:19:32.026108+00:00,KNSA,NASDAQ,77.23999786376953,,,,,,,False,2026-09-14,79.76000213623047,74.47000122070312
2026-09-14,2026-09-20T03:19:32.026170+00:00,KNSL,NYSE,356.8500061035156,,,,,,,False,2026-09-14,373.51800537109375,354.510009765625
2026-09-14,2026-09-20T03:19:32.026231+00:00,KYMR,NASDAQ,117.75,,,,,,,False,2026-09-14,122.12999725341797,110.29000091552734
2026-09-14,2026-09-20T03:19:32.026293+00:00,LAD,NYSE,316.2699890136719,,,,,,,False,2026-09-14,367.54998779296875,312.19000244140625
2026-09-14,2026-09-20T03:19:32.026354+00:00,LAUR,NASDAQ,36.130001068115234,,,,,,,False,2026-09-14,36.97999954223633,35.47999954223633
2026-09-14,2026-09-20T03:19:32.026415+00:00,LAZ,NYSE,35.75,,,,,,,False,2026-09-14,40.79999923706055,35.15999984741211
2026-09-14,2026-09-20T03:19:32.026520+00:00,LB,NYSE,85.95999908447266,65.7,ブレイク接近,-4.1,0.69,206.4,7,True,2026-09-14,88.41000366210938,81.75
2026-09-14,2026-09-20T03:19:32.026545+00:00,LECO,NASDAQ,257.20001220703125,,,,,,,False,2026-09-14,261.239990234375,243.6199951171875
2026-09-14,2026-09-20T03:19:32.026607+00:00,LH,NYSE,320.7099914550781,,,,,,,False,2026-09-14,327.95001220703125,308.2099914550781
2026-09-14,2026-09-20T03:19:32.026669+00:00,LIF,NASDAQ,39.619998931884766,,,,,,,False,2026-09-14,45.099998474121094,39.459999084472656
2026-09-14,2026-09-20T03:19:32.026731+00:00,LKFN,NASDAQ,59.70000076293945,,,,,,,False,2026-09-14,61.81999969482422,59.04999923706055
2026-09-14,2026-09-20T03:19:32.026792+00:00,LMNR,NASDAQ,12.729999542236328,,,,,,,False,2026-09-14,13.489999771118164,12.420000076293945
2026-09-14,2026-09-20T03:19:32.026855+00:00,LMT,NYSE,533.3800048828125,,,,,,,False,2026-09-14,542.6099853515625,520.4199829101562
2026-09-14,2026-09-20T03:19:32.026954+00:00,LNC,NYSE,42.20000076293945,,,,,,,False,2026-09-14,44.2599983215332,41.4567985534668
2026-09-14,2026-09-20T03:19:32.027023+00:00,LOAR,NYSE,64.43000030517578,,,,,,,False,2026-09-14,66.52999877929688,63.09000015258789
2026-09-14,2026-09-20T03:19:32.027086+00:00,LPLA,NASDAQ,328.0899963378906,,,,,,,False,2026-09-14,354.82000732421875,326.9700012207031
2026-09-14,2026-09-20T03:19:32.027148+00:00,LSPD,NYSE,9.40999984741211,,,,,,,False,2026-09-14,10.289999961853027,9.375
2026-09-14,2026-09-20T03:19:32.027209+00:00,LTM,NYSE,51.150001525878906,,,,,,,False,2026-09-14,51.650001525878906,49.540000915527344
2026-09-14,2026-09-20T03:19:32.027270+00:00,LW,NYSE,46.66999816894531,,,,,,,False,2026-09-14,48.79999923706055,45.77000045776367
2026-09-14,2026-09-20T03:19:32.027332+00:00,LXP,NYSE,60.810001373291016,,,,,,,False,2026-09-14,60.959999084472656,60.779998779296875
2026-09-14,2026-09-20T03:19:32.027392+00:00,LYFT,NASDAQ,15.100000381469727,,,,,,,False,2026-09-14,15.96500015258789,15.074000358581543
2026-09-14,2026-09-20T03:19:32.027453+00:00,LYG,NYSE,5.809999942779541,,,,,,,False,2026-09-14,5.989999771118164,5.795000076293945
2026-09-14,2026-09-20T03:19:32.027514+00:00,MA,NYSE,565.239990234375,,,,,,,False,2026-09-14,578.9000244140625,561.9000244140625
2026-09-14,2026-09-20T03:19:32.027620+00:00,MAIN,NYSE,56.189998626708984,66.0,右肩上がり確認,-7.9,0.72,116.0,11,True,2026-09-14,57.72999954223633,55.59000015258789
2026-09-14,2026-09-20T03:19:32.027644+00:00,MAN,NYSE,57.63999938964844,,,,,,,False,2026-09-14,58.88999938964844,56.130001068115234
2026-09-14,2026-09-20T03:19:32.027705+00:00,MAT,NASDAQ,13.260000228881836,,,,,,,False,2026-09-14,14.239999771118164,13.069999694824219
2026-09-14,2026-09-20T03:19:32.027768+00:00,MBUU,NASDAQ,23.270000457763672,,,,,,,False,2026-09-14,24.969999313354492,22.93000030517578
2026-09-14,2026-09-20T03:19:32.027831+00:00,MBWM,NASDAQ,60.029998779296875,,,,,,,False,2026-09-14,62.95000076293945,59.189998626708984
2026-09-14,2026-09-20T03:19:32.027919+00:00,MCHB,NASDAQ,15.399999618530273,,,,,,,False,2026-09-14,15.619999885559082,15.069999694824219
2026-09-14,2026-09-20T03:19:32.028033+00:00,MCK,NYSE,874.6500244140625,79.5,底固め中,-11.2,1.05,56.1,9,True,2026-09-14,912.0,864.1199951171875
2026-09-14,2026-09-20T03:19:32.028064+00:00,MCO,NYSE,468.5899963378906,,,,,,,False,2026-09-14,485.8399963378906,456.9700012207031
2026-09-14,2026-09-20T03:19:32.028125+00:00,MDT,NYSE,92.12999725341797,,,,,,,False,2026-09-14,94.69999694824219,92.04000091552734
2026-09-14,2026-09-20T03:19:32.028186+00:00,MDXG,NASDAQ,4.769999980926514,,,,,,,False,2026-09-14,4.800000190734863,4.539999961853027
2026-09-14,2026-09-20T03:19:32.028246+00:00,MELI,NASDAQ,1787.3900146484375,,,,,,,False,2026-09-14,1911.469970703125,1785.219970703125
2026-09-14,2026-09-20T03:19:32.028306+00:00,MESO,NASDAQ,15.130000114440918,,,,,,,False,2026-09-14,15.5600004196167,14.239999771118164
2026-09-14,2026-09-20T03:19:32.028366+00:00,MGEE,NASDAQ,74.08000183105469,,,,,,,False,2026-09-14,77.12999725341797,73.80999755859375
2026-09-14,2026-09-20T03:19:32.028428+00:00,MGRC,NASDAQ,110.88999938964844,,,,,,,False,2026-09-14,112.27999877929688,109.5199966430664
2026-09-14,2026-09-20T03:19:32.028488+00:00,MHK,NYSE,126.08999633789062,,,,,,,False,2026-09-14,132.36000061035156,123.87000274658203
2026-09-14,2026-09-20T03:19:32.028549+00:00,MKC,NYSE,48.720001220703125,,,,,,,False,2026-09-14,52.849998474121094,48.70000076293945
2026-09-14,2026-09-20T03:19:32.028611+00:00,MKL,NYSE,1776.3299560546875,,,,,,,False,2026-09-14,1807.0,1771.760009765625
2026-09-14,2026-09-20T03:19:32.028674+00:00,MLKN,NASDAQ,20.65999984741211,,,,,,,False,2026-09-14,21.530000686645508,20.360000610351562
2026-09-14,2026-09-20T03:19:32.028734+00:00,MMM,NYSE,165.88999938964844,,,,,,,False,2026-09-14,166.2899932861328,160.27000427246094
2026-09-14,2026-09-20T03:19:32.028796+00:00,MMSI,NASDAQ,85.37000274658203,,,,,,,False,2026-09-14,87.83000183105469,84.12000274658203
2026-09-14,2026-09-20T03:19:32.028925+00:00,MOS,NYSE,24.479999542236328,77.2,底固め中,-28.1,0.96,45.1,12,True,2026-09-14,25.760000228881836,24.350000381469727
2026-09-14,2026-09-20T03:19:32.028954+00:00,MPB,NASDAQ,36.939998626708984,,,,,,,False,2026-09-14,37.65999984741211,36.20000076293945
2026-09-14,2026-09-20T03:19:32.029018+00:00,MQ,NASDAQ,15.569999694824219,,,,,,,False,2026-09-14,16.739999771118164,15.489999771118164
2026-09-14,2026-09-20T03:19:32.029079+00:00,MRK,NYSE,146.8699951171875,,,,,,,False,2026-09-14,147.83999633789062,142.32000732421875
2026-09-14,2026-09-20T03:19:32.029140+00:00,MRP,NYSE,28.8700008392334,,,,,,,False,2026-09-14,29.860000610351562,28.434999465942383
2026-09-14,2026-09-20T03:19:32.029201+00:00,MRSH,NYSE,175.00999450683594,,,,,,,False,2026-09-14,181.4499969482422,172.6300048828125
2026-09-14,2026-09-20T03:19:32.029307+00:00,MSA,NYSE,179.66000366210938,78.0,底固め中,-10.5,0.88,58.1,18,True,2026-09-14,182.1699981689453,177.0399932861328
2026-09-14,2026-09-20T03:19:32.029332+00:00,MSEX,NASDAQ,55.31999969482422,,,,,,,False,2026-09-14,57.38999938964844,55.02000045776367
2026-09-14,2026-09-20T03:19:32.029393+00:00,MSFT,NASDAQ,493.7799987792969,,,,,,,False,2026-09-14,509.95001220703125,487.2300109863281
2026-09-14,2026-09-20T03:19:32.029454+00:00,MSI,NYSE,458.6700134277344,,,,,,,False,2026-09-14,478.8399963378906,455.2200012207031
2026-09-14,2026-09-20T03:19:32.029515+00:00,MTB,NYSE,227.30999755859375,,,,,,,False,2026-09-14,241.5800018310547,222.88999938964844
2026-09-14,2026-09-20T03:19:32.029576+00:00,MTN,NYSE,139.8000030517578,,,,,,,False,2026-09-14,142.86000061035156,135.63999938964844
2026-09-14,2026-09-20T03:19:32.029637+00:00,MTW,NYSE,22.350000381469727,,,,,,,False,2026-09-14,22.3799991607666,19.6299991607666
2026-09-14,2026-09-20T03:19:32.029697+00:00,MVBF,NASDAQ,30.59000015258789,,,,,,,False,2026-09-14,31.860000610351562,30.3700008392334
2026-09-14,2026-09-20T03:19:32.029759+00:00,NAVI,NASDAQ,9.510000228881836,,,,,,,False,2026-09-14,10.149999618530273,9.359999656677246
2026-09-14,2026-09-20T03:19:32.029820+00:00,NBBK,NASDAQ,22.780000686645508,,,,,,,False,2026-09-14,23.25,22.309999465942383
2026-09-14,2026-09-20T03:19:32.029901+00:00,NBTB,NASDAQ,51.5099983215332,,,,,,,False,2026-09-14,52.58000183105469,50.459999084472656
2026-09-14,2026-09-20T03:19:32.029972+00:00,NDSN,NASDAQ,311.57000732421875,,,,,,,False,2026-09-14,315.7200012207031,306.0299987792969
2026-09-14,2026-09-20T03:19:32.030034+00:00,NIC,NYSE,168.02000427246094,,,,,,,False,2026-09-14,173.33999633789062,164.47999572753906
2026-09-14,2026-09-20T03:19:32.030095+00:00,NKSH,NASDAQ,42.59000015258789,,,,,,,False,2026-09-14,43.310001373291016,42.0
2026-09-14,2026-09-20T03:19:32.030157+00:00,NLY,NYSE,21.049999237060547,,,,,,,False,2026-09-14,22.06999969482422,21.03499984741211
2026-09-14,2026-09-20T03:19:32.030220+00:00,NMIH,NASDAQ,42.900001525878906,,,,,,,False,2026-09-14,44.529998779296875,41.619998931884766
2026-09-14,2026-09-20T03:19:32.030282+00:00,NMR,NYSE,10.069999694824219,,,,,,,False,2026-09-14,10.84000015258789,9.960000038146973
2026-09-14,2026-09-20T03:19:32.030342+00:00,NMRK,NASDAQ,13.9399995803833,,,,,,,False,2026-09-14,14.539999961853027,13.5649995803833
2026-09-14,2026-09-20T03:19:32.030404+00:00,NOMD,NYSE,10.65999984741211,,,,,,,False,2026-09-14,11.220000267028809,10.579999923706055
2026-09-14,2026-09-20T03:19:32.030480+00:00,NOV,NYSE,20.06999969482422,,,,,,,False,2026-09-14,21.079999923706055,19.94499969482422
2026-09-14,2026-09-20T03:19:32.030560+00:00,NRIM,NASDAQ,25.440000534057617,,,,,,,False,2026-09-14,26.489999771118164,24.940000534057617
2026-09-14,2026-09-20T03:19:32.030622+00:00,NRIX,NASDAQ,25.440000534057617,,,,,,,False,2026-09-14,26.350000381469727,24.270000457763672
2026-09-14,2026-09-20T03:19:32.030683+00:00,NSC,NYSE,314.1600036621094,,,,,,,False,2026-09-14,323.8299865722656,314.0
2026-09-14,2026-09-20T03:19:32.030743+00:00,NTES,NASDAQ,116.19000244140625,,,,,,,False,2026-09-14,119.83999633789062,115.8499984741211
2026-09-14,2026-09-20T03:19:32.030806+00:00,NTRA,NASDAQ,369.3900146484375,,,,,,,False,2026-09-14,369.69000244140625,327.1510009765625
2026-09-14,2026-09-20T03:19:32.030868+00:00,NU,NYSE,13.649999618530273,,,,,,,False,2026-09-14,14.550000190734863,13.579999923706055
2026-09-14,2026-09-20T03:19:32.031004+00:00,NUAI,NASDAQ,5.860000133514404,66.0,ブレイク接近,-19.7,0.77,185.7,6,True,2026-09-14,6.25,5.260000228881836
2026-09-14,2026-09-20T03:19:32.031029+00:00,NUVB,NYSE,5.849999904632568,,,,,,,False,2026-09-14,6.179999828338623,5.630000114440918
2026-09-14,2026-09-20T03:19:32.031092+00:00,NVRI,NYSE,20.6200008392334,,,,,,,False,2026-09-14,22.18000030517578,20.270000457763672
2026-09-14,2026-09-20T03:19:32.031155+00:00,NVST,NYSE,23.350000381469727,,,,,,,False,2026-09-14,25.989999771118164,23.104999542236328
2026-09-14,2026-09-20T03:19:32.031217+00:00,NWG,NYSE,18.670000076293945,,,,,,,False,2026-09-14,19.040000915527344,18.139999389648438
2026-09-14,2026-09-20T03:19:32.031280+00:00,NWL,NASDAQ,5.480000019073486,,,,,,,False,2026-09-14,5.940000057220459,5.449999809265137
2026-09-14,2026-09-20T03:19:32.031342+00:00,OBDC,NYSE,11.170000076293945,,,,,,,False,2026-09-14,11.470000267028809,10.980999946594238
2026-09-14,2026-09-20T03:19:32.031447+00:00,OBIO,NASDAQ,6.079999923706055,68.2,ブレイク接近,-0.7,1.19,250.0,6,True,2026-09-14,6.300000190734863,5.710000038146973
2026-09-14,2026-09-20T03:19:32.031471+00:00,OC,NYSE,123.9000015258789,,,,,,,False,2026-09-14,132.75999450683594,122.33999633789062
2026-09-14,2026-09-20T03:19:32.031532+00:00,OCFC,NASDAQ,17.8700008392334,,,,,,,False,2026-09-14,18.969999313354492,17.80500030517578
2026-09-14,2026-09-20T03:19:32.031594+00:00,OESX,NASDAQ,27.5,,,,,,,False,2026-09-14,29.200000762939453,25.0
2026-09-14,2026-09-20T03:19:32.031656+00:00,OMC,NYSE,76.56999969482422,,,,,,,False,2026-09-14,81.69000244140625,75.66000366210938
2026-09-14,2026-09-20T03:19:32.031718+00:00,OMF,NYSE,60.810001373291016,,,,,,,False,2026-09-14,63.22999954223633,59.970001220703125
2026-09-14,2026-09-20T03:19:32.031779+00:00,ONC,NASDAQ,350.8399963378906,,,,,,,False,2026-09-14,356.0,342.8800048828125
2026-09-14,2026-09-20T03:19:32.031841+00:00,ORC,NYSE,6.039999961853027,,,,,,,False,2026-09-14,6.369999885559082,5.960000038146973
2026-09-14,2026-09-20T03:19:32.031926+00:00,ORI,NYSE,39.95000076293945,,,,,,,False,2026-09-14,41.849998474121094,39.810001373291016
2026-09-14,2026-09-20T03:19:32.031992+00:00,ORRF,NASDAQ,42.060001373291016,,,,,,,False,2026-09-14,42.900001525878906,41.06999969482422
2026-09-14,2026-09-20T03:19:32.032056+00:00,OTEX,NASDAQ,22.579999923706055,,,,,,,False,2026-09-14,24.079999923706055,22.540000915527344
2026-09-14,2026-09-20T03:19:32.032117+00:00,OWL,NYSE,9.84000015258789,,,,,,,False,2026-09-14,10.670000076293945,9.725000381469727
2026-09-14,2026-09-20T03:19:32.032178+00:00,OZK,NASDAQ,47.880001068115234,,,,,,,False,2026-09-14,49.56999969482422,47.36000061035156
2026-09-14,2026-09-20T03:19:32.032241+00:00,P,NYSE,104.13999938964844,,,,,,,False,2026-09-14,108.30999755859375,92.2699966430664
2026-09-14,2026-09-20T03:19:32.032303+00:00,PANL,NASDAQ,8.380000114440918,,,,,,,False,2026-09-14,8.59000015258789,8.220000267028809
2026-09-14,2026-09-20T03:19:32.032364+00:00,PAYO,NASDAQ,7.130000114440918,,,,,,,False,2026-09-14,7.159999847412109,7.099999904632568
2026-09-14,2026-09-20T03:19:32.032434+00:00,PB,NYSE,70.0199966430664,,,,,,,False,2026-09-14,72.08999633789062,69.37999725341797
2026-09-14,2026-09-20T03:19:32.032497+00:00,PBYI,NASDAQ,9.600000381469727,,,,,,,False,2026-09-14,9.65999984741211,9.029999732971191
2026-09-14,2026-09-20T03:19:32.032559+00:00,PCAR,NASDAQ,116.05999755859375,,,,,,,False,2026-09-14,123.55999755859375,114.06999969482422
2026-09-14,2026-09-20T03:19:32.032665+00:00,PCTY,NASDAQ,143.72999572753906,76.3,ブレイク接近,-12.2,0.84,194.5,4,True,2026-09-14,148.7100067138672,143.30499267578125
2026-09-14,2026-09-20T03:19:32.032736+00:00,PFE,NYSE,27.65999984741211,69.9,ブレイク接近,-2.8,0.86,107.7,12,True,2026-09-14,28.190000534057617,27.25
2026-09-14,2026-09-20T03:19:32.032759+00:00,PFS,NYSE,23.059999465942383,,,,,,,False,2026-09-14,23.639999389648438,22.690000534057617
2026-09-14,2026-09-20T03:19:32.032822+00:00,PGY,NASDAQ,20.420000076293945,,,,,,,False,2026-09-14,22.280000686645508,19.700000762939453
2026-09-14,2026-09-20T03:19:32.032915+00:00,PH,NYSE,943.5399780273438,,,,,,,False,2026-09-14,943.8900146484375,911.4099731445312
2026-09-14,2026-09-20T03:19:32.032983+00:00,PHM,NYSE,117.26000213623047,,,,,,,False,2026-09-14,120.45999908447266,116.51000213623047
2026-09-14,2026-09-20T03:19:32.033044+00:00,PKG,NYSE,232.77000427246094,,,,,,,False,2026-09-14,235.9600067138672,228.83999633789062
2026-09-14,2026-09-20T03:19:32.033105+00:00,PLUS,NASDAQ,91.0999984741211,,,,,,,False,2026-09-14,94.31999969482422,89.7699966430664
2026-09-14,2026-09-20T03:19:32.033166+00:00,PNC,NYSE,233.1699981689453,,,,,,,False,2026-09-14,245.32000732421875,227.86000061035156
2026-09-14,2026-09-20T03:19:32.033227+00:00,PRI,NYSE,290.5899963378906,,,,,,,False,2026-09-14,296.989990234375,286.1300048828125
2026-09-14,2026-09-20T03:19:32.033288+00:00,PRK,NYSE American,183.3699951171875,,,,,,,False,2026-09-14,190.2100067138672,179.35000610351562
2026-09-14,2026-09-20T03:19:32.033347+00:00,PRVA,NASDAQ,19.850000381469727,,,,,,,False,2026-09-14,21.09000015258789,19.76099967956543
2026-09-14,2026-09-20T03:19:32.033408+00:00,PTC,NASDAQ,135.88999938964844,,,,,,,False,2026-09-14,137.75,129.88999938964844
2026-09-14,2026-09-20T03:19:32.033469+00:00,PUK,NYSE,26.09000015258789,,,,,,,False,2026-09-14,26.780000686645508,25.885000228881836
2026-09-14,2026-09-20T03:19:32.033530+00:00,QCRH,NASDAQ,99.9800033569336,,,,,,,False,2026-09-14,103.86000061035156,97.62000274658203
2026-09-14,2026-09-20T03:19:32.033591+00:00,QGEN,NYSE,43.33000183105469,,,,,,,False,2026-09-14,44.56999969482422,41.7400016784668
2026-09-14,2026-09-20T03:19:32.033652+00:00,QTWO,NYSE,58.72999954223633,,,,,,,False,2026-09-14,62.63999938964844,56.970001220703125
2026-09-14,2026-09-20T03:19:32.033713+00:00,RACE,NYSE,406.69000244140625,,,,,,,False,2026-09-14,416.5799865722656,401.8599853515625
2026-09-14,2026-09-20T03:19:32.033774+00:00,RCBC,NASDAQ,52.41999816894531,,,,,,,False,2026-09-14,54.189998626708984,50.95500183105469
2026-09-14,2026-09-20T03:19:32.033836+00:00,RCEL,NASDAQ,11.020000457763672,,,,,,,False,2026-09-14,11.25,9.760000228881836
2026-09-14,2026-09-20T03:19:32.033925+00:00,RCI,NYSE,35.08000183105469,,,,,,,False,2026-09-14,37.77000045776367,34.36000061035156
2026-09-14,2026-09-20T03:19:32.033994+00:00,RCL,NYSE,245.80999755859375,,,,,,,False,2026-09-14,258.20001220703125,245.05999755859375
2026-09-14,2026-09-20T03:19:32.034057+00:00,RDNT,NASDAQ,76.0,,,,,,,False,2026-09-14,79.7699966430664,74.30999755859375
2026-09-14,2026-09-20T03:19:32.034117+00:00,REAL,NASDAQ,9.449999809265137,,,,,,,False,2026-09-14,9.989999771118164,9.210000038146973
2026-09-14,2026-09-20T03:19:32.034222+00:00,REGN,NASDAQ,784.8499755859375,78.7,ブレイク接近,-5.9,0.91,103.1,8,True,2026-09-14,798.8400268554688,769.5700073242188
2026-09-14,2026-09-20T03:19:32.034246+00:00,RERE,NYSE,3.9200000762939453,,,,,,,False,2026-09-14,4.03000020980835,3.9000000953674316
2026-09-14,2026-09-20T03:19:32.034308+00:00,REXR,NYSE,38.38999938964844,,,,,,,False,2026-09-14,39.66999816894531,37.689998626708984
2026-09-14,2026-09-20T03:19:32.034376+00:00,REYN,NASDAQ,22.1200008392334,,,,,,,False,2026-09-14,22.7549991607666,21.579999923706055
2026-09-14,2026-09-20T03:19:32.034441+00:00,RF,NYSE,28.5,,,,,,,False,2026-09-14,30.40999984741211,28.079999923706055
2026-09-14,2026-09-20T03:19:32.034504+00:00,RGA,NYSE,245.67999267578125,,,,,,,False,2026-09-14,250.97999572753906,241.83839416503906
2026-09-14,2026-09-20T03:19:32.034564+00:00,RIGL,NASDAQ,46.63999938964844,,,,,,,False,2026-09-14,47.529998779296875,43.779998779296875
2026-09-14,2026-09-20T03:19:32.034626+00:00,RITM,NYSE,9.350000381469727,,,,,,,False,2026-09-14,9.819999694824219,9.319999694824219
2026-09-14,2026-09-20T03:19:32.034688+00:00,RJF,NYSE,164.75,,,,,,,False,2026-09-14,174.08999633789062,162.17999267578125
2026-09-14,2026-09-20T03:19:32.034750+00:00,RLI,NYSE,59.38999938964844,,,,,,,False,2026-09-14,61.97999954223633,58.720001220703125
2026-09-14,2026-09-20T03:19:32.034856+00:00,RMD,NYSE,224.99000549316406,82.5,底固め中,-18.4,1.05,55.3,8,True,2026-09-14,234.3300018310547,220.94000244140625
2026-09-14,2026-09-20T03:19:32.034925+00:00,RPC,NYSE,7.869999885559082,,,,,,,False,2026-09-14,8.175000190734863,7.739999771118164
2026-09-14,2026-09-20T03:19:32.035040+00:00,RPM,NYSE,98.37000274658203,,,,,,,False,2026-09-14,101.7300033569336,97.875
2026-09-14,2026-09-20T03:19:32.035120+00:00,RRR,NASDAQ,50.90999984741211,,,,,,,False,2026-09-14,56.29999923706055,50.790000915527344
2026-09-14,2026-09-20T03:19:32.035187+00:00,RSG,NYSE,218.07000732421875,,,,,,,False,2026-09-14,227.32000732421875,216.4600067138672
2026-09-14,2026-09-20T03:19:32.035250+00:00,RTX,NYSE,194.0,,,,,,,False,2026-09-14,197.6699981689453,191.1750030517578
2026-09-14,2026-09-20T03:19:32.035312+00:00,RWAY,NASDAQ,6.690000057220459,,,,,,,False,2026-09-14,6.760000228881836,6.525000095367432
2026-09-14,2026-09-20T03:19:32.035374+00:00,RYAN,NYSE,40.27000045776367,,,,,,,False,2026-09-14,40.619998931884766,38.56999969482422
2026-09-14,2026-09-20T03:19:32.035436+00:00,RYN,NYSE,20.139999389648438,,,,,,,False,2026-09-14,20.510000228881836,19.780000686645508
2026-09-14,2026-09-20T03:19:32.035497+00:00,SA,NYSE,30.950000762939453,,,,,,,False,2026-09-14,31.440000534057617,28.399999618530273
2026-09-14,2026-09-20T03:19:32.035558+00:00,SABS,NASDAQ,3.509999990463257,,,,,,,False,2026-09-14,3.565000057220459,3.319999933242798
2026-09-14,2026-09-20T03:19:32.035620+00:00,SAFT,NASDAQ,103.51000213623047,,,,,,,False,2026-09-14,103.66999816894531,103.27999877929688
2026-09-14,2026-09-20T03:19:32.035682+00:00,SAN,NYSE,14.3100004196167,,,,,,,False,2026-09-14,14.850000381469727,14.300000190734863
2026-09-14,2026-09-20T03:19:32.035749+00:00,SAP,NYSE,209.4499969482422,,,,,,,False,2026-09-14,218.69000244140625,209.3300018310547
2026-09-14,2026-09-20T03:19:32.035811+00:00,SARO,NYSE,22.299999237060547,,,,,,,False,2026-09-14,23.889999389648438,22.290000915527344
2026-09-14,2026-09-20T03:19:32.035873+00:00,SBCF,NASDAQ,33.70000076293945,,,,,,,False,2026-09-14,34.61000061035156,33.209999084472656
2026-09-14,2026-09-20T03:19:32.035964+00:00,SBFG,NASDAQ,29.479999542236328,,,,,,,False,2026-09-14,29.8700008392334,28.729999542236328
2026-09-14,2026-09-20T03:19:32.036027+00:00,SCHW,NYSE,105.25,,,,,,,False,2026-09-14,109.55999755859375,103.5
2026-09-14,2026-09-20T03:19:32.036090+00:00,SD,NYSE,14.15999984741211,,,,,,,False,2026-09-14,15.25,14.10200023651123
2026-09-14,2026-09-20T03:19:32.036152+00:00,SE,NYSE,101.79000091552734,,,,,,,False,2026-09-14,110.22000122070312,99.54000091552734
2026-09-14,2026-09-20T03:19:32.036213+00:00,SEIC,NASDAQ,105.19999694824219,,,,,,,False,2026-09-14,108.05000305175781,103.22000122070312
2026-09-14,2026-09-20T03:19:32.036319+00:00,SENS,NASDAQ,9.579999923706055,74.3,ブレイク接近,-1.3,0.98,138.4,5,True,2026-09-14,9.664999961853027,8.605999946594238
2026-09-14,2026-09-20T03:19:32.036343+00:00,SF,NYSE,75.79000091552734,,,,,,,False,2026-09-14,79.7300033569336,74.16000366210938
2026-09-14,2026-09-20T03:19:32.036404+00:00,SFBS,NYSE,41.45000076293945,,,,,,,False,2026-09-14,42.7400016784668,40.4900016784668
2026-09-14,2026-09-20T03:19:32.036466+00:00,SFIX,NASDAQ,2.8399999141693115,,,,,,,False,2026-09-14,3.0999999046325684,2.809999942779541
2026-09-14,2026-09-20T03:19:32.036527+00:00,SFST,NASDAQ,61.68000030517578,,,,,,,False,2026-09-14,63.93000030517578,60.290000915527344
2026-09-14,2026-09-20T03:19:32.036588+00:00,SHW,NYSE,320.7300109863281,,,,,,,False,2026-09-14,328.44000244140625,314.375
2026-09-14,2026-09-20T03:19:32.036696+00:00,SIG,NYSE,100.37999725341797,74.4,ブレイク接近,-2.5,1.51,125.0,4,True,2026-09-14,104.75,97.3499984741211
2026-09-14,2026-09-20T03:19:32.036721+00:00,SKWD,NASDAQ,56.310001373291016,,,,,,,False,2026-09-14,58.59000015258789,55.15999984741211
2026-09-14,2026-09-20T03:19:32.036782+00:00,SKYW,NASDAQ,96.375,,,,,,,False,2026-09-14,98.79000091552734,94.83999633789062
2026-09-14,2026-09-20T03:19:32.036844+00:00,SLGN,NYSE,37.189998626708984,,,,,,,False,2026-09-14,39.779998779296875,37.18000030517578
2026-09-14,2026-09-20T03:19:32.036927+00:00,SLM,NASDAQ,25.100000381469727,,,,,,,False,2026-09-14,26.510000228881836,24.8700008392334
2026-09-14,2026-09-20T03:19:32.036994+00:00,SMBK,NYSE,51.689998626708984,,,,,,,False,2026-09-14,52.7599983215332,50.83000183105469
2026-09-14,2026-09-20T03:19:32.037057+00:00,SOFI,NASDAQ,16.959999084472656,,,,,,,False,2026-09-14,17.75,16.530000686645508
2026-09-14,2026-09-20T03:19:32.037118+00:00,SONO,NASDAQ,15.529999732971191,,,,,,,False,2026-09-14,16.280000686645508,15.09000015258789
2026-09-14,2026-09-20T03:19:32.037224+00:00,SONY,NYSE,23.459999084472656,75.2,ブレイク接近,-22.1,0.75,111.9,14,True,2026-09-14,24.670000076293945,23.200000762939453
2026-09-14,2026-09-20T03:19:32.037249+00:00,SOPH,NASDAQ,8.1899995803833,,,,,,,False,2026-09-14,8.699999809265137,7.755000114440918
2026-09-14,2026-09-20T03:19:32.037311+00:00,SPB,NYSE,86.16999816894531,,,,,,,False,2026-09-14,87.80000305175781,84.0199966430664
2026-09-14,2026-09-20T03:19:32.037374+00:00,SPFI,NASDAQ,43.880001068115234,,,,,,,False,2026-09-14,44.97999954223633,43.1349983215332
2026-09-14,2026-09-20T03:19:32.037435+00:00,SPGI,NYSE,405.32000732421875,,,,,,,False,2026-09-14,423.32000732421875,400.8299865722656
2026-09-14,2026-09-20T03:19:32.037497+00:00,SPOK,NASDAQ,10.390000343322754,,,,,,,False,2026-09-14,10.920000076293945,10.239999771118164
2026-09-14,2026-09-20T03:19:32.037558+00:00,SSB,NYSE,103.44000244140625,,,,,,,False,2026-09-14,107.25,102.0
2026-09-14,2026-09-20T03:19:32.037666+00:00,SSNC,NASDAQ,79.93000030517578,81.2,ブレイク接近,-9.8,0.89,140.0,13,True,2026-09-14,82.05999755859375,78.9000015258789
2026-09-14,2026-09-20T03:19:32.037690+00:00,STE,NYSE,205.0399932861328,,,,,,,False,2026-09-14,216.6699981689453,205.0
2026-09-14,2026-09-20T03:19:32.037797+00:00,STRA,NASDAQ,79.83999633789062,69.0,右肩上がり確認,-5.2,1.18,74.1,9,True,2026-09-14,85.13999938964844,76.95999908447266
2026-09-14,2026-09-20T03:19:32.037821+00:00,SYBT,NASDAQ,79.37000274658203,,,,,,,False,2026-09-14,82.79000091552734,78.125
2026-09-14,2026-09-20T03:19:32.037900+00:00,SYF,NYSE,75.04000091552734,,,,,,,False,2026-09-14,76.7249984741211,73.62999725341797
2026-09-14,2026-09-20T03:19:32.037970+00:00,SYK,NYSE,275.1199951171875,,,,,,,False,2026-09-14,290.510009765625,274.3699951171875
2026-09-14,2026-09-20T03:19:32.038079+00:00,TAK,NYSE,18.90999984741211,83.8,ブレイク接近,0.0,0.67,105.1,12,True,2026-09-14,19.100000381469727,18.540000915527344
2026-09-14,2026-09-20T03:19:32.038103+00:00,TAP,NYSE,37.529998779296875,,,,,,,False,2026-09-14,39.72999954223633,37.310001373291016
2026-09-14,2026-09-20T03:19:32.038211+00:00,TARS,NASDAQ,78.08999633789062,89.4,ブレイク接近,-14.0,0.83,114.8,11,True,2026-09-14,80.23500061035156,77.08000183105469
2026-09-14,2026-09-20T03:19:32.038235+00:00,TAYD,NASDAQ,60.08000183105469,,,,,,,False,2026-09-14,61.33000183105469,58.77000045776367
2026-09-14,2026-09-20T03:19:32.038298+00:00,TBBK,NASDAQ,50.22999954223633,,,,,,,False,2026-09-14,51.310001373291016,49.599998474121094
2026-09-14,2026-09-20T03:19:32.038361+00:00,TCBK,NASDAQ,53.61000061035156,,,,,,,False,2026-09-14,54.06999969482422,52.5
2026-09-14,2026-09-20T03:19:32.038423+00:00,TCBX,NYSE,44.369998931884766,,,,,,,False,2026-09-14,45.58000183105469,43.18000030517578
2026-09-14,2026-09-20T03:19:32.038486+00:00,TDY,NYSE,603.4600219726562,,,,,,,False,2026-09-14,608.8200073242188,590.4199829101562
2026-09-14,2026-09-20T03:19:32.038548+00:00,TEL,NYSE,205.4199981689453,,,,,,,False,2026-09-14,211.77999877929688,200.42999267578125
2026-09-14,2026-09-20T03:19:32.038610+00:00,TEM,NASDAQ,77.83999633789062,,,,,,,False,2026-09-14,81.83000183105469,57.720001220703125
2026-09-14,2026-09-20T03:19:32.038671+00:00,TFC,NYSE,48.560001373291016,,,,,,,False,2026-09-14,51.33000183105469,47.63999938964844
2026-09-14,2026-09-20T03:19:32.038732+00:00,TFPM,NYSE,33.13999938964844,,,,,,,False,2026-09-14,33.2400016784668,31.389999389648438
2026-09-14,2026-09-20T03:19:32.038794+00:00,THC,NYSE,261.989990234375,,,,,,,False,2026-09-14,270.25,256.7099914550781
2026-09-14,2026-09-20T03:19:32.038921+00:00,TKO,NYSE,189.25999450683594,61.7,底固め中,-14.4,1.02,22.7,20,True,2026-09-14,197.80999755859375,185.47999572753906
2026-09-14,2026-09-20T03:19:32.038948+00:00,TMO,NYSE,651.4500122070312,,,,,,,False,2026-09-14,663.5700073242188,605.6500244140625
2026-09-14,2026-09-20T03:19:32.039014+00:00,TOL,NYSE,133.05999755859375,,,,,,,False,2026-09-14,136.99000549316406,131.39999389648438
2026-09-14,2026-09-20T03:19:32.039079+00:00,TOWN,NASDAQ,37.08000183105469,,,,,,,False,2026-09-14,37.66999816894531,36.47999954223633
2026-09-14,2026-09-20T03:19:32.039142+00:00,TPC,NYSE,85.0,,,,,,,False,2026-09-14,88.01000213623047,84.08999633789062
2026-09-14,2026-09-20T03:19:32.039204+00:00,TPG,NASDAQ,46.470001220703125,,,,,,,False,2026-09-14,48.27000045776367,45.5
2026-09-14,2026-09-20T03:19:32.039310+00:00,TRI,NASDAQ,94.38999938964844,63.8,底固め中,-39.5,0.82,54.1,5,True,2026-09-14,106.12999725341797,93.80999755859375
2026-09-14,2026-09-20T03:19:32.039334+00:00,TRIN,NYSE,17.6299991607666,,,,,,,False,2026-09-14,18.2450008392334,17.489999771118164
2026-09-14,2026-09-20T03:19:32.039396+00:00,TRNO,NYSE,65.75,,,,,,,False,2026-09-14,66.55999755859375,64.2699966430664
2026-09-14,2026-09-20T03:19:32.039457+00:00,TRU,NYSE,72.43000030517578,,,,,,,False,2026-09-14,80.06999969482422,71.73999786376953
2026-09-14,2026-09-20T03:19:32.039519+00:00,TRUP,NASDAQ,25.06999969482422,,,,,,,False,2026-09-14,26.979999542236328,25.010000228881836
2026-09-14,2026-09-20T03:19:32.039579+00:00,TSLX,NYSE,17.899999618530273,,,,,,,False,2026-09-14,18.469999313354492,17.739999771118164
2026-09-14,2026-09-20T03:19:32.039640+00:00,TTC,NYSE,93.48999786376953,,,,,,,False,2026-09-14,94.4000015258789,91.1050033569336
2026-09-14,2026-09-20T03:19:32.039701+00:00,TTEK,NASDAQ,35.685001373291016,,,,,,,False,2026-09-14,37.27000045776367,35.52000045776367
2026-09-14,2026-09-20T03:19:32.039763+00:00,TWI,NYSE,7.0,,,,,,,False,2026-09-14,7.340000152587891,6.940000057220459
2026-09-14,2026-09-20T03:19:32.039825+00:00,TWIN,NASDAQ,24.8799991607666,,,,,,,False,2026-09-14,25.309999465942383,23.559999465942383
2026-09-14,2026-09-20T03:19:32.039954+00:00,TXO,NYSE,14.579999923706055,65.0,ブレイク接近,-5.6,1.03,239.7,8,True,2026-09-14,15.579000473022461,14.520000457763672
2026-09-14,2026-09-20T03:19:32.040027+00:00,TYL,NYSE,337.5,75.0,右肩上がり確認,-36.3,1.37,61.2,4,True,2026-09-14,362.0,333.8500061035156
2026-09-14,2026-09-20T03:19:32.040051+00:00,UBSI,NASDAQ,47.11000061035156,,,,,,,False,2026-09-14,48.25,46.38999938964844
2026-09-14,2026-09-20T03:19:32.040113+00:00,UCB,NYSE,34.689998626708984,,,,,,,False,2026-09-14,35.689998626708984,34.18000030517578
2026-09-14,2026-09-20T03:19:32.040177+00:00,UGI,NYSE,37.65999984741211,,,,,,,False,2026-09-14,38.599998474121094,37.209999084472656
2026-09-14,2026-09-20T03:19:32.040239+00:00,UL,NYSE,61.81999969482422,,,,,,,False,2026-09-14,63.86000061035156,61.540000915527344
2026-09-14,2026-09-20T03:19:32.040300+00:00,ULTA,NASDAQ,540.97998046875,,,,,,,False,2026-09-14,555.5900268554688,529.010009765625
2026-09-14,2026-09-20T03:19:32.040362+00:00,UMH,NYSE,15.6899995803833,,,,,,,False,2026-09-14,15.90999984741211,15.479999542236328
2026-09-14,2026-09-20T03:19:32.040423+00:00,UNP,NYSE,279.3699951171875,,,,,,,False,2026-09-14,288.4700012207031,278.70001220703125
2026-09-14,2026-09-20T03:19:32.040486+00:00,UNTY,NASDAQ,58.189998626708984,,,,,,,False,2026-09-14,60.70000076293945,57.88999938964844
2026-09-14,2026-09-20T03:19:32.040547+00:00,UPBD,NASDAQ,17.1299991607666,,,,,,,False,2026-09-14,18.479999542236328,17.079999923706055
2026-09-14,2026-09-20T03:19:32.040609+00:00,URBN,NASDAQ,75.01000213623047,,,,,,,False,2026-09-14,78.2699966430664,74.93499755859375
2026-09-14,2026-09-20T03:19:32.040671+00:00,USB,NYSE,60.060001373291016,,,,,,,False,2026-09-14,63.209999084472656,58.810001373291016
2026-09-14,2026-09-20T03:19:32.040733+00:00,USCB,NASDAQ,23.1299991607666,,,,,,,False,2026-09-14,23.65999984741211,22.559999465942383
2026-09-14,2026-09-20T03:19:32.040794+00:00,USFD,NYSE,93.41999816894531,,,,,,,False,2026-09-14,96.59300231933594,90.19000244140625
2026-09-14,2026-09-20T03:19:32.040855+00:00,USPH,NYSE,82.47000122070312,,,,,,,False,2026-09-14,84.48999786376953,76.41999816894531
2026-09-14,2026-09-20T03:19:32.040940+00:00,UTZ,NYSE,14.239999771118164,,,,,,,False,2026-09-14,14.329999923706055,14.225000381469727
2026-09-14,2026-09-20T03:19:32.041004+00:00,V,NYSE,368.2900085449219,,,,,,,False,2026-09-14,377.1700134277344,366.92999267578125
2026-09-14,2026-09-20T03:19:32.041066+00:00,VEEV,NYSE,260.2099914550781,,,,,,,False,2026-09-14,272.3900146484375,258.010009765625
2026-09-14,2026-09-20T03:19:32.041127+00:00,VEON,NASDAQ,68.62999725341797,,,,,,,False,2026-09-14,71.0999984741211,67.22000122070312
2026-09-14,2026-09-20T03:19:32.041189+00:00,VLTO,NYSE,94.48999786376953,,,,,,,False,2026-09-14,97.11000061035156,94.19000244140625
2026-09-14,2026-09-20T03:19:32.041296+00:00,VNT,NYSE,31.360000610351562,61.5,底固め中,-26.7,0.86,26.3,10,True,2026-09-14,32.790000915527344,31.200000762939453
2026-09-14,2026-09-20T03:19:32.041320+00:00,VOD,NASDAQ,16.950000762939453,,,,,,,False,2026-09-14,17.709999084472656,16.670000076293945
2026-09-14,2026-09-20T03:19:32.041382+00:00,VREX,NASDAQ,18.489999771118164,,,,,,,False,2026-09-14,18.540000915527344,18.450000762939453
2026-09-14,2026-09-20T03:19:32.041445+00:00,VRSK,NASDAQ,175.41000366210938,,,,,,,False,2026-09-14,187.47000122070312,173.69000244140625
2026-09-14,2026-09-20T03:19:32.041506+00:00,VRTX,NASDAQ,508.3399963378906,,,,,,,False,2026-09-14,525.2899780273438,505.010009765625
2026-09-14,2026-09-20T03:19:32.041569+00:00,VSEC,NASDAQ,174.8300018310547,,,,,,,False,2026-09-14,189.6699981689453,172.6699981689453
2026-09-14,2026-09-20T03:19:32.041631+00:00,VYX,NYSE,6.739999771118164,,,,,,,False,2026-09-14,8.800000190734863,6.710000038146973
2026-09-14,2026-09-20T03:19:32.041693+00:00,VZ,NYSE,48.09000015258789,,,,,,,False,2026-09-14,51.66999816894531,47.20000076293945
2026-09-14,2026-09-20T03:19:32.041755+00:00,VZLA,NYSE American,4.079999923706055,,,,,,,False,2026-09-14,4.110000133514404,3.5899999141693115
2026-09-14,2026-09-20T03:19:32.041817+00:00,WASH,NASDAQ,39.310001373291016,,,,,,,False,2026-09-14,40.41999816894531,38.540000915527344
2026-09-14,2026-09-20T03:19:32.041946+00:00,WBD,NASDAQ,27.799999237060547,72.2,右肩上がり確認,-7.3,0.9,84.6,23,True,2026-09-14,28.450000762939453,27.739999771118164
2026-09-14,2026-09-20T03:19:32.041972+00:00,WCN,NYSE,155.3300018310547,,,,,,,False,2026-09-14,163.05999755859375,154.63999938964844
2026-09-14,2026-09-20T03:19:32.042034+00:00,WFC,NYSE,86.12000274658203,,,,,,,False,2026-09-14,91.98999786376953,85.79000091552734
2026-09-14,2026-09-20T03:19:32.042096+00:00,WFG,NYSE,71.47000122070312,,,,,,,False,2026-09-14,73.62999725341797,68.9000015258789
2026-09-14,2026-09-20T03:19:32.042158+00:00,WHD,NYSE,66.68000030517578,,,,,,,False,2026-09-14,70.30999755859375,66.04499816894531
2026-09-14,2026-09-20T03:19:32.042264+00:00,WK,NYSE,73.18000030517578,82.8,ブレイク接近,-20.9,1.08,147.2,7,True,2026-09-14,76.44999694824219,71.41000366210938
2026-09-14,2026-09-20T03:19:32.042288+00:00,WMS,NYSE,126.05000305175781,,,,,,,False,2026-09-14,131.09500122070312,124.75
2026-09-14,2026-09-20T03:19:32.042349+00:00,WPP,NYSE,25.420000076293945,,,,,,,False,2026-09-14,26.209999084472656,25.15999984741211
2026-09-14,2026-09-20T03:19:32.042419+00:00,WSBC,NASDAQ,39.369998931884766,,,,,,,False,2026-09-14,40.77000045776367,38.650001525878906
2026-09-14,2026-09-20T03:19:32.042482+00:00,WSM,NYSE,224.1999969482422,,,,,,,False,2026-09-14,229.91000366210938,216.67999267578125
2026-09-14,2026-09-20T03:19:32.042543+00:00,WTBA,NASDAQ,29.270000457763672,,,,,,,False,2026-09-14,29.920000076293945,29.040000915527344
2026-09-14,2026-09-20T03:19:32.042648+00:00,WTRG,NYSE,41.040000915527344,75.6,ブレイク接近,-1.6,1.33,103.2,16,True,2026-09-14,41.77000045776367,40.81999969482422
2026-09-14,2026-09-20T03:19:32.042672+00:00,WTW,NASDAQ,309.9800109863281,,,,,,,False,2026-09-14,326.3800048828125,307.0299987792969
2026-09-14,2026-09-20T03:19:32.042734+00:00,WWW,NYSE,18.93000030517578,,,,,,,False,2026-09-14,20.030000686645508,18.889999389648438
2026-09-14,2026-09-20T03:19:32.042795+00:00,WY,NYSE,21.219999313354492,,,,,,,False,2026-09-14,22.440000534057617,21.19499969482422
2026-09-14,2026-09-20T03:19:32.042856+00:00,XNCR,NASDAQ,24.719999313354492,,,,,,,False,2026-09-14,25.023000717163086,23.360000610351562
2026-09-14,2026-09-20T03:19:32.042967+00:00,YMM,NYSE,8.130000114440918,,,,,,,False,2026-09-14,8.199999809265137,8.010000228881836
2026-09-14,2026-09-20T03:19:32.043081+00:00,YORW,NASDAQ,32.689998626708984,69.4,ブレイク接近,-4.2,1.0,101.4,17,True,2026-09-14,33.54999923706055,32.220001220703125
2026-09-14,2026-09-20T03:19:32.043106+00:00,ZBH,NYSE,95.36000061035156,,,,,,,False,2026-09-14,99.18000030517578,93.71499633789062
2026-09-14,2026-09-20T03:19:32.043168+00:00,ZBIO,NASDAQ,31.5,,,,,,,False,2026-09-14,33.47999954223633,30.270000457763672
2026-09-14,2026-09-20T03:19:32.043231+00:00,ZBRA,NASDAQ,346.6300048828125,,,,,,,False,2026-09-14,355.54998779296875,338.6700134277344
2026-09-14,2026-09-20T03:19:32.043337+00:00,ZIM,NYSE,30.100000381469727,71.5,ブレイク接近,0.0,0.96,150.3,8,True,2026-09-14,30.3799991607666,29.201000213623047
2026-09-14,2026-09-20T03:19:32.043361+00:00,ZWS,NYSE,46.06999969482422,,,,,,,False,2026-09-14,46.90999984741211,45.42499923706055
